Waitlist_ID,Patient_Group,Specialty,Date_Added,Requested_By_Date,Preferred_Time,Travel_Category,Notification_Opt_In,Offered_Slot_Date,Offer_Accepted,Days_Waiting,Current_Lead_Time_Estimate,Days_To_Requested_By,Spec_Open_Slots,Dominant_Open_Block,Slots_Per_Waiting_Patient,Score_Specialty,Score_Urgency,Score_Time_Match,Score_Notification,Score_Reschedule_Ready,Waitlist_Match_Score,Match_Priority
WL-00001,Group B,Cardiology,2026-05-13,2026-07-12,Afternoon,15 to 40 miles,Yes,2026-05-26,No,44,24,16.0,89,Morning,0.309,26,16,6,10,5,63,Moderate
WL-00002,Group B,Cardiology,2026-04-18,2026-04-25,No preference,Over 40 miles,Yes,2026-04-24,No,69,24,-62.0,89,Morning,0.309,26,25,20,10,5,86,Critical
WL-00003,Group D,Orthopedics,2026-06-02,,Morning,Over 40 miles,No,,No,24,19,,74,Morning,0.247,17,8,20,0,0,45,Low
WL-00004,Group D,Pulmonology,2026-04-29,2026-05-13,No preference,Under 15 miles,Yes,,No,58,26,-44.0,105,Morning,0.351,35,25,20,10,5,95,Critical
WL-00005,Group B,Neurology,2026-04-21,2026-05-12,Afternoon,Under 15 miles,Yes,,No,66,41,-45.0,74,Morning,0.256,17,25,6,10,5,63,Moderate
WL-00006,Group C,Endocrinology,2026-06-19,2026-07-10,Morning,Under 15 miles,Yes,2026-07-09,Yes,7,38,14.0,77,Morning,0.267,17,16,20,10,10,73,High
WL-00007,Group C,Neurology,2026-05-24,2026-06-07,No preference,15 to 40 miles,Yes,,No,33,41,-19.0,74,Morning,0.256,17,25,20,10,0,72,High
WL-00008,Group B,Pulmonology,2026-06-18,2026-07-02,Afternoon,Over 40 miles,Yes,,No,8,26,6.0,105,Morning,0.351,35,22,6,10,0,73,High
WL-00009,Group A,Orthopedics,2026-04-04,2026-04-11,Afternoon,Over 40 miles,No,2026-04-30,No,83,19,-76.0,74,Morning,0.247,17,25,6,0,5,53,Moderate
WL-00010,Group D,Cardiology,2026-06-10,2026-08-09,Afternoon,15 to 40 miles,Yes,,No,16,24,44.0,89,Morning,0.309,26,9,6,10,0,51,Moderate
WL-00011,Group B,Neurology,2026-05-23,2026-06-22,Morning,15 to 40 miles,No,,No,34,41,-4.0,74,Morning,0.256,17,25,20,0,0,62,Moderate
WL-00012,Group D,Cardiology,2026-06-16,2026-07-31,Afternoon,15 to 40 miles,No,2026-07-03,No,10,24,35.0,89,Morning,0.309,26,9,6,0,5,46,Low
WL-00013,Group C,Orthopedics,2026-03-30,2026-04-29,Morning,Over 40 miles,Yes,2026-04-18,No,88,19,-58.0,74,Morning,0.247,17,25,20,10,5,77,High
WL-00014,Group A,Cardiology,2026-06-18,2026-06-25,Afternoon,Under 15 miles,Yes,,No,8,24,-1.0,89,Morning,0.309,26,25,6,10,5,72,High
WL-00015,Group A,Orthopedics,2026-05-16,2026-07-15,Afternoon,Over 40 miles,Yes,,No,41,19,19.0,74,Morning,0.247,17,16,6,10,0,49,Low
WL-00016,Group D,Neurology,2026-06-02,2026-07-02,Afternoon,15 to 40 miles,Yes,,No,24,41,6.0,74,Morning,0.256,17,22,6,10,0,55,Moderate
WL-00017,Group B,Cardiology,2026-05-14,2026-06-28,Afternoon,Under 15 miles,Yes,2026-06-09,No,43,24,2.0,89,Morning,0.309,26,22,6,10,10,74,High
WL-00018,Group C,Orthopedics,2026-03-22,2026-04-21,Afternoon,Under 15 miles,Yes,,No,96,19,-66.0,74,Morning,0.247,17,25,6,10,5,63,Moderate
WL-00019,Group A,Pulmonology,2026-06-14,2026-06-28,No preference,Under 15 miles,Yes,,No,12,26,2.0,105,Morning,0.351,35,22,20,10,5,92,Critical
WL-00020,Group D,Neurology,2026-05-08,2026-06-22,Morning,Under 15 miles,Yes,,No,49,41,-4.0,74,Morning,0.256,17,25,20,10,5,77,High
WL-00021,Group A,Neurology,2026-06-09,2026-06-30,Morning,15 to 40 miles,Yes,,No,17,41,4.0,74,Morning,0.256,17,22,20,10,0,69,High
WL-00022,Group C,Neurology,2026-05-13,2026-06-12,Afternoon,Under 15 miles,Yes,2026-05-29,Yes,44,41,-14.0,74,Morning,0.256,17,25,6,10,10,68,High
WL-00023,Group A,Pulmonology,2026-06-14,2026-08-13,Afternoon,Under 15 miles,No,,No,12,26,48.0,105,Morning,0.351,35,4,6,0,5,50,Moderate
WL-00024,Group D,Neurology,2026-05-02,2026-05-23,Afternoon,Under 15 miles,No,2026-05-04,Yes,55,41,-34.0,74,Morning,0.256,17,25,6,0,10,58,Moderate
WL-00025,Group A,Endocrinology,2026-05-04,2026-07-03,No preference,15 to 40 miles,Yes,,No,53,38,7.0,77,Morning,0.267,17,22,20,10,0,69,High
WL-00026,Group B,Orthopedics,2026-05-19,2026-06-02,Morning,15 to 40 miles,Yes,,No,38,19,-24.0,74,Morning,0.247,17,25,20,10,0,72,High
WL-00027,Group B,Pulmonology,2026-06-11,2026-09-09,Afternoon,Over 40 miles,No,,No,15,26,75.0,105,Morning,0.351,35,4,6,0,0,45,Low
WL-00028,Group A,Neurology,2026-03-28,2026-06-26,No preference,15 to 40 miles,No,2026-04-18,Yes,90,41,0.0,74,Morning,0.256,17,25,20,0,10,72,High
WL-00029,Group B,Pulmonology,2026-05-23,2026-06-06,Morning,15 to 40 miles,No,2026-05-31,Yes,34,26,-20.0,105,Morning,0.351,35,25,20,0,10,90,Critical
WL-00030,Group A,Gastroenterology,2026-05-21,2026-06-20,Morning,Over 40 miles,Yes,,No,36,29,-6.0,88,Morning,0.272,17,25,20,10,0,72,High
WL-00031,Group D,Gastroenterology,2026-05-12,2026-07-11,Afternoon,Under 15 miles,No,,No,45,29,15.0,88,Morning,0.272,17,16,6,0,5,44,Low
WL-00032,Group A,Pulmonology,2026-03-25,2026-04-24,Afternoon,Under 15 miles,Yes,,No,93,26,-63.0,105,Morning,0.351,35,25,6,10,5,81,Critical
WL-00033,Group A,Gastroenterology,2026-05-17,2026-07-16,Afternoon,Under 15 miles,No,,No,40,29,20.0,88,Morning,0.272,17,16,6,0,5,44,Low
WL-00034,Group C,Endocrinology,2026-05-23,2026-08-21,Afternoon,Over 40 miles,Yes,,No,34,38,56.0,77,Morning,0.267,17,4,6,10,0,37,Low
WL-00035,Group C,Orthopedics,2026-06-23,2026-07-07,Morning,Under 15 miles,Yes,2026-06-27,No,3,19,11.0,74,Morning,0.247,17,16,20,10,10,73,High
WL-00036,Group D,Gastroenterology,2026-06-11,2026-06-25,Morning,Over 40 miles,No,,No,15,29,-1.0,88,Morning,0.272,17,25,20,0,0,62,Moderate
WL-00037,Group C,Pulmonology,2026-05-15,2026-05-29,Afternoon,15 to 40 miles,No,,No,42,26,-28.0,105,Morning,0.351,35,25,6,0,0,66,High
WL-00038,Group C,Gastroenterology,2026-05-29,2026-06-19,Morning,15 to 40 miles,No,,No,28,29,-7.0,88,Morning,0.272,17,25,20,0,0,62,Moderate
WL-00039,Group D,Neurology,2026-06-21,2026-07-12,Morning,15 to 40 miles,Yes,2026-07-18,Yes,5,41,16.0,74,Morning,0.256,17,16,20,10,10,73,High
WL-00040,Group A,Endocrinology,2026-06-03,2026-06-17,Afternoon,Under 15 miles,Yes,2026-06-14,No,23,38,-9.0,77,Morning,0.267,17,25,6,10,10,68,High
WL-00041,Group C,Neurology,2026-06-18,2026-08-17,Afternoon,Over 40 miles,No,,No,8,41,52.0,74,Morning,0.256,17,4,6,0,0,27,Low
WL-00042,Group B,Gastroenterology,2026-05-11,2026-06-01,No preference,Over 40 miles,No,,No,46,29,-25.0,88,Morning,0.272,17,25,20,0,0,62,Moderate
WL-00043,Group C,Orthopedics,2026-05-03,2026-05-10,No preference,15 to 40 miles,Yes,,No,54,19,-47.0,74,Morning,0.247,17,25,20,10,0,72,High
WL-00044,Group D,Gastroenterology,2026-05-30,2026-08-28,No preference,15 to 40 miles,Yes,,No,27,29,63.0,88,Morning,0.272,17,4,20,10,0,51,Moderate
WL-00045,Group A,Endocrinology,2026-06-22,2026-08-06,Morning,Under 15 miles,No,,No,4,38,41.0,77,Morning,0.267,17,9,20,0,5,51,Moderate
WL-00046,Group A,Cardiology,2026-04-13,2026-05-13,Afternoon,15 to 40 miles,No,2026-04-26,Yes,74,24,-44.0,89,Morning,0.309,26,25,6,0,10,67,High
WL-00047,Group D,Pulmonology,2026-05-22,2026-06-21,Morning,Over 40 miles,Yes,,No,35,26,-5.0,105,Morning,0.351,35,25,20,10,0,90,Critical
WL-00048,Group A,Endocrinology,2026-05-24,2026-06-23,Morning,Under 15 miles,Yes,2026-06-09,No,33,38,-3.0,77,Morning,0.267,17,25,20,10,10,82,Critical
WL-00049,Group A,Cardiology,2026-05-17,2026-08-15,Morning,15 to 40 miles,Yes,,No,40,24,50.0,89,Morning,0.309,26,4,20,10,0,60,Moderate
WL-00050,Group A,Orthopedics,2026-05-27,2026-06-26,Afternoon,Under 15 miles,No,2026-06-03,No,30,19,0.0,74,Morning,0.247,17,25,6,0,10,58,Moderate
WL-00051,Group B,Neurology,2026-05-13,2026-06-12,Afternoon,15 to 40 miles,No,,No,44,41,-14.0,74,Morning,0.256,17,25,6,0,0,48,Low
WL-00052,Group C,Gastroenterology,2026-04-29,2026-05-06,No preference,Over 40 miles,Yes,,No,58,29,-51.0,88,Morning,0.272,17,25,20,10,0,72,High
WL-00053,Group A,Cardiology,2026-03-06,2026-04-20,Afternoon,Under 15 miles,No,,No,112,24,-67.0,89,Morning,0.309,26,25,6,0,5,62,Moderate
WL-00054,Group C,Pulmonology,2026-05-25,2026-07-24,Afternoon,15 to 40 miles,Yes,2026-06-23,Yes,32,26,28.0,105,Morning,0.351,35,9,6,10,10,70,High
WL-00055,Group D,Endocrinology,2026-04-05,,Morning,Under 15 miles,No,2026-04-12,No,82,38,,77,Morning,0.267,17,8,20,0,10,55,Moderate
WL-00056,Group A,Pulmonology,2026-05-12,2026-08-10,Morning,Under 15 miles,Yes,,No,45,26,45.0,105,Morning,0.351,35,9,20,10,5,79,High
WL-00057,Group C,Endocrinology,2026-03-07,2026-04-06,Morning,Over 40 miles,No,,No,111,38,-81.0,77,Morning,0.267,17,25,20,0,0,62,Moderate
WL-00058,Group C,Endocrinology,2026-04-11,2026-07-10,Afternoon,Over 40 miles,Yes,2026-04-21,No,76,38,14.0,77,Morning,0.267,17,16,6,10,5,54,Moderate
WL-00059,Group A,Pulmonology,2026-04-28,2026-05-19,Afternoon,15 to 40 miles,No,,No,59,26,-38.0,105,Morning,0.351,35,25,6,0,0,66,High
WL-00060,Group A,Pulmonology,2026-06-04,2026-07-04,Morning,Under 15 miles,Yes,,No,22,26,8.0,105,Morning,0.351,35,16,20,10,5,86,Critical
WL-00061,Group A,Orthopedics,2026-04-07,2026-04-14,No preference,Under 15 miles,No,,No,80,19,-73.0,74,Morning,0.247,17,25,20,0,5,67,High
WL-00062,Group D,Endocrinology,2026-05-03,2026-07-02,Afternoon,15 to 40 miles,No,2026-06-02,Yes,54,38,6.0,77,Morning,0.267,17,22,6,0,10,55,Moderate
WL-00063,Group D,Endocrinology,2026-04-09,2026-05-24,Afternoon,15 to 40 miles,Yes,,Unknown,78,38,-33.0,77,Morning,0.267,17,25,6,10,0,58,Moderate
WL-00064,Group C,Pulmonology,2026-05-15,2026-06-05,Morning,Under 15 miles,No,,No,42,26,-21.0,105,Morning,0.351,35,25,20,0,5,85,Critical
WL-00065,Group D,Gastroenterology,2026-05-17,2026-07-01,Morning,15 to 40 miles,Yes,,No,40,29,5.0,88,Morning,0.272,17,22,20,10,0,69,High
WL-00066,Group D,Gastroenterology,2026-06-02,2026-07-17,Morning,Under 15 miles,No,,No,24,29,21.0,88,Morning,0.272,17,16,20,0,5,58,Moderate
WL-00067,Group A,Neurology,2026-05-21,2026-07-20,Morning,Under 15 miles,Yes,2026-06-14,No,36,41,24.0,74,Morning,0.256,17,9,20,10,10,66,High
WL-00068,Group C,Neurology,2026-05-19,2026-07-18,No preference,Over 40 miles,Yes,2026-06-14,Yes,38,41,22.0,74,Morning,0.256,17,9,20,10,10,66,High
WL-00069,Group B,Orthopedics,2026-03-29,2026-04-12,Afternoon,Under 15 miles,Yes,,No,89,19,-75.0,74,Morning,0.247,17,25,6,10,5,63,Moderate
WL-00070,Group B,Pulmonology,2026-04-15,2026-07-14,Morning,Over 40 miles,No,,No,72,26,18.0,105,Morning,0.351,35,16,20,0,0,71,High
WL-00071,Group C,Cardiology,2026-05-03,2026-06-02,No preference,Under 15 miles,No,2026-06-02,Yes,54,24,-24.0,89,Morning,0.309,26,25,20,0,10,81,Critical
WL-00072,Group A,Pulmonology,2026-05-22,2026-07-21,Afternoon,Under 15 miles,No,,No,35,26,25.0,105,Morning,0.351,35,9,6,0,5,55,Moderate
WL-00073,Group C,Orthopedics,2026-06-09,2026-09-07,Morning,15 to 40 miles,Yes,,No,17,19,73.0,74,Morning,0.247,17,4,20,10,0,51,Moderate
WL-00074,Group B,Orthopedics,2026-04-21,2026-05-12,No preference,Over 40 miles,No,,No,66,19,-45.0,74,Morning,0.247,17,25,20,0,0,62,Moderate
WL-00075,Group B,Orthopedics,2026-05-06,2026-08-04,No preference,Under 15 miles,No,,No,51,19,39.0,74,Morning,0.247,17,9,20,0,5,51,Moderate
WL-00076,Group D,Endocrinology,2026-05-02,2026-07-31,Morning,15 to 40 miles,No,2026-05-05,No,55,38,35.0,77,Morning,0.267,17,9,20,0,5,51,Moderate
WL-00077,Group A,Endocrinology,2026-05-30,2026-07-29,Afternoon,Under 15 miles,Yes,2026-06-10,Yes,27,38,33.0,77,Morning,0.267,17,9,6,10,10,52,Moderate
WL-00078,Group A,Neurology,2026-05-28,2026-08-26,Afternoon,Under 15 miles,No,,No,29,41,61.0,74,Morning,0.256,17,4,6,0,5,32,Low
WL-00079,Group D,Endocrinology,2026-05-23,2026-07-22,Morning,Under 15 miles,No,,No,34,38,26.0,77,Morning,0.267,17,9,20,0,5,51,Moderate
WL-00080,Group A,Pulmonology,2026-06-20,2026-07-20,No preference,Over 40 miles,Yes,,No,6,26,24.0,105,Morning,0.351,35,9,20,10,0,74,High
WL-00081,Group A,Cardiology,2026-06-14,2026-06-21,Afternoon,15 to 40 miles,Yes,2026-07-06,No,12,24,-5.0,89,Morning,0.309,26,25,6,10,5,72,High
WL-00082,Group C,Endocrinology,2026-06-05,2026-06-26,Morning,15 to 40 miles,Yes,,No,21,38,0.0,77,Morning,0.267,17,25,20,10,0,72,High
WL-00083,Group B,Orthopedics,2026-05-04,2026-08-02,No preference,15 to 40 miles,Yes,,No,53,19,37.0,74,Morning,0.247,17,9,20,10,0,56,Moderate
WL-00084,Group B,Cardiology,2026-06-06,2026-07-21,Afternoon,Under 15 miles,Yes,,No,20,24,25.0,89,Morning,0.309,26,9,6,10,5,56,Moderate
WL-00085,Group A,Endocrinology,2026-05-07,2026-05-28,No preference,15 to 40 miles,No,,No,50,38,-29.0,77,Morning,0.267,17,25,20,0,0,62,Moderate
WL-00086,Group B,Neurology,2026-06-24,2026-07-01,Afternoon,15 to 40 miles,No,2026-07-10,Yes,2,41,5.0,74,Morning,0.256,17,22,6,0,10,55,Moderate
WL-00087,Group A,Orthopedics,2026-04-14,2026-04-28,Afternoon,Under 15 miles,Yes,2026-04-27,No,73,19,-59.0,74,Morning,0.247,17,25,6,10,10,68,High
WL-00088,Group C,Neurology,2026-06-04,2026-09-02,Afternoon,Under 15 miles,No,,No,22,41,68.0,74,Morning,0.256,17,4,6,0,5,32,Low
WL-00089,Group C,Endocrinology,2026-01-14,2026-02-13,Morning,15 to 40 miles,Yes,,No,163,38,-133.0,77,Morning,0.267,17,25,20,10,0,72,High
WL-00090,Group B,Orthopedics,2026-05-13,2026-06-27,Afternoon,Over 40 miles,Yes,2026-05-24,Yes,44,19,1.0,74,Morning,0.247,17,22,6,10,10,65,High
WL-00091,Group A,Cardiology,2026-05-27,2026-07-11,Afternoon,15 to 40 miles,Yes,,No,30,24,15.0,89,Morning,0.309,26,16,6,10,0,58,Moderate
WL-00092,Group C,Pulmonology,2026-06-07,2026-06-14,Afternoon,Under 15 miles,Yes,,No,19,26,-12.0,105,Morning,0.351,35,25,6,10,5,81,Critical
WL-00093,Group B,Neurology,2026-04-28,2026-05-19,Morning,Under 15 miles,No,,No,59,41,-38.0,74,Morning,0.256,17,25,20,0,5,67,High
WL-00094,Group A,Cardiology,2026-04-20,2026-07-19,No preference,Under 15 miles,Yes,,No,67,24,23.0,89,Morning,0.309,26,9,20,10,5,70,High
WL-00095,Group B,Pulmonology,2026-05-30,2026-06-29,No preference,Under 15 miles,Yes,,No,27,26,3.0,105,Morning,0.351,35,22,20,10,5,92,Critical
WL-00096,Group B,Pulmonology,2026-05-23,2026-06-06,Morning,Under 15 miles,Yes,2026-06-15,Yes,34,26,-20.0,105,Morning,0.351,35,25,20,10,10,100,Critical
WL-00097,Group C,Orthopedics,2026-06-08,2026-07-08,Morning,15 to 40 miles,No,,No,18,19,12.0,74,Morning,0.247,17,16,20,0,0,53,Moderate
WL-00098,Group B,Endocrinology,2026-04-11,,Morning,Under 15 miles,Yes,2026-05-05,Yes,76,38,,77,Morning,0.267,17,8,20,10,10,65,High
WL-00099,Group A,Endocrinology,2026-06-08,2026-07-23,Morning,Under 15 miles,Yes,2026-06-23,No,18,38,27.0,77,Morning,0.267,17,9,20,10,10,66,High
WL-00100,Group D,Neurology,2026-02-22,2026-04-23,Morning,Over 40 miles,No,2026-03-05,Yes,124,41,-64.0,74,Morning,0.256,17,25,20,0,10,72,High
WL-00101,Group A,Neurology,2026-06-15,2026-06-29,Morning,15 to 40 miles,Yes,,No,11,41,3.0,74,Morning,0.256,17,22,20,10,0,69,High
WL-00102,Group A,Orthopedics,2026-06-19,2026-08-03,No preference,15 to 40 miles,No,,No,7,19,38.0,74,Morning,0.247,17,9,20,0,0,46,Low
WL-00103,Group B,Neurology,2026-05-25,2026-06-24,Afternoon,15 to 40 miles,Yes,,No,32,41,-2.0,74,Morning,0.256,17,25,6,10,0,58,Moderate
WL-00104,Group D,Orthopedics,2026-04-29,2026-05-06,Morning,Over 40 miles,Yes,,No,58,19,-51.0,74,Morning,0.247,17,25,20,10,0,72,High
WL-00105,Group D,Pulmonology,2026-06-04,2026-06-11,Afternoon,Under 15 miles,Yes,2026-06-14,No,22,26,-15.0,105,Morning,0.351,35,25,6,10,10,86,Critical
WL-00106,Group C,Pulmonology,2026-03-06,2026-05-05,Morning,15 to 40 miles,Yes,2026-03-21,Yes,112,26,-52.0,105,Morning,0.351,35,25,20,10,10,100,Critical
WL-00107,Group C,Cardiology,2026-06-01,2026-07-31,No preference,15 to 40 miles,Yes,2026-06-15,Yes,25,24,35.0,89,Morning,0.309,26,9,20,10,10,75,High
WL-00108,Group A,Neurology,2026-06-12,2026-08-11,Morning,Under 15 miles,Yes,,No,14,41,46.0,74,Morning,0.256,17,4,20,10,5,56,Moderate
WL-00109,Group A,Endocrinology,2026-05-01,2026-07-30,Morning,Over 40 miles,Yes,,Unknown,56,38,34.0,77,Morning,0.267,17,9,20,10,0,56,Moderate
WL-00110,Group D,Pulmonology,2026-06-13,2026-07-04,Morning,15 to 40 miles,No,,No,13,26,8.0,105,Morning,0.351,35,16,20,0,0,71,High
WL-00111,Group D,Endocrinology,2026-06-10,2026-07-01,Afternoon,15 to 40 miles,Yes,,No,16,38,5.0,77,Morning,0.267,17,22,6,10,0,55,Moderate
WL-00112,Group B,Orthopedics,2026-04-30,2026-05-30,Morning,Over 40 miles,Yes,,No,57,19,-27.0,74,Morning,0.247,17,25,20,10,0,72,High
WL-00113,Group C,Endocrinology,2026-04-23,2026-06-22,No preference,Under 15 miles,No,2026-05-07,No,64,38,-4.0,77,Morning,0.267,17,25,20,0,10,72,High
WL-00114,Group A,Pulmonology,2026-05-07,2026-05-28,Morning,Under 15 miles,Yes,2026-05-11,No,50,26,-29.0,105,Morning,0.351,35,25,20,10,10,100,Critical
WL-00115,Group D,Endocrinology,2026-05-01,2026-06-30,Morning,Under 15 miles,Yes,,No,56,38,4.0,77,Morning,0.267,17,22,20,10,5,74,High
WL-00116,Group A,Cardiology,2026-05-09,2026-05-16,Morning,Under 15 miles,No,,No,48,24,-41.0,89,Morning,0.309,26,25,20,0,5,76,High
WL-00117,Group B,Pulmonology,2026-05-08,2026-05-15,Afternoon,Under 15 miles,Yes,,No,49,26,-42.0,105,Morning,0.351,35,25,6,10,5,81,Critical
WL-00118,Group C,Pulmonology,2026-05-13,2026-06-12,Afternoon,Under 15 miles,No,,No,44,26,-14.0,105,Morning,0.351,35,25,6,0,5,71,High
WL-00119,Group A,Neurology,2026-06-14,2026-08-13,Afternoon,Under 15 miles,No,2026-07-09,No,12,41,48.0,74,Morning,0.256,17,4,6,0,10,37,Low
WL-00120,Group B,Neurology,2026-03-27,2026-05-11,No preference,Over 40 miles,No,2026-04-04,Yes,91,41,-46.0,74,Morning,0.256,17,25,20,0,10,72,High
WL-00121,Group C,Orthopedics,2026-06-12,2026-06-26,Afternoon,Under 15 miles,Yes,2026-07-07,No,14,19,0.0,74,Morning,0.247,17,25,6,10,10,68,High
WL-00122,Group B,Orthopedics,2026-06-11,2026-07-26,Afternoon,Over 40 miles,Yes,2026-06-26,Yes,15,19,30.0,74,Morning,0.247,17,9,6,10,10,52,Moderate
WL-00123,Group C,Endocrinology,2026-06-09,2026-08-08,Morning,Under 15 miles,Yes,2026-06-18,No,17,38,43.0,77,Morning,0.267,17,9,20,10,10,66,High
WL-00124,Group C,Orthopedics,2026-05-16,2026-05-30,Morning,Under 15 miles,No,,No,41,19,-27.0,74,Morning,0.247,17,25,20,0,5,67,High
WL-00125,Group B,Endocrinology,2026-03-11,2026-03-25,Afternoon,Under 15 miles,No,,No,107,38,-93.0,77,Morning,0.267,17,25,6,0,5,53,Moderate
WL-00126,Group D,Neurology,2026-04-30,2026-05-21,Afternoon,15 to 40 miles,Yes,,No,57,41,-36.0,74,Morning,0.256,17,25,6,10,0,58,Moderate
WL-00127,Group B,Pulmonology,2026-04-30,2026-05-07,Morning,Under 15 miles,No,,No,57,26,-50.0,105,Morning,0.351,35,25,20,0,5,85,Critical
WL-00128,Group C,Neurology,2026-05-21,2026-06-20,Morning,Under 15 miles,No,,No,36,41,-6.0,74,Morning,0.256,17,25,20,0,5,67,High
WL-00129,Group D,Gastroenterology,2026-05-22,2026-05-29,Morning,Under 15 miles,No,2026-05-25,No,35,29,-28.0,88,Morning,0.272,17,25,20,0,10,72,High
WL-00130,Group A,Pulmonology,2026-06-09,2026-07-09,No preference,Under 15 miles,Yes,2026-06-11,No,17,26,13.0,105,Morning,0.351,35,16,20,10,10,91,Critical
WL-00131,Group A,Pulmonology,2026-06-10,2026-07-01,Morning,Over 40 miles,Yes,,No,16,26,5.0,105,Morning,0.351,35,22,20,10,0,87,Critical
WL-00132,Group C,Neurology,2026-05-26,2026-07-25,Afternoon,Over 40 miles,No,,No,31,41,29.0,74,Morning,0.256,17,9,6,0,0,32,Low
WL-00133,Group B,Gastroenterology,2026-04-28,2026-06-27,No preference,Under 15 miles,Yes,2026-05-24,No,59,29,1.0,88,Morning,0.272,17,22,20,10,10,79,High
WL-00134,Group D,Neurology,2026-05-12,2026-05-26,Morning,15 to 40 miles,No,,No,45,41,-31.0,74,Morning,0.256,17,25,20,0,0,62,Moderate
WL-00135,Group A,Orthopedics,2026-06-08,2026-07-08,Afternoon,Under 15 miles,No,,No,18,19,12.0,74,Morning,0.247,17,16,6,0,5,44,Low
WL-00136,Group A,Gastroenterology,2026-06-13,2026-07-13,No preference,15 to 40 miles,No,,No,13,29,17.0,88,Morning,0.272,17,16,20,0,0,53,Moderate
WL-00137,Group A,Cardiology,2026-05-14,2026-05-28,Afternoon,15 to 40 miles,No,,No,43,24,-29.0,89,Morning,0.309,26,25,6,0,0,57,Moderate
WL-00138,Group A,Neurology,2026-06-17,2026-07-01,Afternoon,15 to 40 miles,Yes,2026-06-19,Yes,9,41,5.0,74,Morning,0.256,17,22,6,10,10,65,High
WL-00139,Group C,Orthopedics,2026-04-14,2026-05-29,No preference,Under 15 miles,Yes,2026-05-01,No,73,19,-28.0,74,Morning,0.247,17,25,20,10,10,82,Critical
WL-00140,Group A,Gastroenterology,2026-05-04,2026-05-25,No preference,15 to 40 miles,No,2026-05-08,No,53,29,-32.0,88,Morning,0.272,17,25,20,0,5,67,High
WL-00141,Group C,Gastroenterology,2026-06-04,2026-07-04,Morning,Under 15 miles,Yes,,No,22,29,8.0,88,Morning,0.272,17,16,20,10,5,68,High
WL-00142,Group C,Neurology,2026-01-28,2026-02-27,No preference,15 to 40 miles,Yes,2026-02-07,Yes,149,41,-119.0,74,Morning,0.256,17,25,20,10,10,82,Critical
WL-00143,Group B,Cardiology,2026-05-03,2026-07-02,Morning,15 to 40 miles,Yes,2026-05-13,Yes,54,24,6.0,89,Morning,0.309,26,22,20,10,10,88,Critical
WL-00144,Group D,Pulmonology,2026-05-24,2026-07-08,Morning,Under 15 miles,Yes,2026-05-27,No,33,26,12.0,105,Morning,0.351,35,16,20,10,10,91,Critical
WL-00145,Group A,Cardiology,2026-04-16,2026-05-16,Morning,15 to 40 miles,No,,No,71,24,-41.0,89,Morning,0.309,26,25,20,0,0,71,High
WL-00146,Group A,Endocrinology,2026-05-12,2026-05-19,Afternoon,Under 15 miles,No,,No,45,38,-38.0,77,Morning,0.267,17,25,6,0,5,53,Moderate
WL-00147,Group A,Neurology,2026-06-22,2026-08-06,Morning,Under 15 miles,No,2026-07-20,Yes,4,41,41.0,74,Morning,0.256,17,9,20,0,10,56,Moderate
WL-00148,Group C,Orthopedics,2026-03-16,2026-04-15,Morning,Under 15 miles,No,,No,102,19,-72.0,74,Morning,0.247,17,25,20,0,5,67,High
WL-00149,Group D,Cardiology,2026-06-02,2026-08-01,No preference,15 to 40 miles,Yes,,No,24,24,36.0,89,Morning,0.309,26,9,20,10,0,65,High
WL-00150,Group C,Pulmonology,2026-05-07,2026-06-21,No preference,Under 15 miles,Yes,,No,50,26,-5.0,105,Morning,0.351,35,25,20,10,5,95,Critical
WL-00151,Group C,Gastroenterology,2026-05-16,2026-06-15,Morning,Under 15 miles,No,,No,41,29,-11.0,88,Morning,0.272,17,25,20,0,5,67,High
WL-00152,Group D,Orthopedics,2026-05-17,2026-06-07,Morning,Under 15 miles,No,,No,40,19,-19.0,74,Morning,0.247,17,25,20,0,5,67,High
WL-00153,Group C,Orthopedics,2026-06-20,2026-07-20,Morning,Over 40 miles,Yes,,No,6,19,24.0,74,Morning,0.247,17,9,20,10,0,56,Moderate
WL-00154,Group D,Neurology,2026-06-02,2026-06-16,No preference,Under 15 miles,Yes,2026-06-12,No,24,41,-10.0,74,Morning,0.256,17,25,20,10,10,82,Critical
WL-00155,Group C,Neurology,2026-05-29,2026-06-28,No preference,Over 40 miles,No,,No,28,41,2.0,74,Morning,0.256,17,22,20,0,0,59,Moderate
WL-00156,Group C,Endocrinology,2026-05-22,2026-08-20,Morning,15 to 40 miles,Yes,,No,35,38,55.0,77,Morning,0.267,17,4,20,10,0,51,Moderate
WL-00157,Group A,Pulmonology,2026-06-24,2026-07-15,No preference,15 to 40 miles,Yes,2026-07-12,Yes,2,26,19.0,105,Morning,0.351,35,16,20,10,10,91,Critical
WL-00158,Group C,Pulmonology,2026-05-05,2026-05-12,No preference,Over 40 miles,No,,No,52,26,-45.0,105,Morning,0.351,35,25,20,0,0,80,Critical
WL-00159,Group B,Pulmonology,2026-05-28,2026-08-26,Afternoon,Under 15 miles,No,,No,29,26,61.0,105,Morning,0.351,35,4,6,0,5,50,Moderate
WL-00160,Group B,Orthopedics,2026-05-09,2026-05-23,Morning,Under 15 miles,Yes,,No,48,19,-34.0,74,Morning,0.247,17,25,20,10,5,77,High
WL-00161,Group B,Cardiology,2026-05-24,2026-06-07,Afternoon,Under 15 miles,No,,No,33,24,-19.0,89,Morning,0.309,26,25,6,0,5,62,Moderate
WL-00162,Group A,Gastroenterology,2026-05-12,2026-05-26,Afternoon,Under 15 miles,Yes,2026-06-03,No,45,29,-31.0,88,Morning,0.272,17,25,6,10,10,68,High
WL-00163,Group C,Neurology,2026-05-26,2026-07-10,Morning,Under 15 miles,Yes,,No,31,41,14.0,74,Morning,0.256,17,16,20,10,5,68,High
WL-00164,Group C,Orthopedics,2026-04-27,2026-06-11,No preference,15 to 40 miles,Yes,,No,60,19,-15.0,74,Morning,0.247,17,25,20,10,0,72,High
WL-00165,Group D,Pulmonology,2026-04-12,2026-05-03,Morning,15 to 40 miles,Yes,,No,75,26,-54.0,105,Morning,0.351,35,25,20,10,0,90,Critical
WL-00166,Group D,Endocrinology,2026-04-26,2026-06-10,No preference,Under 15 miles,No,,No,61,38,-16.0,77,Morning,0.267,17,25,20,0,5,67,High
WL-00167,Group D,Neurology,2026-02-18,2026-03-04,Afternoon,Under 15 miles,Yes,,No,128,41,-114.0,74,Morning,0.256,17,25,6,10,5,63,Moderate
WL-00168,Group C,Neurology,2026-05-03,2026-07-02,No preference,Under 15 miles,Yes,,No,54,41,6.0,74,Morning,0.256,17,22,20,10,5,74,High
WL-00169,Group C,Gastroenterology,2026-04-25,2026-07-24,Afternoon,15 to 40 miles,Yes,2026-05-05,Yes,62,29,28.0,88,Morning,0.272,17,9,6,10,10,52,Moderate
WL-00170,Group A,Pulmonology,2026-04-11,2026-05-11,Afternoon,15 to 40 miles,No,2026-04-28,No,76,26,-46.0,105,Morning,0.351,35,25,6,0,5,71,High
WL-00171,Group A,Pulmonology,2026-05-14,2026-06-28,Morning,Under 15 miles,Yes,,No,43,26,2.0,105,Morning,0.351,35,22,20,10,5,92,Critical
WL-00172,Group A,Endocrinology,2026-03-27,2026-05-11,No preference,15 to 40 miles,No,,No,91,38,-46.0,77,Morning,0.267,17,25,20,0,0,62,Moderate
WL-00173,Group C,Pulmonology,2026-06-06,2026-06-20,Morning,Over 40 miles,No,,No,20,26,-6.0,105,Morning,0.351,35,25,20,0,0,80,Critical
WL-00174,Group D,Cardiology,2026-06-16,2026-07-31,Morning,Under 15 miles,Yes,,No,10,24,35.0,89,Morning,0.309,26,9,20,10,5,70,High
WL-00175,Group C,Gastroenterology,2026-06-14,2026-07-29,Morning,Over 40 miles,No,,No,12,29,33.0,88,Morning,0.272,17,9,20,0,0,46,Low
WL-00176,Group C,Cardiology,2026-05-29,2026-07-13,Morning,Over 40 miles,Yes,2026-06-14,Yes,28,24,17.0,89,Morning,0.309,26,16,20,10,10,82,Critical
WL-00177,Group C,Orthopedics,2026-03-10,2026-03-17,Morning,Under 15 miles,Yes,,No,108,19,-101.0,74,Morning,0.247,17,25,20,10,5,77,High
WL-00178,Group B,Gastroenterology,2026-05-15,2026-05-22,No preference,Under 15 miles,No,2026-05-24,No,42,29,-35.0,88,Morning,0.272,17,25,20,0,10,72,High
WL-00179,Group C,Gastroenterology,2026-06-08,2026-08-07,No preference,Over 40 miles,Yes,2026-07-01,Yes,18,29,42.0,88,Morning,0.272,17,9,20,10,10,66,High
WL-00180,Group A,Cardiology,2026-05-23,2026-07-07,Morning,Over 40 miles,No,,No,34,24,11.0,89,Morning,0.309,26,16,20,0,0,62,Moderate
WL-00181,Group A,Neurology,2026-05-18,2026-05-25,Morning,Over 40 miles,Yes,,No,39,41,-32.0,74,Morning,0.256,17,25,20,10,0,72,High
WL-00182,Group D,Gastroenterology,2026-03-24,2026-04-07,Afternoon,15 to 40 miles,Yes,,No,94,29,-80.0,88,Morning,0.272,17,25,6,10,0,58,Moderate
WL-00183,Group D,Gastroenterology,2026-05-22,2026-05-29,Morning,Over 40 miles,No,,No,35,29,-28.0,88,Morning,0.272,17,25,20,0,0,62,Moderate
WL-00184,Group B,Gastroenterology,2026-06-08,2026-09-06,Morning,Under 15 miles,No,2026-06-18,Yes,18,29,72.0,88,Morning,0.272,17,4,20,0,10,51,Moderate
WL-00185,Group A,Gastroenterology,2026-04-08,2026-06-07,Morning,15 to 40 miles,Yes,2026-04-16,Yes,79,29,-19.0,88,Morning,0.272,17,25,20,10,10,82,Critical
WL-00186,Group A,Neurology,2026-06-10,2026-08-09,Afternoon,Under 15 miles,Yes,,No,16,41,44.0,74,Morning,0.256,17,9,6,10,5,47,Low
WL-00187,Group D,Neurology,2026-06-04,2026-08-03,No preference,Under 15 miles,No,,No,22,41,38.0,74,Morning,0.256,17,9,20,0,5,51,Moderate
WL-00188,Group B,Neurology,2026-05-20,2026-07-19,Morning,Under 15 miles,Yes,2026-06-11,Yes,37,41,23.0,74,Morning,0.256,17,9,20,10,10,66,High
WL-00189,Group B,Orthopedics,2026-06-20,2026-06-27,Morning,15 to 40 miles,Yes,,No,6,19,1.0,74,Morning,0.247,17,22,20,10,0,69,High
WL-00190,Group C,Endocrinology,2026-02-10,2026-04-11,Afternoon,Under 15 miles,No,,No,136,38,-76.0,77,Morning,0.267,17,25,6,0,5,53,Moderate
WL-00191,Group D,Endocrinology,2026-05-26,2026-06-16,Afternoon,Under 15 miles,Yes,,No,31,38,-10.0,77,Morning,0.267,17,25,6,10,5,63,Moderate
WL-00192,Group C,Orthopedics,2026-06-06,,Morning,Over 40 miles,Yes,2026-06-15,Yes,20,19,,74,Morning,0.247,17,8,20,10,10,65,High
WL-00193,Group D,Cardiology,2026-05-19,2026-07-18,No preference,Over 40 miles,Yes,2026-06-03,No,38,24,22.0,89,Morning,0.309,26,9,20,10,5,70,High
WL-00194,Group B,Gastroenterology,2026-04-18,2026-05-09,Morning,Under 15 miles,No,2026-04-27,No,69,29,-48.0,88,Morning,0.272,17,25,20,0,10,72,High
WL-00195,Group B,Pulmonology,2026-03-14,,Morning,Under 15 miles,Yes,,No,104,26,,105,Morning,0.351,35,8,20,10,5,78,High
WL-00196,Group C,Orthopedics,2026-02-08,2026-02-15,No preference,Under 15 miles,Yes,2026-02-15,No,138,19,-131.0,74,Morning,0.247,17,25,20,10,10,82,Critical
WL-00197,Group B,Gastroenterology,2026-05-26,2026-06-09,No preference,Under 15 miles,Yes,,No,31,29,-17.0,88,Morning,0.272,17,25,20,10,5,77,High
WL-00198,Group B,Endocrinology,2026-05-31,,Afternoon,15 to 40 miles,Yes,,No,26,38,,77,Morning,0.267,17,8,6,10,0,41,Low
WL-00199,Group B,Gastroenterology,2026-06-01,2026-06-08,Morning,15 to 40 miles,Yes,2026-06-24,No,25,29,-18.0,88,Morning,0.272,17,25,20,10,5,77,High
WL-00200,Group C,Endocrinology,2026-05-02,2026-05-16,Afternoon,15 to 40 miles,No,,No,55,38,-41.0,77,Morning,0.267,17,25,6,0,0,48,Low
WL-00201,Group A,Neurology,2026-06-12,2026-07-27,Morning,15 to 40 miles,Yes,2026-06-27,Yes,14,41,31.0,74,Morning,0.256,17,9,20,10,10,66,High
WL-00202,Group C,Endocrinology,2026-06-22,2026-09-20,Morning,15 to 40 miles,No,2026-07-02,No,4,38,86.0,77,Morning,0.267,17,4,20,0,5,46,Low
WL-00203,Group D,Cardiology,2026-04-02,2026-05-17,Morning,Over 40 miles,Yes,,Unknown,85,24,-40.0,89,Morning,0.309,26,25,20,10,0,81,Critical
WL-00204,Group A,Pulmonology,2026-05-18,2026-06-01,No preference,Under 15 miles,Yes,,No,39,26,-25.0,105,Morning,0.351,35,25,20,10,5,95,Critical
WL-00205,Group A,Neurology,2026-05-24,2026-06-07,Afternoon,15 to 40 miles,No,2026-06-22,No,33,41,-19.0,74,Morning,0.256,17,25,6,0,5,53,Moderate
WL-00206,Group B,Pulmonology,2026-04-06,2026-05-21,No preference,Under 15 miles,Yes,,No,81,26,-36.0,105,Morning,0.351,35,25,20,10,5,95,Critical
WL-00207,Group D,Cardiology,2026-05-25,2026-07-24,Afternoon,Under 15 miles,Yes,,No,32,24,28.0,89,Morning,0.309,26,9,6,10,5,56,Moderate
WL-00208,Group C,Orthopedics,2026-06-10,2026-08-09,No preference,15 to 40 miles,Yes,,No,16,19,44.0,74,Morning,0.247,17,9,20,10,0,56,Moderate
WL-00209,Group B,Cardiology,2026-03-13,2026-04-12,Afternoon,Under 15 miles,Yes,,No,105,24,-75.0,89,Morning,0.309,26,25,6,10,5,72,High
WL-00210,Group B,Orthopedics,2026-03-29,2026-04-05,Morning,Over 40 miles,No,,No,89,19,-82.0,74,Morning,0.247,17,25,20,0,0,62,Moderate
WL-00211,Group C,Endocrinology,2026-03-16,2026-03-30,Morning,15 to 40 miles,Yes,,No,102,38,-88.0,77,Morning,0.267,17,25,20,10,0,72,High
WL-00212,Group A,Gastroenterology,2026-03-30,2026-04-06,Afternoon,Under 15 miles,No,,No,88,29,-81.0,88,Morning,0.272,17,25,6,0,5,53,Moderate
WL-00213,Group D,Pulmonology,2026-06-02,2026-08-01,Morning,Under 15 miles,Yes,,No,24,26,36.0,105,Morning,0.351,35,9,20,10,5,79,High
WL-00214,Group A,Neurology,2026-04-27,2026-07-26,No preference,Under 15 miles,Yes,,No,60,41,30.0,74,Morning,0.256,17,9,20,10,5,61,Moderate
WL-00215,Group C,Gastroenterology,2026-05-21,2026-06-20,Morning,Over 40 miles,No,2026-06-07,No,36,29,-6.0,88,Morning,0.272,17,25,20,0,5,67,High
WL-00216,Group B,Neurology,2026-06-07,2026-06-21,Morning,Over 40 miles,Yes,2026-07-05,Yes,19,41,-5.0,74,Morning,0.256,17,25,20,10,10,82,Critical
WL-00217,Group A,Endocrinology,2026-05-30,2026-06-06,Morning,Under 15 miles,Yes,,No,27,38,-20.0,77,Morning,0.267,17,25,20,10,5,77,High
WL-00218,Group B,Pulmonology,2026-06-01,2026-07-16,Afternoon,Under 15 miles,No,,No,25,26,20.0,105,Morning,0.351,35,16,6,0,5,62,Moderate
WL-00219,Group D,Cardiology,2026-06-04,2026-07-19,Morning,15 to 40 miles,Yes,2026-06-22,Yes,22,24,23.0,89,Morning,0.309,26,9,20,10,10,75,High
WL-00220,Group C,Endocrinology,2026-05-21,2026-07-20,No preference,Over 40 miles,Yes,,No,36,38,24.0,77,Morning,0.267,17,9,20,10,0,56,Moderate
WL-00221,Group A,Gastroenterology,2026-04-20,2026-06-04,Morning,15 to 40 miles,Yes,,No,67,29,-22.0,88,Morning,0.272,17,25,20,10,0,72,High
WL-00222,Group B,Cardiology,2026-04-02,2026-05-02,Afternoon,Under 15 miles,Yes,,No,85,24,-55.0,89,Morning,0.309,26,25,6,10,5,72,High
WL-00223,Group B,Pulmonology,2026-05-05,2026-08-03,No preference,Over 40 miles,Yes,,No,52,26,38.0,105,Morning,0.351,35,9,20,10,0,74,High
WL-00224,Group A,Endocrinology,2026-04-09,2026-04-16,Afternoon,Under 15 miles,Yes,,No,78,38,-71.0,77,Morning,0.267,17,25,6,10,5,63,Moderate
WL-00225,Group C,Orthopedics,2026-06-06,2026-06-13,Morning,Under 15 miles,No,2026-06-22,No,20,19,-13.0,74,Morning,0.247,17,25,20,0,10,72,High
WL-00226,Group D,Gastroenterology,2026-05-15,2026-07-14,Afternoon,Under 15 miles,Yes,,No,42,29,18.0,88,Morning,0.272,17,16,6,10,5,54,Moderate
WL-00227,Group A,Orthopedics,2026-05-25,2026-08-23,No preference,Under 15 miles,No,2026-05-26,No,32,19,58.0,74,Morning,0.247,17,4,20,0,10,51,Moderate
WL-00228,Group D,Pulmonology,2026-05-02,2026-05-23,Afternoon,Over 40 miles,Yes,2026-05-24,No,55,26,-34.0,105,Morning,0.351,35,25,6,10,5,81,Critical
WL-00229,Group B,Pulmonology,2026-03-29,2026-05-13,Morning,Under 15 miles,Yes,,No,89,26,-44.0,105,Morning,0.351,35,25,20,10,5,95,Critical
WL-00230,Group A,Neurology,2026-06-21,2026-06-28,No preference,Under 15 miles,Yes,2026-07-16,No,5,41,2.0,74,Morning,0.256,17,22,20,10,10,79,High
WL-00231,Group A,Endocrinology,2026-05-30,2026-06-29,No preference,Under 15 miles,Yes,,No,27,38,3.0,77,Morning,0.267,17,22,20,10,5,74,High
WL-00232,Group C,Orthopedics,2026-05-13,2026-07-12,Afternoon,Under 15 miles,No,,No,44,19,16.0,74,Morning,0.247,17,16,6,0,5,44,Low
WL-00233,Group A,Gastroenterology,2026-06-23,2026-09-21,Morning,Under 15 miles,Yes,2026-06-24,Yes,3,29,87.0,88,Morning,0.272,17,4,20,10,10,61,Moderate
WL-00234,Group B,Neurology,2026-05-14,2026-08-12,Afternoon,Under 15 miles,Yes,,No,43,41,47.0,74,Morning,0.256,17,4,6,10,5,42,Low
WL-00235,Group B,Endocrinology,2026-04-17,2026-05-08,No preference,Under 15 miles,Yes,2026-05-14,Yes,70,38,-49.0,77,Morning,0.267,17,25,20,10,10,82,Critical
WL-00236,Group C,Pulmonology,2026-03-23,2026-04-13,Morning,15 to 40 miles,No,2026-04-07,Yes,95,26,-74.0,105,Morning,0.351,35,25,20,0,10,90,Critical
WL-00237,Group A,Pulmonology,2026-06-16,2026-07-16,Morning,Under 15 miles,No,2026-06-17,No,10,26,20.0,105,Morning,0.351,35,16,20,0,10,81,Critical
WL-00238,Group A,Gastroenterology,2026-03-30,2026-06-28,No preference,Over 40 miles,Yes,2026-04-11,No,88,29,2.0,88,Morning,0.272,17,22,20,10,5,74,High
WL-00239,Group C,Orthopedics,2026-06-09,2026-07-24,Morning,15 to 40 miles,No,,No,17,19,28.0,74,Morning,0.247,17,9,20,0,0,46,Low
WL-00240,Group A,Cardiology,2026-05-20,2026-07-04,Afternoon,15 to 40 miles,No,,No,37,24,8.0,89,Morning,0.309,26,16,6,0,0,48,Low
WL-00241,Group D,Cardiology,2026-06-02,2026-07-17,Afternoon,Over 40 miles,Yes,,No,24,24,21.0,89,Morning,0.309,26,16,6,10,0,58,Moderate
WL-00242,Group A,Gastroenterology,2026-05-18,2026-07-02,Afternoon,Under 15 miles,Yes,,No,39,29,6.0,88,Morning,0.272,17,22,6,10,5,60,Moderate
WL-00243,Group C,Neurology,2026-05-10,2026-05-17,Morning,15 to 40 miles,Yes,,No,47,41,-40.0,74,Morning,0.256,17,25,20,10,0,72,High
WL-00244,Group A,Cardiology,2026-04-15,2026-04-22,No preference,Under 15 miles,No,,No,72,24,-65.0,89,Morning,0.309,26,25,20,0,5,76,High
WL-00245,Group C,Endocrinology,2026-06-22,2026-09-20,Morning,Under 15 miles,No,,No,4,38,86.0,77,Morning,0.267,17,4,20,0,5,46,Low
WL-00246,Group C,Gastroenterology,2026-03-22,2026-05-21,No preference,Over 40 miles,No,,No,96,29,-36.0,88,Morning,0.272,17,25,20,0,0,62,Moderate
WL-00247,Group B,Cardiology,2026-06-03,2026-07-03,No preference,15 to 40 miles,Yes,,No,23,24,7.0,89,Morning,0.309,26,22,20,10,0,78,High
WL-00248,Group B,Orthopedics,2026-06-01,2026-07-01,Afternoon,Under 15 miles,No,,No,25,19,5.0,74,Morning,0.247,17,22,6,0,5,50,Moderate
WL-00249,Group B,Endocrinology,2026-05-17,2026-05-31,Morning,15 to 40 miles,Yes,,No,40,38,-26.0,77,Morning,0.267,17,25,20,10,0,72,High
WL-00250,Group D,Neurology,2026-06-10,2026-08-09,Morning,Over 40 miles,No,2026-06-12,Yes,16,41,44.0,74,Morning,0.256,17,9,20,0,10,56,Moderate
WL-00251,Group D,Gastroenterology,2026-04-28,2026-06-12,Morning,Under 15 miles,Yes,2026-05-25,No,59,29,-14.0,88,Morning,0.272,17,25,20,10,10,82,Critical
WL-00252,Group D,Endocrinology,2026-04-03,2026-04-24,Morning,Under 15 miles,No,,No,84,38,-63.0,77,Morning,0.267,17,25,20,0,5,67,High
WL-00253,Group C,Cardiology,2026-06-19,2026-07-10,Afternoon,Under 15 miles,No,,No,7,24,14.0,89,Morning,0.309,26,16,6,0,5,53,Moderate
WL-00254,Group C,Pulmonology,2026-05-13,2026-08-11,Morning,Over 40 miles,Yes,,No,44,26,46.0,105,Morning,0.351,35,4,20,10,0,69,High
WL-00255,Group A,Neurology,2026-05-25,2026-06-24,Morning,15 to 40 miles,Yes,,No,32,41,-2.0,74,Morning,0.256,17,25,20,10,0,72,High
WL-00256,Group C,Pulmonology,2026-04-06,2026-07-05,Afternoon,Over 40 miles,Yes,2026-04-14,Yes,81,26,9.0,105,Morning,0.351,35,16,6,10,10,77,High
WL-00257,Group A,Orthopedics,2026-05-25,2026-06-08,No preference,15 to 40 miles,Yes,,No,32,19,-18.0,74,Morning,0.247,17,25,20,10,0,72,High
WL-00258,Group B,Orthopedics,2026-04-20,2026-06-04,No preference,Under 15 miles,No,,No,67,19,-22.0,74,Morning,0.247,17,25,20,0,5,67,High
WL-00259,Group D,Gastroenterology,2026-05-28,2026-07-12,Morning,Under 15 miles,Yes,,No,29,29,16.0,88,Morning,0.272,17,16,20,10,5,68,High
WL-00260,Group A,Gastroenterology,2026-04-27,2026-05-04,Morning,Under 15 miles,No,,No,60,29,-53.0,88,Morning,0.272,17,25,20,0,5,67,High
WL-00261,Group A,Cardiology,2026-04-29,2026-06-28,Morning,Under 15 miles,Yes,,No,58,24,2.0,89,Morning,0.309,26,22,20,10,5,83,Critical
WL-00262,Group C,Neurology,2026-03-30,2026-05-14,Morning,15 to 40 miles,Yes,2026-04-03,Yes,88,41,-43.0,74,Morning,0.256,17,25,20,10,10,82,Critical
WL-00263,Group C,Pulmonology,2026-01-05,2026-02-04,Afternoon,Under 15 miles,No,,No,172,26,-142.0,105,Morning,0.351,35,25,6,0,5,71,High
WL-00264,Group A,Pulmonology,2026-06-09,2026-06-16,Afternoon,Over 40 miles,No,2026-06-12,Yes,17,26,-10.0,105,Morning,0.351,35,25,6,0,10,76,High
WL-00265,Group D,Cardiology,2026-06-06,2026-09-04,Afternoon,15 to 40 miles,Yes,2026-06-25,Yes,20,24,70.0,89,Morning,0.309,26,4,6,10,10,56,Moderate
WL-00266,Group A,Neurology,2026-05-14,2026-08-12,Morning,15 to 40 miles,No,,No,43,41,47.0,74,Morning,0.256,17,4,20,0,0,41,Low
WL-00267,Group A,Cardiology,2026-04-27,2026-06-26,Morning,15 to 40 miles,Yes,,No,60,24,0.0,89,Morning,0.309,26,25,20,10,0,81,Critical
WL-00268,Group C,Pulmonology,2026-06-11,2026-08-10,No preference,Under 15 miles,Yes,,No,15,26,45.0,105,Morning,0.351,35,9,20,10,5,79,High
WL-00269,Group C,Cardiology,2026-04-17,2026-04-24,Afternoon,15 to 40 miles,Yes,2026-04-28,Yes,70,24,-63.0,89,Morning,0.309,26,25,6,10,10,77,High
WL-00270,Group B,Gastroenterology,2026-06-05,2026-07-05,Morning,Under 15 miles,No,,No,21,29,9.0,88,Morning,0.272,17,16,20,0,5,58,Moderate
WL-00271,Group B,Cardiology,2026-05-23,2026-07-22,No preference,15 to 40 miles,No,,No,34,24,26.0,89,Morning,0.309,26,9,20,0,0,55,Moderate
WL-00272,Group C,Neurology,2026-06-03,2026-08-02,Morning,15 to 40 miles,Yes,2026-06-24,Yes,23,41,37.0,74,Morning,0.256,17,9,20,10,10,66,High
WL-00273,Group D,Neurology,2026-06-25,2026-07-02,Morning,15 to 40 miles,No,,No,1,41,6.0,74,Morning,0.256,17,22,20,0,0,59,Moderate
WL-00274,Group A,Pulmonology,2026-04-05,2026-07-04,Morning,Under 15 miles,Yes,,No,82,26,8.0,105,Morning,0.351,35,16,20,10,5,86,Critical
WL-00275,Group D,Neurology,2026-03-01,2026-03-15,No preference,Under 15 miles,Yes,2026-03-07,Yes,117,41,-103.0,74,Morning,0.256,17,25,20,10,10,82,Critical
WL-00276,Group C,Cardiology,2026-05-10,2026-06-09,Afternoon,Over 40 miles,Yes,2026-05-27,Yes,47,24,-17.0,89,Morning,0.309,26,25,6,10,10,77,High
WL-00277,Group C,Endocrinology,2026-06-01,2026-06-22,Morning,Under 15 miles,Yes,2026-06-28,Yes,25,38,-4.0,77,Morning,0.267,17,25,20,10,10,82,Critical
WL-00278,Group D,Endocrinology,2026-05-03,2026-07-02,Afternoon,Over 40 miles,Yes,2026-05-08,No,54,38,6.0,77,Morning,0.267,17,22,6,10,5,60,Moderate
WL-00279,Group D,Cardiology,2026-05-23,2026-06-06,Afternoon,Under 15 miles,No,,No,34,24,-20.0,89,Morning,0.309,26,25,6,0,5,62,Moderate
WL-00280,Group A,Endocrinology,2026-04-23,2026-05-07,Afternoon,Over 40 miles,Yes,2026-04-25,Yes,64,38,-50.0,77,Morning,0.267,17,25,6,10,10,68,High
WL-00281,Group B,Endocrinology,2026-04-09,2026-06-08,Morning,15 to 40 miles,Yes,,No,78,38,-18.0,77,Morning,0.267,17,25,20,10,0,72,High
WL-00282,Group B,Gastroenterology,2026-06-07,2026-06-14,No preference,Under 15 miles,Yes,,No,19,29,-12.0,88,Morning,0.272,17,25,20,10,5,77,High
WL-00283,Group A,Neurology,2026-04-29,2026-05-29,No preference,15 to 40 miles,Yes,,No,58,41,-28.0,74,Morning,0.256,17,25,20,10,0,72,High
WL-00284,Group C,Pulmonology,2026-05-17,2026-06-16,Morning,15 to 40 miles,Yes,2026-05-28,Yes,40,26,-10.0,105,Morning,0.351,35,25,20,10,10,100,Critical
WL-00285,Group B,Neurology,2026-05-22,2026-07-21,Afternoon,15 to 40 miles,No,2026-06-11,No,35,41,25.0,74,Morning,0.256,17,9,6,0,5,37,Low
WL-00286,Group A,Gastroenterology,2026-04-21,2026-05-12,Morning,Under 15 miles,No,,No,66,29,-45.0,88,Morning,0.272,17,25,20,0,5,67,High
WL-00287,Group A,Cardiology,2026-06-06,2026-07-21,Morning,Under 15 miles,No,2026-07-01,Yes,20,24,25.0,89,Morning,0.309,26,9,20,0,10,65,High
WL-00288,Group B,Gastroenterology,2026-06-17,2026-09-15,Morning,Over 40 miles,Yes,,No,9,29,81.0,88,Morning,0.272,17,4,20,10,0,51,Moderate
WL-00289,Group A,Gastroenterology,2026-05-20,2026-06-10,No preference,Under 15 miles,No,,No,37,29,-16.0,88,Morning,0.272,17,25,20,0,5,67,High
WL-00290,Group D,Endocrinology,2026-01-24,2026-02-14,Morning,Under 15 miles,Yes,2026-02-18,No,153,38,-132.0,77,Morning,0.267,17,25,20,10,10,82,Critical
WL-00291,Group C,Gastroenterology,2026-03-22,2026-05-06,Morning,15 to 40 miles,No,,No,96,29,-51.0,88,Morning,0.272,17,25,20,0,0,62,Moderate
WL-00292,Group C,Pulmonology,2026-05-02,2026-07-31,Afternoon,Under 15 miles,Yes,2026-05-15,Yes,55,26,35.0,105,Morning,0.351,35,9,6,10,10,70,High
WL-00293,Group C,Cardiology,2026-06-13,2026-07-04,Morning,Under 15 miles,Yes,,No,13,24,8.0,89,Morning,0.309,26,16,20,10,5,77,High
WL-00294,Group B,Cardiology,2026-05-11,2026-06-25,Afternoon,Under 15 miles,Yes,,No,46,24,-1.0,89,Morning,0.309,26,25,6,10,5,72,High
WL-00295,Group A,Gastroenterology,2026-06-10,2026-08-09,Morning,Over 40 miles,Yes,,No,16,29,44.0,88,Morning,0.272,17,9,20,10,0,56,Moderate
WL-00296,Group C,Endocrinology,2026-05-07,,Morning,Under 15 miles,Yes,,No,50,38,,77,Morning,0.267,17,8,20,10,5,60,Moderate
WL-00297,Group B,Neurology,2026-06-11,2026-09-09,Morning,Under 15 miles,Yes,,No,15,41,75.0,74,Morning,0.256,17,4,20,10,5,56,Moderate
WL-00298,Group B,Cardiology,2026-06-21,2026-07-21,Morning,Under 15 miles,No,,No,5,24,25.0,89,Morning,0.309,26,9,20,0,5,60,Moderate
WL-00299,Group B,Neurology,2026-06-17,2026-07-08,Morning,15 to 40 miles,No,2026-07-02,No,9,41,12.0,74,Morning,0.256,17,16,20,0,5,58,Moderate
WL-00300,Group A,Neurology,2026-04-05,2026-05-05,Afternoon,Under 15 miles,Yes,2026-04-18,No,82,41,-52.0,74,Morning,0.256,17,25,6,10,10,68,High
WL-00301,Group C,Pulmonology,2026-04-23,2026-05-14,Afternoon,Under 15 miles,Yes,,No,64,26,-43.0,105,Morning,0.351,35,25,6,10,5,81,Critical
WL-00302,Group A,Orthopedics,2026-03-31,2026-04-07,No preference,Under 15 miles,No,2026-04-24,No,87,19,-80.0,74,Morning,0.247,17,25,20,0,10,72,High
WL-00303,Group A,Pulmonology,2026-05-26,2026-07-10,Morning,Under 15 miles,Yes,2026-06-16,No,31,26,14.0,105,Morning,0.351,35,16,20,10,10,91,Critical
WL-00304,Group C,Pulmonology,2026-06-15,2026-07-15,No preference,Under 15 miles,Yes,,No,11,26,19.0,105,Morning,0.351,35,16,20,10,5,86,Critical
WL-00305,Group C,Cardiology,2026-04-23,2026-05-14,Morning,15 to 40 miles,Yes,,No,64,24,-43.0,89,Morning,0.309,26,25,20,10,0,81,Critical
WL-00306,Group A,Neurology,2026-04-10,2026-07-09,Afternoon,15 to 40 miles,Yes,,No,77,41,13.0,74,Morning,0.256,17,16,6,10,0,49,Low
WL-00307,Group D,Neurology,2026-04-13,2026-07-12,No preference,15 to 40 miles,No,,No,74,41,16.0,74,Morning,0.256,17,16,20,0,0,53,Moderate
WL-00308,Group D,Neurology,2026-02-11,2026-03-13,Morning,Over 40 miles,No,2026-03-13,No,135,41,-105.0,74,Morning,0.256,17,25,20,0,5,67,High
WL-00309,Group A,Cardiology,2026-03-04,2026-06-02,No preference,Under 15 miles,Yes,2026-03-16,Yes,114,24,-24.0,89,Morning,0.309,26,25,20,10,10,91,Critical
WL-00310,Group D,Endocrinology,2026-06-11,2026-07-11,Morning,Under 15 miles,No,2026-06-15,No,15,38,15.0,77,Morning,0.267,17,16,20,0,10,63,Moderate
WL-00311,Group C,Cardiology,2026-04-12,2026-05-12,Morning,Over 40 miles,No,,No,75,24,-45.0,89,Morning,0.309,26,25,20,0,0,71,High
WL-00312,Group C,Orthopedics,2026-05-05,2026-05-19,Afternoon,15 to 40 miles,No,2026-05-10,Yes,52,19,-38.0,74,Morning,0.247,17,25,6,0,10,58,Moderate
WL-00313,Group B,Cardiology,2026-06-15,2026-07-30,No preference,15 to 40 miles,No,,No,11,24,34.0,89,Morning,0.309,26,9,20,0,0,55,Moderate
WL-00314,Group C,Neurology,2026-05-19,2026-07-03,Morning,15 to 40 miles,Yes,,No,38,41,7.0,74,Morning,0.256,17,22,20,10,0,69,High
WL-00315,Group A,Pulmonology,2026-02-02,2026-02-16,No preference,Under 15 miles,Yes,2026-02-06,Yes,144,26,-130.0,105,Morning,0.351,35,25,20,10,10,100,Critical
WL-00316,Group B,Orthopedics,2026-05-18,2026-07-17,Morning,Over 40 miles,No,,No,39,19,21.0,74,Morning,0.247,17,16,20,0,0,53,Moderate
WL-00317,Group B,Endocrinology,2026-06-21,2026-07-05,No preference,Over 40 miles,No,,No,5,38,9.0,77,Morning,0.267,17,16,20,0,0,53,Moderate
WL-00318,Group C,Endocrinology,2026-05-28,2026-06-18,Afternoon,Under 15 miles,No,,No,29,38,-8.0,77,Morning,0.267,17,25,6,0,5,53,Moderate
WL-00319,Group B,Cardiology,2026-05-21,2026-05-28,No preference,15 to 40 miles,Yes,,No,36,24,-29.0,89,Morning,0.309,26,25,20,10,0,81,Critical
WL-00320,Group B,Orthopedics,2026-05-04,2026-05-25,Morning,Over 40 miles,Yes,,No,53,19,-32.0,74,Morning,0.247,17,25,20,10,0,72,High
WL-00321,Group B,Neurology,2026-02-08,2026-03-01,Morning,Over 40 miles,Yes,,No,138,41,-117.0,74,Morning,0.256,17,25,20,10,0,72,High
WL-00322,Group B,Cardiology,2026-05-30,2026-06-13,No preference,Under 15 miles,No,2026-06-04,No,27,24,-13.0,89,Morning,0.309,26,25,20,0,10,81,Critical
WL-00323,Group A,Pulmonology,2026-05-26,2026-07-10,No preference,Under 15 miles,Yes,,No,31,26,14.0,105,Morning,0.351,35,16,20,10,5,86,Critical
WL-00324,Group A,Gastroenterology,2026-04-23,2026-05-23,Morning,Under 15 miles,No,,No,64,29,-34.0,88,Morning,0.272,17,25,20,0,5,67,High
WL-00325,Group B,Neurology,2026-06-01,2026-07-31,No preference,Over 40 miles,Yes,,No,25,41,35.0,74,Morning,0.256,17,9,20,10,0,56,Moderate
WL-00326,Group D,Gastroenterology,2026-05-22,2026-06-05,Afternoon,15 to 40 miles,Yes,2026-06-09,No,35,29,-21.0,88,Morning,0.272,17,25,6,10,5,63,Moderate
WL-00327,Group B,Neurology,2026-06-14,2026-06-28,No preference,15 to 40 miles,Yes,,No,12,41,2.0,74,Morning,0.256,17,22,20,10,0,69,High
WL-00328,Group B,Endocrinology,2026-04-25,2026-05-02,Afternoon,Under 15 miles,No,,No,62,38,-55.0,77,Morning,0.267,17,25,6,0,5,53,Moderate
WL-00329,Group A,Neurology,2026-04-25,2026-07-24,No preference,Under 15 miles,No,,No,62,41,28.0,74,Morning,0.256,17,9,20,0,5,51,Moderate
WL-00330,Group B,Pulmonology,2026-05-28,2026-06-11,No preference,15 to 40 miles,Yes,,No,29,26,-15.0,105,Morning,0.351,35,25,20,10,0,90,Critical
WL-00331,Group B,Neurology,2026-04-25,2026-07-24,Morning,Under 15 miles,Yes,2026-05-05,Yes,62,41,28.0,74,Morning,0.256,17,9,20,10,10,66,High
WL-00332,Group A,Gastroenterology,2026-06-23,2026-07-14,No preference,Under 15 miles,Yes,2026-07-06,Yes,3,29,18.0,88,Morning,0.272,17,16,20,10,10,73,High
WL-00333,Group C,Gastroenterology,2026-05-10,2026-06-09,Morning,Under 15 miles,No,,No,47,29,-17.0,88,Morning,0.272,17,25,20,0,5,67,High
WL-00334,Group C,Gastroenterology,2026-06-03,2026-06-10,No preference,Under 15 miles,No,,No,23,29,-16.0,88,Morning,0.272,17,25,20,0,5,67,High
WL-00335,Group D,Endocrinology,2026-05-15,2026-08-13,Afternoon,Over 40 miles,No,,No,42,38,48.0,77,Morning,0.267,17,4,6,0,0,27,Low
WL-00336,Group A,Endocrinology,2026-04-13,2026-04-27,Afternoon,Under 15 miles,Yes,,No,74,38,-60.0,77,Morning,0.267,17,25,6,10,5,63,Moderate
WL-00337,Group A,Orthopedics,2026-05-19,2026-05-26,Morning,Under 15 miles,Yes,2026-05-26,No,38,19,-31.0,74,Morning,0.247,17,25,20,10,10,82,Critical
WL-00338,Group A,Pulmonology,2026-04-19,,No preference,Over 40 miles,Yes,2026-04-27,No,68,26,,105,Morning,0.351,35,8,20,10,5,78,High
WL-00339,Group D,Gastroenterology,2026-06-09,2026-09-07,Morning,Under 15 miles,Yes,,No,17,29,73.0,88,Morning,0.272,17,4,20,10,5,56,Moderate
WL-00340,Group A,Neurology,2026-05-01,2026-05-08,No preference,Under 15 miles,Yes,,No,56,41,-49.0,74,Morning,0.256,17,25,20,10,5,77,High
WL-00341,Group A,Orthopedics,2026-06-11,2026-07-26,Afternoon,15 to 40 miles,No,,No,15,19,30.0,74,Morning,0.247,17,9,6,0,0,32,Low
WL-00342,Group B,Cardiology,2026-06-17,2026-07-01,Afternoon,Under 15 miles,Yes,,No,9,24,5.0,89,Morning,0.309,26,22,6,10,5,69,High
WL-00343,Group B,Cardiology,2026-06-05,2026-07-20,No preference,15 to 40 miles,No,2026-06-21,Yes,21,24,24.0,89,Morning,0.309,26,9,20,0,10,65,High
WL-00344,Group B,Endocrinology,2026-05-09,2026-05-30,Afternoon,Under 15 miles,No,2026-05-27,No,48,38,-27.0,77,Morning,0.267,17,25,6,0,10,58,Moderate
WL-00345,Group D,Gastroenterology,2026-04-24,2026-05-24,Morning,Under 15 miles,Yes,,No,63,29,-33.0,88,Morning,0.272,17,25,20,10,5,77,High
WL-00346,Group D,Cardiology,2026-05-19,2026-05-26,Afternoon,Under 15 miles,No,,No,38,24,-31.0,89,Morning,0.309,26,25,6,0,5,62,Moderate
WL-00347,Group D,Pulmonology,2026-04-22,2026-04-29,Afternoon,15 to 40 miles,Yes,,No,65,26,-58.0,105,Morning,0.351,35,25,6,10,0,76,High
WL-00348,Group D,Neurology,2026-03-27,2026-04-17,No preference,Over 40 miles,Yes,,No,91,41,-70.0,74,Morning,0.256,17,25,20,10,0,72,High
WL-00349,Group B,Endocrinology,2026-06-02,2026-07-17,Morning,Over 40 miles,No,,No,24,38,21.0,77,Morning,0.267,17,16,20,0,0,53,Moderate
WL-00350,Group B,Endocrinology,2026-06-22,2026-09-20,Afternoon,Over 40 miles,Yes,,No,4,38,86.0,77,Morning,0.267,17,4,6,10,0,37,Low
WL-00351,Group B,Endocrinology,2026-05-11,2026-08-09,Afternoon,Under 15 miles,Yes,2026-05-24,Yes,46,38,44.0,77,Morning,0.267,17,9,6,10,10,52,Moderate
WL-00352,Group B,Orthopedics,2026-06-05,2026-07-05,Afternoon,Under 15 miles,No,2026-06-23,No,21,19,9.0,74,Morning,0.247,17,16,6,0,10,49,Low
WL-00353,Group D,Gastroenterology,2026-06-16,2026-06-30,No preference,Under 15 miles,Yes,,No,10,29,4.0,88,Morning,0.272,17,22,20,10,5,74,High
WL-00354,Group C,Gastroenterology,2026-05-07,2026-07-06,Morning,15 to 40 miles,No,,No,50,29,10.0,88,Morning,0.272,17,16,20,0,0,53,Moderate
WL-00355,Group A,Gastroenterology,2026-05-10,2026-07-09,Morning,Under 15 miles,No,,No,47,29,13.0,88,Morning,0.272,17,16,20,0,5,58,Moderate
WL-00356,Group A,Neurology,2026-06-09,2026-07-09,Morning,Under 15 miles,Yes,,No,17,41,13.0,74,Morning,0.256,17,16,20,10,5,68,High
WL-00357,Group C,Orthopedics,2026-06-12,2026-07-03,Afternoon,15 to 40 miles,Yes,,No,14,19,7.0,74,Morning,0.247,17,22,6,10,0,55,Moderate
WL-00358,Group D,Endocrinology,2026-03-27,2026-06-25,Morning,Under 15 miles,Yes,,No,91,38,-1.0,77,Morning,0.267,17,25,20,10,5,77,High
WL-00359,Group B,Gastroenterology,2026-05-12,,Afternoon,Under 15 miles,No,,No,45,29,,88,Morning,0.272,17,8,6,0,5,36,Low
WL-00360,Group D,Pulmonology,2026-05-17,2026-07-01,Morning,Under 15 miles,No,,No,40,26,5.0,105,Morning,0.351,35,22,20,0,5,82,Critical
WL-00361,Group A,Cardiology,2026-05-06,2026-05-27,No preference,Under 15 miles,Yes,2026-05-25,No,51,24,-30.0,89,Morning,0.309,26,25,20,10,10,91,Critical
WL-00362,Group A,Cardiology,2026-03-19,2026-06-17,Afternoon,Under 15 miles,No,,No,99,24,-9.0,89,Morning,0.309,26,25,6,0,5,62,Moderate
WL-00363,Group A,Orthopedics,2026-04-19,2026-06-18,Afternoon,15 to 40 miles,Yes,2026-05-15,Yes,68,19,-8.0,74,Morning,0.247,17,25,6,10,10,68,High
WL-00364,Group A,Neurology,2026-06-09,2026-06-30,No preference,Over 40 miles,Yes,2026-06-12,No,17,41,4.0,74,Morning,0.256,17,22,20,10,5,74,High
WL-00365,Group A,Cardiology,2026-06-13,2026-07-13,No preference,Under 15 miles,Yes,2026-06-19,No,13,24,17.0,89,Morning,0.309,26,16,20,10,10,82,Critical
WL-00366,Group B,Gastroenterology,2026-04-09,2026-07-08,Afternoon,Under 15 miles,No,,No,78,29,12.0,88,Morning,0.272,17,16,6,0,5,44,Low
WL-00367,Group C,Endocrinology,2026-05-18,2026-05-25,Afternoon,Over 40 miles,Yes,2026-05-29,Yes,39,38,-32.0,77,Morning,0.267,17,25,6,10,10,68,High
WL-00368,Group B,Gastroenterology,2026-05-07,2026-05-28,Morning,Under 15 miles,Yes,2026-05-14,No,50,29,-29.0,88,Morning,0.272,17,25,20,10,10,82,Critical
WL-00369,Group C,Neurology,2026-06-11,2026-08-10,Afternoon,Under 15 miles,Yes,2026-06-14,No,15,41,45.0,74,Morning,0.256,17,9,6,10,10,52,Moderate
WL-00370,Group D,Orthopedics,2026-04-04,2026-05-19,Morning,Under 15 miles,No,,No,83,19,-38.0,74,Morning,0.247,17,25,20,0,5,67,High
WL-00371,Group C,Cardiology,2026-05-12,2026-06-02,Afternoon,15 to 40 miles,No,,No,45,24,-24.0,89,Morning,0.309,26,25,6,0,0,57,Moderate
WL-00372,Group B,Neurology,2026-06-18,2026-08-02,Afternoon,15 to 40 miles,Yes,,No,8,41,37.0,74,Morning,0.256,17,9,6,10,0,42,Low
WL-00373,Group B,Gastroenterology,2026-06-05,2026-09-03,Morning,Under 15 miles,No,,No,21,29,69.0,88,Morning,0.272,17,4,20,0,5,46,Low
WL-00374,Group B,Endocrinology,2026-05-10,2026-06-09,Afternoon,15 to 40 miles,No,2026-05-15,No,47,38,-17.0,77,Morning,0.267,17,25,6,0,5,53,Moderate
WL-00375,Group D,Gastroenterology,2026-06-01,2026-07-16,Morning,15 to 40 miles,No,,No,25,29,20.0,88,Morning,0.272,17,16,20,0,0,53,Moderate
WL-00376,Group A,Gastroenterology,2026-06-20,2026-07-20,Morning,Over 40 miles,Yes,,No,6,29,24.0,88,Morning,0.272,17,9,20,10,0,56,Moderate
WL-00377,Group C,Pulmonology,2026-05-13,2026-06-27,Afternoon,Under 15 miles,No,,No,44,26,1.0,105,Morning,0.351,35,22,6,0,5,68,High
WL-00378,Group A,Pulmonology,2026-05-25,2026-07-24,Afternoon,15 to 40 miles,Yes,,No,32,26,28.0,105,Morning,0.351,35,9,6,10,0,60,Moderate
WL-00379,Group C,Orthopedics,2026-05-25,2026-06-08,Morning,Over 40 miles,No,,No,32,19,-18.0,74,Morning,0.247,17,25,20,0,0,62,Moderate
WL-00380,Group A,Gastroenterology,2026-05-02,2026-07-01,No preference,Under 15 miles,Yes,2026-05-05,No,55,29,5.0,88,Morning,0.272,17,22,20,10,10,79,High
WL-00381,Group C,Endocrinology,2026-06-03,2026-08-02,Morning,Under 15 miles,Yes,,No,23,38,37.0,77,Morning,0.267,17,9,20,10,5,61,Moderate
WL-00382,Group B,Endocrinology,2026-03-13,2026-03-27,Morning,Under 15 miles,Yes,,No,105,38,-91.0,77,Morning,0.267,17,25,20,10,5,77,High
WL-00383,Group C,Neurology,2026-05-22,2026-06-05,Morning,Under 15 miles,Yes,,No,35,41,-21.0,74,Morning,0.256,17,25,20,10,5,77,High
WL-00384,Group C,Endocrinology,2026-05-23,2026-06-06,Morning,Over 40 miles,No,,No,34,38,-20.0,77,Morning,0.267,17,25,20,0,0,62,Moderate
WL-00385,Group B,Endocrinology,2026-05-26,2026-06-16,Afternoon,Under 15 miles,Yes,,No,31,38,-10.0,77,Morning,0.267,17,25,6,10,5,63,Moderate
WL-00386,Group C,Neurology,2026-06-04,2026-07-19,Afternoon,15 to 40 miles,Yes,2026-06-26,Yes,22,41,23.0,74,Morning,0.256,17,9,6,10,10,52,Moderate
WL-00387,Group A,Orthopedics,2026-05-12,2026-05-26,Morning,Over 40 miles,No,2026-05-24,No,45,19,-31.0,74,Morning,0.247,17,25,20,0,5,67,High
WL-00388,Group D,Orthopedics,2026-06-10,2026-07-10,Afternoon,15 to 40 miles,No,2026-07-01,Yes,16,19,14.0,74,Morning,0.247,17,16,6,0,10,49,Low
WL-00389,Group B,Endocrinology,2026-06-10,2026-08-09,Afternoon,Under 15 miles,No,,No,16,38,44.0,77,Morning,0.267,17,9,6,0,5,37,Low
WL-00390,Group B,Cardiology,2026-04-07,2026-07-06,Morning,Under 15 miles,No,,No,80,24,10.0,89,Morning,0.309,26,16,20,0,5,67,High
WL-00391,Group A,Pulmonology,2026-04-13,2026-04-20,Morning,Over 40 miles,Yes,,No,74,26,-67.0,105,Morning,0.351,35,25,20,10,0,90,Critical
WL-00392,Group A,Cardiology,2026-04-11,,Morning,15 to 40 miles,Yes,,No,76,24,,89,Morning,0.309,26,8,20,10,0,64,Moderate
WL-00393,Group B,Pulmonology,2026-05-14,2026-06-04,Afternoon,Over 40 miles,Yes,,No,43,26,-22.0,105,Morning,0.351,35,25,6,10,0,76,High
WL-00394,Group D,Endocrinology,2026-05-07,2026-05-14,Morning,15 to 40 miles,No,,No,50,38,-43.0,77,Morning,0.267,17,25,20,0,0,62,Moderate
WL-00395,Group B,Gastroenterology,2026-05-25,2026-06-24,Morning,Under 15 miles,Yes,,No,32,29,-2.0,88,Morning,0.272,17,25,20,10,5,77,High
WL-00396,Group D,Gastroenterology,2026-06-14,2026-09-12,Morning,15 to 40 miles,No,,No,12,29,78.0,88,Morning,0.272,17,4,20,0,0,41,Low
WL-00397,Group D,Cardiology,2026-04-25,2026-06-09,Morning,Under 15 miles,No,,No,62,24,-17.0,89,Morning,0.309,26,25,20,0,5,76,High
WL-00398,Group D,Pulmonology,2026-06-10,2026-07-25,Afternoon,Over 40 miles,Yes,,No,16,26,29.0,105,Morning,0.351,35,9,6,10,0,60,Moderate
WL-00399,Group A,Pulmonology,2026-04-12,2026-04-19,Morning,Under 15 miles,Yes,2026-05-02,Yes,75,26,-68.0,105,Morning,0.351,35,25,20,10,10,100,Critical
WL-00400,Group D,Pulmonology,2026-04-01,2026-05-01,Morning,15 to 40 miles,Yes,,No,86,26,-56.0,105,Morning,0.351,35,25,20,10,0,90,Critical
WL-00401,Group D,Neurology,2026-05-17,2026-06-16,Afternoon,Over 40 miles,Yes,,No,40,41,-10.0,74,Morning,0.256,17,25,6,10,0,58,Moderate
WL-00402,Group A,Cardiology,2026-06-14,2026-09-12,Morning,Over 40 miles,Yes,2026-06-23,Yes,12,24,78.0,89,Morning,0.309,26,4,20,10,10,70,High
WL-00403,Group B,Neurology,2026-04-15,2026-05-15,No preference,Under 15 miles,Yes,,No,72,41,-42.0,74,Morning,0.256,17,25,20,10,5,77,High
WL-00404,Group D,Orthopedics,2026-05-19,2026-06-09,Morning,Under 15 miles,Yes,,No,38,19,-17.0,74,Morning,0.247,17,25,20,10,5,77,High
WL-00405,Group B,Endocrinology,2026-06-03,2026-06-17,Morning,15 to 40 miles,Yes,,No,23,38,-9.0,77,Morning,0.267,17,25,20,10,0,72,High
WL-00406,Group A,Orthopedics,2026-06-06,2026-08-05,No preference,Over 40 miles,Yes,,No,20,19,40.0,74,Morning,0.247,17,9,20,10,0,56,Moderate
WL-00407,Group D,Neurology,2026-06-23,2026-08-07,Afternoon,Under 15 miles,Yes,,No,3,41,42.0,74,Morning,0.256,17,9,6,10,5,47,Low
WL-00408,Group A,Endocrinology,2026-06-11,2026-09-09,No preference,15 to 40 miles,No,,No,15,38,75.0,77,Morning,0.267,17,4,20,0,0,41,Low
WL-00409,Group D,Orthopedics,2026-05-18,2026-07-02,Morning,Over 40 miles,No,,No,39,19,6.0,74,Morning,0.247,17,22,20,0,0,59,Moderate
WL-00410,Group D,Neurology,2026-05-12,2026-05-19,Morning,Over 40 miles,Yes,,No,45,41,-38.0,74,Morning,0.256,17,25,20,10,0,72,High
WL-00411,Group C,Endocrinology,2026-06-21,2026-07-05,Afternoon,15 to 40 miles,Yes,,No,5,38,9.0,77,Morning,0.267,17,16,6,10,0,49,Low
WL-00412,Group A,Pulmonology,2026-06-06,2026-08-05,Morning,15 to 40 miles,Yes,,No,20,26,40.0,105,Morning,0.351,35,9,20,10,0,74,High
WL-00413,Group B,Endocrinology,2026-06-13,2026-06-20,No preference,Under 15 miles,Yes,,No,13,38,-6.0,77,Morning,0.267,17,25,20,10,5,77,High
WL-00414,Group C,Neurology,2026-02-16,2026-05-17,Morning,Under 15 miles,Yes,,No,130,41,-40.0,74,Morning,0.256,17,25,20,10,5,77,High
WL-00415,Group D,Endocrinology,2026-06-13,2026-06-27,Afternoon,Under 15 miles,Yes,2026-07-02,No,13,38,1.0,77,Morning,0.267,17,22,6,10,10,65,High
WL-00416,Group A,Cardiology,2026-05-28,2026-06-11,No preference,Under 15 miles,Yes,,No,29,24,-15.0,89,Morning,0.309,26,25,20,10,5,86,Critical
WL-00417,Group B,Gastroenterology,2026-05-22,2026-07-21,Afternoon,Under 15 miles,Yes,2026-06-02,No,35,29,25.0,88,Morning,0.272,17,9,6,10,10,52,Moderate
WL-00418,Group C,Endocrinology,2026-06-06,2026-06-20,Morning,Under 15 miles,Yes,,No,20,38,-6.0,77,Morning,0.267,17,25,20,10,5,77,High
WL-00419,Group D,Neurology,2026-04-17,2026-05-08,Morning,Under 15 miles,Yes,2026-04-29,No,70,41,-49.0,74,Morning,0.256,17,25,20,10,10,82,Critical
WL-00420,Group A,Endocrinology,2026-05-24,2026-07-08,Afternoon,Under 15 miles,No,2026-06-02,No,33,38,12.0,77,Morning,0.267,17,16,6,0,10,49,Low
WL-00421,Group D,Gastroenterology,2026-03-31,2026-06-29,Morning,Under 15 miles,Yes,2026-04-23,Yes,87,29,3.0,88,Morning,0.272,17,22,20,10,10,79,High
WL-00422,Group C,Gastroenterology,2026-05-16,2026-07-15,Morning,Over 40 miles,No,,No,41,29,19.0,88,Morning,0.272,17,16,20,0,0,53,Moderate
WL-00423,Group A,Gastroenterology,2026-06-21,2026-08-20,Morning,Over 40 miles,Yes,2026-07-09,Yes,5,29,55.0,88,Morning,0.272,17,4,20,10,10,61,Moderate
WL-00424,Group A,Endocrinology,2026-05-03,2026-06-02,No preference,15 to 40 miles,No,,No,54,38,-24.0,77,Morning,0.267,17,25,20,0,0,62,Moderate
WL-00425,Group B,Pulmonology,2026-05-19,2026-07-03,Morning,15 to 40 miles,No,,No,38,26,7.0,105,Morning,0.351,35,22,20,0,0,77,High
WL-00426,Group A,Orthopedics,2026-06-05,2026-06-19,No preference,15 to 40 miles,Yes,,No,21,19,-7.0,74,Morning,0.247,17,25,20,10,0,72,High
WL-00427,Group A,Endocrinology,2026-04-22,2026-04-29,Afternoon,15 to 40 miles,No,2026-05-12,Yes,65,38,-58.0,77,Morning,0.267,17,25,6,0,10,58,Moderate
WL-00428,Group B,Pulmonology,2026-06-10,2026-06-24,Afternoon,Under 15 miles,No,,No,16,26,-2.0,105,Morning,0.351,35,25,6,0,5,71,High
WL-00429,Group C,Orthopedics,2026-06-08,2026-07-08,Morning,Under 15 miles,Yes,,No,18,19,12.0,74,Morning,0.247,17,16,20,10,5,68,High
WL-00430,Group D,Gastroenterology,2026-05-15,2026-06-05,Morning,15 to 40 miles,No,2026-05-21,Yes,42,29,-21.0,88,Morning,0.272,17,25,20,0,10,72,High
WL-00431,Group C,Neurology,2026-05-14,2026-06-13,Morning,Over 40 miles,No,,Unknown,43,41,-13.0,74,Morning,0.256,17,25,20,0,0,62,Moderate
WL-00432,Group B,Pulmonology,2026-03-25,2026-04-01,Morning,15 to 40 miles,No,2026-04-22,Yes,93,26,-86.0,105,Morning,0.351,35,25,20,0,10,90,Critical
WL-00433,Group A,Pulmonology,2026-06-03,2026-07-03,No preference,15 to 40 miles,No,2026-06-20,No,23,26,7.0,105,Morning,0.351,35,22,20,0,5,82,Critical
WL-00434,Group C,Pulmonology,2026-04-04,2026-04-18,No preference,15 to 40 miles,No,,No,83,26,-69.0,105,Morning,0.351,35,25,20,0,0,80,Critical
WL-00435,Group A,Orthopedics,2026-05-21,2026-06-11,No preference,15 to 40 miles,Yes,,No,36,19,-15.0,74,Morning,0.247,17,25,20,10,0,72,High
WL-00436,Group C,Gastroenterology,2026-05-30,2026-07-14,Morning,Under 15 miles,Yes,,No,27,29,18.0,88,Morning,0.272,17,16,20,10,5,68,High
WL-00437,Group D,Gastroenterology,2026-05-04,2026-06-03,Morning,Under 15 miles,No,,No,53,29,-23.0,88,Morning,0.272,17,25,20,0,5,67,High
WL-00438,Group C,Pulmonology,2026-06-05,2026-06-12,Afternoon,Under 15 miles,No,,No,21,26,-14.0,105,Morning,0.351,35,25,6,0,5,71,High
WL-00439,Group A,Gastroenterology,2026-06-20,2026-07-20,Morning,15 to 40 miles,No,,No,6,29,24.0,88,Morning,0.272,17,9,20,0,0,46,Low
WL-00440,Group C,Gastroenterology,2026-04-30,2026-05-07,Afternoon,15 to 40 miles,Yes,2026-05-24,No,57,29,-50.0,88,Morning,0.272,17,25,6,10,5,63,Moderate
WL-00441,Group A,Endocrinology,2026-06-17,2026-07-08,Morning,Under 15 miles,No,2026-07-05,Yes,9,38,12.0,77,Morning,0.267,17,16,20,0,10,63,Moderate
WL-00442,Group C,Cardiology,2026-05-07,2026-05-21,Afternoon,15 to 40 miles,Yes,,No,50,24,-36.0,89,Morning,0.309,26,25,6,10,0,67,High
WL-00443,Group A,Orthopedics,2026-06-19,2026-06-26,Morning,15 to 40 miles,No,2026-07-05,Yes,7,19,0.0,74,Morning,0.247,17,25,20,0,10,72,High
WL-00444,Group B,Neurology,2026-06-19,2026-06-26,No preference,15 to 40 miles,No,,No,7,41,0.0,74,Morning,0.256,17,25,20,0,0,62,Moderate
WL-00445,Group C,Gastroenterology,2026-06-08,2026-06-29,Afternoon,15 to 40 miles,No,,No,18,29,3.0,88,Morning,0.272,17,22,6,0,0,45,Low
WL-00446,Group B,Pulmonology,2026-05-26,2026-07-25,No preference,Over 40 miles,Yes,,No,31,26,29.0,105,Morning,0.351,35,9,20,10,0,74,High
WL-00447,Group C,Endocrinology,2026-06-08,2026-09-06,Afternoon,Under 15 miles,Yes,,No,18,38,72.0,77,Morning,0.267,17,4,6,10,5,42,Low
WL-00448,Group C,Pulmonology,2026-06-01,2026-06-08,No preference,15 to 40 miles,Yes,,No,25,26,-18.0,105,Morning,0.351,35,25,20,10,0,90,Critical
WL-00449,Group C,Pulmonology,2026-06-13,2026-09-11,Afternoon,15 to 40 miles,No,,Unknown,13,26,77.0,105,Morning,0.351,35,4,6,0,0,45,Low
WL-00450,Group B,Neurology,2026-06-19,2026-07-10,Afternoon,Under 15 miles,Yes,2026-07-13,No,7,41,14.0,74,Morning,0.256,17,16,6,10,10,59,Moderate
WL-00451,Group C,Endocrinology,2026-05-02,2026-07-31,Morning,15 to 40 miles,No,2026-05-11,Yes,55,38,35.0,77,Morning,0.267,17,9,20,0,10,56,Moderate
WL-00452,Group A,Gastroenterology,2026-05-19,2026-06-02,Afternoon,Under 15 miles,Yes,2026-06-14,Yes,38,29,-24.0,88,Morning,0.272,17,25,6,10,10,68,High
WL-00453,Group A,Endocrinology,2026-05-27,2026-07-26,Morning,Over 40 miles,Yes,,No,30,38,30.0,77,Morning,0.267,17,9,20,10,0,56,Moderate
WL-00454,Group A,Neurology,2026-06-11,2026-06-25,Morning,Under 15 miles,No,,No,15,41,-1.0,74,Morning,0.256,17,25,20,0,5,67,High
WL-00455,Group D,Neurology,2026-05-11,2026-06-01,Morning,15 to 40 miles,Yes,2026-05-20,Yes,46,41,-25.0,74,Morning,0.256,17,25,20,10,10,82,Critical
WL-00456,Group A,Orthopedics,2026-06-04,2026-06-25,Afternoon,15 to 40 miles,No,2026-06-23,No,22,19,-1.0,74,Morning,0.247,17,25,6,0,5,53,Moderate
WL-00457,Group B,Endocrinology,2026-06-10,2026-08-09,Morning,Under 15 miles,Yes,2026-06-18,Yes,16,38,44.0,77,Morning,0.267,17,9,20,10,10,66,High
WL-00458,Group A,Gastroenterology,2026-06-01,2026-07-16,Afternoon,15 to 40 miles,Yes,,No,25,29,20.0,88,Morning,0.272,17,16,6,10,0,49,Low
WL-00459,Group D,Orthopedics,2026-05-31,2026-06-07,Morning,Under 15 miles,Yes,2026-06-21,No,26,19,-19.0,74,Morning,0.247,17,25,20,10,10,82,Critical
WL-00460,Group C,Cardiology,2026-04-03,2026-04-17,Afternoon,Over 40 miles,No,2026-04-21,No,84,24,-70.0,89,Morning,0.309,26,25,6,0,5,62,Moderate
WL-00461,Group C,Pulmonology,2026-03-10,2026-03-17,Afternoon,Over 40 miles,No,,No,108,26,-101.0,105,Morning,0.351,35,25,6,0,0,66,High
WL-00462,Group A,Cardiology,2026-05-27,2026-06-26,Morning,15 to 40 miles,Yes,,No,30,24,0.0,89,Morning,0.309,26,25,20,10,0,81,Critical
WL-00463,Group D,Neurology,2026-05-28,2026-07-12,Morning,Under 15 miles,No,2026-06-07,Yes,29,41,16.0,74,Morning,0.256,17,16,20,0,10,63,Moderate
WL-00464,Group C,Orthopedics,2026-04-27,2026-07-26,Afternoon,15 to 40 miles,No,,No,60,19,30.0,74,Morning,0.247,17,9,6,0,0,32,Low
WL-00465,Group B,Endocrinology,2026-06-07,2026-06-28,Afternoon,Under 15 miles,Yes,,No,19,38,2.0,77,Morning,0.267,17,22,6,10,5,60,Moderate
WL-00466,Group A,Orthopedics,2026-05-16,2026-07-15,Afternoon,Under 15 miles,No,,No,41,19,19.0,74,Morning,0.247,17,16,6,0,5,44,Low
WL-00467,Group C,Pulmonology,2026-06-07,2026-07-07,No preference,Under 15 miles,Yes,,Unknown,19,26,11.0,105,Morning,0.351,35,16,20,10,5,86,Critical
WL-00468,Group A,Cardiology,2026-05-20,2026-07-04,Morning,Under 15 miles,Yes,,No,37,24,8.0,89,Morning,0.309,26,16,20,10,5,77,High
WL-00469,Group C,Orthopedics,2026-06-11,2026-09-09,Morning,15 to 40 miles,No,,No,15,19,75.0,74,Morning,0.247,17,4,20,0,0,41,Low
WL-00470,Group A,Gastroenterology,2026-05-18,2026-07-17,Morning,Under 15 miles,No,,No,39,29,21.0,88,Morning,0.272,17,16,20,0,5,58,Moderate
WL-00471,Group C,Cardiology,2026-06-08,2026-07-23,Morning,Under 15 miles,Yes,,No,18,24,27.0,89,Morning,0.309,26,9,20,10,5,70,High
WL-00472,Group D,Gastroenterology,2026-05-14,2026-06-28,Morning,Under 15 miles,Yes,2026-06-06,No,43,29,2.0,88,Morning,0.272,17,22,20,10,10,79,High
WL-00473,Group B,Neurology,2026-04-18,2026-04-25,Afternoon,Over 40 miles,Yes,2026-04-20,No,69,41,-62.0,74,Morning,0.256,17,25,6,10,5,63,Moderate
WL-00474,Group B,Pulmonology,2026-05-21,2026-07-20,Afternoon,Under 15 miles,Yes,2026-06-09,Yes,36,26,24.0,105,Morning,0.351,35,9,6,10,10,70,High
WL-00475,Group A,Gastroenterology,2026-06-12,2026-08-11,Afternoon,15 to 40 miles,No,,No,14,29,46.0,88,Morning,0.272,17,4,6,0,0,27,Low
WL-00476,Group B,Pulmonology,2026-01-18,2026-02-01,Afternoon,Over 40 miles,Yes,,No,159,26,-145.0,105,Morning,0.351,35,25,6,10,0,76,High
WL-00477,Group A,Cardiology,2026-06-01,2026-08-30,Afternoon,15 to 40 miles,Yes,2026-06-22,No,25,24,65.0,89,Morning,0.309,26,4,6,10,5,51,Moderate
WL-00478,Group B,Endocrinology,2026-06-03,2026-06-17,Afternoon,Over 40 miles,No,,No,23,38,-9.0,77,Morning,0.267,17,25,6,0,0,48,Low
WL-00479,Group D,Gastroenterology,2026-05-14,2026-08-12,Afternoon,Under 15 miles,Yes,,No,43,29,47.0,88,Morning,0.272,17,4,6,10,5,42,Low
WL-00480,Group D,Endocrinology,2026-05-10,2026-05-24,Afternoon,Under 15 miles,No,,No,47,38,-33.0,77,Morning,0.267,17,25,6,0,5,53,Moderate
WL-00481,Group D,Orthopedics,2026-05-21,2026-07-05,Afternoon,Under 15 miles,Yes,,No,36,19,9.0,74,Morning,0.247,17,16,6,10,5,54,Moderate
WL-00482,Group C,Pulmonology,2026-06-11,2026-08-10,Afternoon,15 to 40 miles,Yes,,No,15,26,45.0,105,Morning,0.351,35,9,6,10,0,60,Moderate
WL-00483,Group B,Pulmonology,2026-06-03,2026-06-17,Morning,15 to 40 miles,No,,No,23,26,-9.0,105,Morning,0.351,35,25,20,0,0,80,Critical
WL-00484,Group C,Gastroenterology,2026-05-17,2026-07-01,Afternoon,Under 15 miles,No,,No,40,29,5.0,88,Morning,0.272,17,22,6,0,5,50,Moderate
WL-00485,Group B,Cardiology,2026-06-17,2026-06-24,Afternoon,15 to 40 miles,Yes,,No,9,24,-2.0,89,Morning,0.309,26,25,6,10,0,67,High
WL-00486,Group D,Neurology,2026-06-12,2026-07-27,No preference,Under 15 miles,No,2026-06-24,Yes,14,41,31.0,74,Morning,0.256,17,9,20,0,10,56,Moderate
WL-00487,Group A,Pulmonology,2026-05-12,2026-06-26,Afternoon,Under 15 miles,No,,No,45,26,0.0,105,Morning,0.351,35,25,6,0,5,71,High
WL-00488,Group D,Cardiology,2026-06-14,2026-07-14,Afternoon,15 to 40 miles,Yes,2026-07-06,Yes,12,24,18.0,89,Morning,0.309,26,16,6,10,10,68,High
WL-00489,Group C,Cardiology,2026-06-08,2026-07-23,No preference,Under 15 miles,Yes,,No,18,24,27.0,89,Morning,0.309,26,9,20,10,5,70,High
WL-00490,Group D,Endocrinology,2026-05-09,2026-05-16,Afternoon,Under 15 miles,Yes,,No,48,38,-41.0,77,Morning,0.267,17,25,6,10,5,63,Moderate
WL-00491,Group B,Cardiology,2026-06-09,2026-07-24,Morning,Under 15 miles,Yes,,No,17,24,28.0,89,Morning,0.309,26,9,20,10,5,70,High
WL-00492,Group B,Gastroenterology,2026-05-28,2026-06-27,Afternoon,Under 15 miles,No,2026-06-11,Yes,29,29,1.0,88,Morning,0.272,17,22,6,0,10,55,Moderate
WL-00493,Group A,Pulmonology,2026-04-15,2026-06-14,Morning,15 to 40 miles,Yes,2026-04-28,No,72,26,-12.0,105,Morning,0.351,35,25,20,10,5,95,Critical
WL-00494,Group B,Pulmonology,2026-05-08,2026-05-29,Morning,Over 40 miles,No,,No,49,26,-28.0,105,Morning,0.351,35,25,20,0,0,80,Critical
WL-00495,Group B,Gastroenterology,2026-05-15,2026-05-29,Morning,Under 15 miles,No,,No,42,29,-28.0,88,Morning,0.272,17,25,20,0,5,67,High
WL-00496,Group C,Gastroenterology,2026-06-16,2026-08-15,Morning,Under 15 miles,Yes,2026-06-26,No,10,29,50.0,88,Morning,0.272,17,4,20,10,10,61,Moderate
WL-00497,Group D,Neurology,2026-03-11,2026-04-01,Afternoon,Over 40 miles,Yes,2026-03-14,No,107,41,-86.0,74,Morning,0.256,17,25,6,10,5,63,Moderate
WL-00498,Group C,Endocrinology,2026-06-14,2026-09-12,Afternoon,Under 15 miles,Yes,2026-06-15,No,12,38,78.0,77,Morning,0.267,17,4,6,10,10,47,Low
WL-00499,Group A,Gastroenterology,2026-04-26,2026-06-25,Morning,Under 15 miles,Yes,2026-04-29,No,61,29,-1.0,88,Morning,0.272,17,25,20,10,10,82,Critical
WL-00500,Group B,Pulmonology,2026-06-01,2026-08-30,Afternoon,Over 40 miles,No,,No,25,26,65.0,105,Morning,0.351,35,4,6,0,0,45,Low
WL-00501,Group A,Pulmonology,2026-03-22,2026-04-05,No preference,15 to 40 miles,Yes,,No,96,26,-82.0,105,Morning,0.351,35,25,20,10,0,90,Critical
WL-00502,Group A,Neurology,2026-05-28,2026-06-27,Morning,Under 15 miles,No,,No,29,41,1.0,74,Morning,0.256,17,22,20,0,5,64,Moderate
WL-00503,Group D,Endocrinology,2026-06-17,2026-07-01,Afternoon,Under 15 miles,Yes,,No,9,38,5.0,77,Morning,0.267,17,22,6,10,5,60,Moderate
WL-00504,Group C,Cardiology,2026-05-19,2026-08-17,Morning,Under 15 miles,No,2026-06-13,No,38,24,52.0,89,Morning,0.309,26,4,20,0,10,60,Moderate
WL-00505,Group C,Pulmonology,2026-04-29,2026-05-06,No preference,Under 15 miles,No,,No,58,26,-51.0,105,Morning,0.351,35,25,20,0,5,85,Critical
WL-00506,Group A,Cardiology,2026-06-09,2026-07-24,Morning,Under 15 miles,Yes,,No,17,24,28.0,89,Morning,0.309,26,9,20,10,5,70,High
WL-00507,Group C,Orthopedics,2026-04-25,2026-07-24,Morning,Under 15 miles,Yes,,No,62,19,28.0,74,Morning,0.247,17,9,20,10,5,61,Moderate
WL-00508,Group A,Cardiology,2026-05-10,2026-06-24,Afternoon,15 to 40 miles,Yes,,No,47,24,-2.0,89,Morning,0.309,26,25,6,10,0,67,High
WL-00509,Group D,Cardiology,2026-04-28,2026-05-28,No preference,Under 15 miles,Yes,,No,59,24,-29.0,89,Morning,0.309,26,25,20,10,5,86,Critical
WL-00510,Group D,Pulmonology,2026-04-27,2026-05-04,Afternoon,Under 15 miles,Yes,2026-05-16,No,60,26,-53.0,105,Morning,0.351,35,25,6,10,10,86,Critical
WL-00511,Group B,Neurology,2026-06-06,2026-07-21,Afternoon,Over 40 miles,Yes,,No,20,41,25.0,74,Morning,0.256,17,9,6,10,0,42,Low
WL-00512,Group B,Orthopedics,2026-05-29,2026-06-19,Morning,15 to 40 miles,Yes,,No,28,19,-7.0,74,Morning,0.247,17,25,20,10,0,72,High
WL-00513,Group A,Neurology,2026-06-16,2026-06-23,No preference,15 to 40 miles,No,,No,10,41,-3.0,74,Morning,0.256,17,25,20,0,0,62,Moderate
WL-00514,Group A,Cardiology,2026-06-10,2026-07-01,Afternoon,Under 15 miles,Yes,,No,16,24,5.0,89,Morning,0.309,26,22,6,10,5,69,High
WL-00515,Group D,Orthopedics,2026-05-12,2026-06-26,Afternoon,Under 15 miles,Yes,,No,45,19,0.0,74,Morning,0.247,17,25,6,10,5,63,Moderate
WL-00516,Group A,Gastroenterology,2026-06-09,2026-06-16,Morning,15 to 40 miles,Yes,,No,17,29,-10.0,88,Morning,0.272,17,25,20,10,0,72,High
WL-00517,Group B,Cardiology,2026-05-18,2026-07-02,Afternoon,Under 15 miles,Yes,,No,39,24,6.0,89,Morning,0.309,26,22,6,10,5,69,High
WL-00518,Group B,Gastroenterology,2026-06-03,2026-07-03,Morning,15 to 40 miles,No,2026-06-30,Yes,23,29,7.0,88,Morning,0.272,17,22,20,0,10,69,High
WL-00519,Group A,Endocrinology,2026-05-07,2026-06-06,No preference,Over 40 miles,Yes,,No,50,38,-20.0,77,Morning,0.267,17,25,20,10,0,72,High
WL-00520,Group D,Gastroenterology,2026-04-06,2026-05-21,No preference,15 to 40 miles,No,2026-04-27,No,81,29,-36.0,88,Morning,0.272,17,25,20,0,5,67,High
WL-00521,Group A,Orthopedics,2026-04-17,2026-06-01,No preference,Under 15 miles,No,,No,70,19,-25.0,74,Morning,0.247,17,25,20,0,5,67,High
WL-00522,Group D,Gastroenterology,2026-06-01,2026-07-31,Morning,Under 15 miles,Yes,,No,25,29,35.0,88,Morning,0.272,17,9,20,10,5,61,Moderate
WL-00523,Group D,Orthopedics,2026-04-25,2026-05-02,Afternoon,15 to 40 miles,Yes,2026-05-20,Yes,62,19,-55.0,74,Morning,0.247,17,25,6,10,10,68,High
WL-00524,Group A,Endocrinology,2026-05-26,2026-06-25,Afternoon,Over 40 miles,Yes,,No,31,38,-1.0,77,Morning,0.267,17,25,6,10,0,58,Moderate
WL-00525,Group D,Endocrinology,2026-06-17,2026-08-01,Afternoon,15 to 40 miles,Yes,2026-06-26,No,9,38,36.0,77,Morning,0.267,17,9,6,10,5,47,Low
WL-00526,Group B,Orthopedics,2026-05-22,2026-08-20,No preference,15 to 40 miles,No,2026-06-16,Yes,35,19,55.0,74,Morning,0.247,17,4,20,0,10,51,Moderate
WL-00527,Group D,Cardiology,2026-05-28,2026-06-18,Morning,15 to 40 miles,Yes,2026-06-25,No,29,24,-8.0,89,Morning,0.309,26,25,20,10,5,86,Critical
WL-00528,Group D,Gastroenterology,2026-04-01,2026-05-01,Afternoon,Under 15 miles,Yes,,No,86,29,-56.0,88,Morning,0.272,17,25,6,10,5,63,Moderate
WL-00529,Group D,Neurology,2026-06-07,2026-06-14,No preference,Under 15 miles,No,,No,19,41,-12.0,74,Morning,0.256,17,25,20,0,5,67,High
WL-00530,Group D,Orthopedics,2026-06-12,2026-08-11,Morning,15 to 40 miles,Yes,,No,14,19,46.0,74,Morning,0.247,17,4,20,10,0,51,Moderate
WL-00531,Group C,Cardiology,2026-05-15,2026-06-29,Afternoon,15 to 40 miles,No,,No,42,24,3.0,89,Morning,0.309,26,22,6,0,0,54,Moderate
WL-00532,Group D,Cardiology,2026-05-11,2026-08-09,Morning,Under 15 miles,Yes,2026-05-13,No,46,24,44.0,89,Morning,0.309,26,9,20,10,10,75,High
WL-00533,Group A,Neurology,2026-05-21,2026-07-20,No preference,Under 15 miles,No,,No,36,41,24.0,74,Morning,0.256,17,9,20,0,5,51,Moderate
WL-00534,Group D,Cardiology,2026-05-12,2026-06-26,Morning,Under 15 miles,Yes,,No,45,24,0.0,89,Morning,0.309,26,25,20,10,5,86,Critical
WL-00535,Group C,Gastroenterology,2026-06-12,2026-08-11,Morning,Under 15 miles,Yes,,No,14,29,46.0,88,Morning,0.272,17,4,20,10,5,56,Moderate
WL-00536,Group A,Pulmonology,2026-06-21,2026-09-19,Afternoon,Under 15 miles,Yes,,No,5,26,85.0,105,Morning,0.351,35,4,6,10,5,60,Moderate
WL-00537,Group D,Pulmonology,2026-05-01,2026-05-31,No preference,Under 15 miles,Yes,,No,56,26,-26.0,105,Morning,0.351,35,25,20,10,5,95,Critical
WL-00538,Group A,Endocrinology,2026-04-09,2026-05-09,Morning,Under 15 miles,Yes,2026-04-30,Yes,78,38,-48.0,77,Morning,0.267,17,25,20,10,10,82,Critical
WL-00539,Group D,Gastroenterology,2026-05-19,2026-07-18,Morning,Over 40 miles,No,2026-05-24,Yes,38,29,22.0,88,Morning,0.272,17,9,20,0,10,56,Moderate
WL-00540,Group B,Pulmonology,2026-01-11,2026-03-12,Afternoon,Over 40 miles,No,2026-01-31,Yes,166,26,-106.0,105,Morning,0.351,35,25,6,0,10,76,High
WL-00541,Group A,Gastroenterology,2026-05-03,2026-06-17,No preference,15 to 40 miles,Yes,,No,54,29,-9.0,88,Morning,0.272,17,25,20,10,0,72,High
WL-00542,Group D,Neurology,2026-04-30,2026-07-29,Afternoon,Under 15 miles,No,,No,57,41,33.0,74,Morning,0.256,17,9,6,0,5,37,Low
WL-00543,Group A,Cardiology,2026-05-15,2026-06-29,Morning,Under 15 miles,No,2026-05-17,Yes,42,24,3.0,89,Morning,0.309,26,22,20,0,10,78,High
WL-00544,Group B,Cardiology,2026-05-18,2026-05-25,Afternoon,Under 15 miles,Yes,,No,39,24,-32.0,89,Morning,0.309,26,25,6,10,5,72,High
WL-00545,Group C,Neurology,2026-06-20,2026-07-04,Afternoon,Over 40 miles,Yes,,No,6,41,8.0,74,Morning,0.256,17,16,6,10,0,49,Low
WL-00546,Group D,Endocrinology,2026-05-10,2026-05-24,Morning,Under 15 miles,No,,No,47,38,-33.0,77,Morning,0.267,17,25,20,0,5,67,High
WL-00547,Group A,Pulmonology,2026-06-11,2026-07-11,Afternoon,Under 15 miles,Yes,,No,15,26,15.0,105,Morning,0.351,35,16,6,10,5,72,High
WL-00548,Group D,Cardiology,2026-05-05,2026-05-26,Morning,Under 15 miles,Yes,2026-05-24,Yes,52,24,-31.0,89,Morning,0.309,26,25,20,10,10,91,Critical
WL-00549,Group D,Orthopedics,2026-04-26,2026-06-25,Afternoon,Under 15 miles,Yes,,No,61,19,-1.0,74,Morning,0.247,17,25,6,10,5,63,Moderate
WL-00550,Group B,Gastroenterology,2026-05-28,2026-07-12,Afternoon,15 to 40 miles,Yes,,No,29,29,16.0,88,Morning,0.272,17,16,6,10,0,49,Low
WL-00551,Group D,Endocrinology,2026-05-28,2026-07-27,Morning,Under 15 miles,Yes,,No,29,38,31.0,77,Morning,0.267,17,9,20,10,5,61,Moderate
WL-00552,Group D,Neurology,2026-05-19,2026-07-18,Morning,Under 15 miles,Yes,2026-06-10,No,38,41,22.0,74,Morning,0.256,17,9,20,10,10,66,High
WL-00553,Group A,Orthopedics,2026-05-30,2026-07-29,Afternoon,Over 40 miles,Yes,,No,27,19,33.0,74,Morning,0.247,17,9,6,10,0,42,Low
WL-00554,Group B,Neurology,2026-06-09,2026-06-16,No preference,Under 15 miles,No,2026-06-25,Yes,17,41,-10.0,74,Morning,0.256,17,25,20,0,10,72,High
WL-00555,Group C,Orthopedics,2026-06-02,2026-07-02,Morning,Under 15 miles,Yes,,No,24,19,6.0,74,Morning,0.247,17,22,20,10,5,74,High
WL-00556,Group A,Endocrinology,2026-04-23,2026-05-23,Morning,15 to 40 miles,No,2026-05-21,No,64,38,-34.0,77,Morning,0.267,17,25,20,0,5,67,High
WL-00557,Group B,Neurology,2026-05-13,2026-06-12,Morning,15 to 40 miles,No,2026-05-28,Yes,44,41,-14.0,74,Morning,0.256,17,25,20,0,10,72,High
WL-00558,Group D,Orthopedics,2026-03-26,2026-06-24,Afternoon,Over 40 miles,Yes,,No,92,19,-2.0,74,Morning,0.247,17,25,6,10,0,58,Moderate
WL-00559,Group B,Cardiology,2026-04-06,2026-04-27,Afternoon,Over 40 miles,No,,No,81,24,-60.0,89,Morning,0.309,26,25,6,0,0,57,Moderate
WL-00560,Group B,Gastroenterology,2026-06-20,2026-07-11,Afternoon,Over 40 miles,Yes,,No,6,29,15.0,88,Morning,0.272,17,16,6,10,0,49,Low
WL-00561,Group A,Endocrinology,2026-06-02,2026-06-16,Afternoon,15 to 40 miles,Yes,,No,24,38,-10.0,77,Morning,0.267,17,25,6,10,0,58,Moderate
WL-00562,Group D,Neurology,2026-03-25,2026-04-15,Afternoon,Over 40 miles,Yes,2026-03-27,No,93,41,-72.0,74,Morning,0.256,17,25,6,10,5,63,Moderate
WL-00563,Group A,Cardiology,2026-05-10,2026-07-09,Morning,15 to 40 miles,No,,No,47,24,13.0,89,Morning,0.309,26,16,20,0,0,62,Moderate
WL-00564,Group D,Gastroenterology,2026-06-10,2026-07-25,Morning,Under 15 miles,Yes,2026-06-22,Yes,16,29,29.0,88,Morning,0.272,17,9,20,10,10,66,High
WL-00565,Group A,Pulmonology,2026-05-18,2026-06-01,Afternoon,15 to 40 miles,Yes,,No,39,26,-25.0,105,Morning,0.351,35,25,6,10,0,76,High
WL-00566,Group A,Gastroenterology,2026-06-24,2026-08-08,Morning,Under 15 miles,Yes,2026-07-16,No,2,29,43.0,88,Morning,0.272,17,9,20,10,10,66,High
WL-00567,Group A,Neurology,2026-05-24,2026-07-23,Afternoon,Over 40 miles,Yes,,No,33,41,27.0,74,Morning,0.256,17,9,6,10,0,42,Low
WL-00568,Group C,Orthopedics,2026-04-17,2026-05-01,Afternoon,Under 15 miles,No,,No,70,19,-56.0,74,Morning,0.247,17,25,6,0,5,53,Moderate
WL-00569,Group A,Endocrinology,2026-03-22,2026-04-05,Morning,15 to 40 miles,Yes,,No,96,38,-82.0,77,Morning,0.267,17,25,20,10,0,72,High
WL-00570,Group B,Orthopedics,2026-06-08,2026-09-06,Morning,15 to 40 miles,No,2026-06-24,Yes,18,19,72.0,74,Morning,0.247,17,4,20,0,10,51,Moderate
WL-00571,Group D,Gastroenterology,2026-02-22,2026-03-24,No preference,Under 15 miles,No,2026-03-24,Yes,124,29,-94.0,88,Morning,0.272,17,25,20,0,10,72,High
WL-00572,Group A,Endocrinology,2026-05-25,2026-07-09,Morning,Under 15 miles,Yes,,No,32,38,13.0,77,Morning,0.267,17,16,20,10,5,68,High
WL-00573,Group D,Neurology,2026-03-26,2026-04-09,No preference,Under 15 miles,No,,No,92,41,-78.0,74,Morning,0.256,17,25,20,0,5,67,High
WL-00574,Group C,Gastroenterology,2026-03-22,2026-04-05,Morning,15 to 40 miles,Yes,,No,96,29,-82.0,88,Morning,0.272,17,25,20,10,0,72,High
WL-00575,Group A,Neurology,2026-05-14,2026-06-28,Afternoon,Over 40 miles,Yes,,No,43,41,2.0,74,Morning,0.256,17,22,6,10,0,55,Moderate
WL-00576,Group B,Pulmonology,2026-05-18,2026-06-08,Morning,Under 15 miles,No,,No,39,26,-18.0,105,Morning,0.351,35,25,20,0,5,85,Critical
WL-00577,Group D,Cardiology,2026-02-19,2026-04-05,No preference,15 to 40 miles,Yes,,No,127,24,-82.0,89,Morning,0.309,26,25,20,10,0,81,Critical
WL-00578,Group A,Gastroenterology,2026-05-14,2026-05-21,No preference,Under 15 miles,No,,No,43,29,-36.0,88,Morning,0.272,17,25,20,0,5,67,High
WL-00579,Group C,Gastroenterology,2026-04-12,2026-05-03,Morning,15 to 40 miles,Yes,,No,75,29,-54.0,88,Morning,0.272,17,25,20,10,0,72,High
WL-00580,Group A,Neurology,2026-05-13,2026-08-11,No preference,Under 15 miles,Yes,,No,44,41,46.0,74,Morning,0.256,17,4,20,10,5,56,Moderate
WL-00581,Group B,Neurology,2026-05-06,2026-05-20,Afternoon,Under 15 miles,Yes,2026-06-02,Yes,51,41,-37.0,74,Morning,0.256,17,25,6,10,10,68,High
WL-00582,Group C,Neurology,2026-06-01,2026-07-01,Morning,15 to 40 miles,No,,No,25,41,5.0,74,Morning,0.256,17,22,20,0,0,59,Moderate
WL-00583,Group D,Orthopedics,2026-06-11,2026-08-10,No preference,15 to 40 miles,No,,No,15,19,45.0,74,Morning,0.247,17,9,20,0,0,46,Low
WL-00584,Group C,Cardiology,2026-06-09,2026-06-16,Afternoon,Under 15 miles,Yes,,No,17,24,-10.0,89,Morning,0.309,26,25,6,10,5,72,High
WL-00585,Group D,Orthopedics,2026-05-25,2026-06-15,Morning,15 to 40 miles,Yes,,Unknown,32,19,-11.0,74,Morning,0.247,17,25,20,10,0,72,High
WL-00586,Group A,Pulmonology,2026-06-18,2026-06-25,No preference,15 to 40 miles,Yes,,No,8,26,-1.0,105,Morning,0.351,35,25,20,10,0,90,Critical
WL-00587,Group D,Orthopedics,2026-05-09,,Morning,Under 15 miles,No,,No,48,19,,74,Morning,0.247,17,8,20,0,5,50,Moderate
WL-00588,Group C,Gastroenterology,2026-05-20,2026-08-18,Afternoon,15 to 40 miles,No,,No,37,29,53.0,88,Morning,0.272,17,4,6,0,0,27,Low
WL-00589,Group D,Neurology,2026-05-26,2026-08-24,Afternoon,15 to 40 miles,No,,No,31,41,59.0,74,Morning,0.256,17,4,6,0,0,27,Low
WL-00590,Group A,Cardiology,2026-06-14,2026-07-29,Afternoon,15 to 40 miles,Yes,,No,12,24,33.0,89,Morning,0.309,26,9,6,10,0,51,Moderate
WL-00591,Group D,Endocrinology,2026-02-24,2026-03-17,Morning,15 to 40 miles,No,,No,122,38,-101.0,77,Morning,0.267,17,25,20,0,0,62,Moderate
WL-00592,Group D,Cardiology,2026-05-11,2026-06-25,No preference,Under 15 miles,Yes,,No,46,24,-1.0,89,Morning,0.309,26,25,20,10,5,86,Critical
WL-00593,Group B,Endocrinology,2026-04-08,2026-05-23,Morning,Over 40 miles,Yes,,No,79,38,-34.0,77,Morning,0.267,17,25,20,10,0,72,High
WL-00594,Group C,Pulmonology,2026-04-12,2026-07-11,Morning,Over 40 miles,Yes,,No,75,26,15.0,105,Morning,0.351,35,16,20,10,0,81,Critical
WL-00595,Group B,Orthopedics,2026-05-05,2026-06-04,Afternoon,Under 15 miles,Yes,,No,52,19,-22.0,74,Morning,0.247,17,25,6,10,5,63,Moderate
WL-00596,Group B,Cardiology,2026-04-29,2026-05-29,Afternoon,Over 40 miles,No,2026-05-12,Yes,58,24,-28.0,89,Morning,0.309,26,25,6,0,10,67,High
WL-00597,Group A,Gastroenterology,2026-05-14,2026-05-28,Morning,Under 15 miles,No,2026-06-03,No,43,29,-29.0,88,Morning,0.272,17,25,20,0,10,72,High
WL-00598,Group C,Cardiology,2026-05-02,2026-06-01,No preference,Under 15 miles,Yes,,No,55,24,-25.0,89,Morning,0.309,26,25,20,10,5,86,Critical
WL-00599,Group C,Orthopedics,2026-05-28,2026-07-27,Morning,Over 40 miles,Yes,,No,29,19,31.0,74,Morning,0.247,17,9,20,10,0,56,Moderate
WL-00600,Group B,Pulmonology,2026-06-19,2026-07-03,Morning,15 to 40 miles,Yes,,No,7,26,7.0,105,Morning,0.351,35,22,20,10,0,87,Critical
WL-00601,Group C,Neurology,2026-06-17,2026-07-17,Afternoon,15 to 40 miles,Yes,,No,9,41,21.0,74,Morning,0.256,17,16,6,10,0,49,Low
WL-00602,Group B,Gastroenterology,2026-05-16,2026-05-30,Afternoon,Under 15 miles,No,2026-05-30,Yes,41,29,-27.0,88,Morning,0.272,17,25,6,0,10,58,Moderate
WL-00603,Group A,Orthopedics,2026-05-10,2026-06-24,Morning,Under 15 miles,Yes,2026-05-25,Yes,47,19,-2.0,74,Morning,0.247,17,25,20,10,10,82,Critical
WL-00604,Group D,Gastroenterology,2026-06-14,2026-07-29,No preference,Under 15 miles,No,,No,12,29,33.0,88,Morning,0.272,17,9,20,0,5,51,Moderate
WL-00605,Group C,Endocrinology,2026-06-10,2026-09-08,No preference,Under 15 miles,Yes,2026-06-27,Yes,16,38,74.0,77,Morning,0.267,17,4,20,10,10,61,Moderate
WL-00606,Group B,Endocrinology,2026-03-28,2026-04-27,Afternoon,Under 15 miles,No,,No,90,38,-60.0,77,Morning,0.267,17,25,6,0,5,53,Moderate
WL-00607,Group C,Pulmonology,2026-05-29,2026-07-28,Afternoon,Under 15 miles,No,,No,28,26,32.0,105,Morning,0.351,35,9,6,0,5,55,Moderate
WL-00608,Group A,Neurology,2026-06-14,2026-06-21,Afternoon,Under 15 miles,Yes,2026-07-01,Yes,12,41,-5.0,74,Morning,0.256,17,25,6,10,10,68,High
WL-00609,Group A,Neurology,2026-05-25,2026-07-24,Afternoon,Under 15 miles,No,,No,32,41,28.0,74,Morning,0.256,17,9,6,0,5,37,Low
WL-00610,Group C,Pulmonology,2026-03-26,2026-04-09,Afternoon,15 to 40 miles,Yes,,No,92,26,-78.0,105,Morning,0.351,35,25,6,10,0,76,High
WL-00611,Group A,Neurology,2026-04-29,2026-07-28,Morning,15 to 40 miles,No,,No,58,41,32.0,74,Morning,0.256,17,9,20,0,0,46,Low
WL-00612,Group B,Neurology,2026-06-11,2026-07-26,Morning,Under 15 miles,Yes,2026-06-15,No,15,41,30.0,74,Morning,0.256,17,9,20,10,10,66,High
WL-00613,Group D,Orthopedics,2026-06-01,2026-06-22,Morning,Under 15 miles,Yes,2026-06-14,Yes,25,19,-4.0,74,Morning,0.247,17,25,20,10,10,82,Critical
WL-00614,Group A,Cardiology,2026-05-18,2026-06-08,No preference,Over 40 miles,No,,No,39,24,-18.0,89,Morning,0.309,26,25,20,0,0,71,High
WL-00615,Group C,Pulmonology,2026-05-20,2026-06-10,Morning,Under 15 miles,Yes,,No,37,26,-16.0,105,Morning,0.351,35,25,20,10,5,95,Critical
WL-00616,Group A,Pulmonology,2026-05-06,2026-05-13,Morning,15 to 40 miles,Yes,,No,51,26,-44.0,105,Morning,0.351,35,25,20,10,0,90,Critical
WL-00617,Group D,Pulmonology,2026-06-05,2026-07-05,Morning,Over 40 miles,No,,No,21,26,9.0,105,Morning,0.351,35,16,20,0,0,71,High
WL-00618,Group A,Pulmonology,2026-05-18,2026-08-16,Morning,15 to 40 miles,No,,No,39,26,51.0,105,Morning,0.351,35,4,20,0,0,59,Moderate
WL-00619,Group B,Gastroenterology,2026-05-08,2026-07-07,No preference,15 to 40 miles,Yes,,No,49,29,11.0,88,Morning,0.272,17,16,20,10,0,63,Moderate
WL-00620,Group A,Gastroenterology,2026-01-16,2026-04-16,Afternoon,Over 40 miles,No,2026-02-07,No,161,29,-71.0,88,Morning,0.272,17,25,6,0,5,53,Moderate
WL-00621,Group D,Orthopedics,2026-04-17,2026-07-16,Morning,Under 15 miles,Yes,,No,70,19,20.0,74,Morning,0.247,17,16,20,10,5,68,High
WL-00622,Group A,Gastroenterology,2026-06-12,2026-07-27,Afternoon,Under 15 miles,Yes,,No,14,29,31.0,88,Morning,0.272,17,9,6,10,5,47,Low
WL-00623,Group A,Orthopedics,2026-05-26,2026-06-02,Afternoon,Under 15 miles,No,,No,31,19,-24.0,74,Morning,0.247,17,25,6,0,5,53,Moderate
WL-00624,Group B,Neurology,2026-04-25,2026-05-25,Afternoon,Over 40 miles,No,,No,62,41,-32.0,74,Morning,0.256,17,25,6,0,0,48,Low
WL-00625,Group D,Neurology,2026-06-16,2026-08-15,No preference,Under 15 miles,Yes,,No,10,41,50.0,74,Morning,0.256,17,4,20,10,5,56,Moderate
WL-00626,Group B,Endocrinology,2026-06-09,2026-06-23,Morning,Over 40 miles,Yes,,No,17,38,-3.0,77,Morning,0.267,17,25,20,10,0,72,High
WL-00627,Group A,Neurology,2026-06-08,2026-09-06,No preference,Under 15 miles,Yes,2026-06-14,Yes,18,41,72.0,74,Morning,0.256,17,4,20,10,10,61,Moderate
WL-00628,Group D,Gastroenterology,2026-06-04,2026-06-25,Afternoon,Over 40 miles,No,,No,22,29,-1.0,88,Morning,0.272,17,25,6,0,0,48,Low
WL-00629,Group C,Gastroenterology,2026-05-17,2026-08-15,Afternoon,Under 15 miles,Yes,2026-06-04,No,40,29,50.0,88,Morning,0.272,17,4,6,10,10,47,Low
WL-00630,Group B,Orthopedics,2026-03-02,2026-05-31,Morning,Under 15 miles,No,2026-03-20,No,116,19,-26.0,74,Morning,0.247,17,25,20,0,10,72,High
WL-00631,Group C,Endocrinology,2026-05-07,2026-06-06,Morning,Under 15 miles,No,2026-05-30,Yes,50,38,-20.0,77,Morning,0.267,17,25,20,0,10,72,High
WL-00632,Group C,Pulmonology,2026-05-01,2026-05-08,Morning,Under 15 miles,No,,No,56,26,-49.0,105,Morning,0.351,35,25,20,0,5,85,Critical
WL-00633,Group A,Pulmonology,2026-06-04,2026-07-04,Afternoon,15 to 40 miles,Yes,,No,22,26,8.0,105,Morning,0.351,35,16,6,10,0,67,High
WL-00634,Group A,Cardiology,2026-06-09,2026-06-16,No preference,Over 40 miles,Yes,,No,17,24,-10.0,89,Morning,0.309,26,25,20,10,0,81,Critical
WL-00635,Group C,Endocrinology,2026-06-01,2026-06-08,Morning,Under 15 miles,Yes,2026-06-09,No,25,38,-18.0,77,Morning,0.267,17,25,20,10,10,82,Critical
WL-00636,Group B,Endocrinology,2026-06-24,2026-07-24,Afternoon,15 to 40 miles,No,,No,2,38,28.0,77,Morning,0.267,17,9,6,0,0,32,Low
WL-00637,Group D,Gastroenterology,2026-06-11,2026-07-02,Afternoon,15 to 40 miles,Yes,,No,15,29,6.0,88,Morning,0.272,17,22,6,10,0,55,Moderate
WL-00638,Group D,Cardiology,2026-06-09,2026-06-16,Morning,15 to 40 miles,Yes,,No,17,24,-10.0,89,Morning,0.309,26,25,20,10,0,81,Critical
WL-00639,Group B,Gastroenterology,2026-04-15,2026-07-14,Morning,Under 15 miles,Yes,,No,72,29,18.0,88,Morning,0.272,17,16,20,10,5,68,High
WL-00640,Group C,Gastroenterology,2026-05-09,2026-06-08,No preference,Over 40 miles,Yes,,No,48,29,-18.0,88,Morning,0.272,17,25,20,10,0,72,High
WL-00641,Group C,Endocrinology,2026-04-30,2026-06-14,Morning,15 to 40 miles,No,,No,57,38,-12.0,77,Morning,0.267,17,25,20,0,0,62,Moderate
WL-00642,Group B,Cardiology,2026-05-15,2026-05-22,Morning,Under 15 miles,Yes,2026-06-12,No,42,24,-35.0,89,Morning,0.309,26,25,20,10,10,91,Critical
WL-00644,Group C,Orthopedics,2026-05-30,2026-07-14,Morning,Over 40 miles,Yes,,No,27,19,18.0,74,Morning,0.247,17,16,20,10,0,63,Moderate
WL-00645,Group D,Orthopedics,2026-05-02,2026-07-31,Afternoon,15 to 40 miles,Yes,,No,55,19,35.0,74,Morning,0.247,17,9,6,10,0,42,Low
WL-00646,Group A,Cardiology,2026-06-11,2026-07-26,Morning,15 to 40 miles,Yes,,No,15,24,30.0,89,Morning,0.309,26,9,20,10,0,65,High
WL-00647,Group D,Orthopedics,2026-06-01,2026-07-16,Afternoon,Over 40 miles,No,2026-06-24,No,25,19,20.0,74,Morning,0.247,17,16,6,0,5,44,Low
WL-00648,Group C,Endocrinology,2026-05-03,2026-05-17,Morning,15 to 40 miles,No,,No,54,38,-40.0,77,Morning,0.267,17,25,20,0,0,62,Moderate
WL-00649,Group A,Endocrinology,2026-06-11,2026-09-09,Morning,Under 15 miles,Yes,,No,15,38,75.0,77,Morning,0.267,17,4,20,10,5,56,Moderate
WL-00650,Group D,Neurology,2026-05-22,2026-05-29,No preference,Under 15 miles,Yes,,No,35,41,-28.0,74,Morning,0.256,17,25,20,10,5,77,High
WL-00651,Group C,Cardiology,2026-06-04,2026-08-03,Afternoon,Under 15 miles,No,2026-06-19,Yes,22,24,38.0,89,Morning,0.309,26,9,6,0,10,51,Moderate
WL-00652,Group A,Cardiology,2026-06-22,2026-09-20,Morning,Under 15 miles,No,,No,4,24,86.0,89,Morning,0.309,26,4,20,0,5,55,Moderate
WL-00653,Group B,Gastroenterology,2026-04-03,2026-06-02,Afternoon,Under 15 miles,No,,No,84,29,-24.0,88,Morning,0.272,17,25,6,0,5,53,Moderate
WL-00654,Group C,Pulmonology,2026-06-22,2026-08-21,Morning,15 to 40 miles,No,,No,4,26,56.0,105,Morning,0.351,35,4,20,0,0,59,Moderate
WL-00655,Group B,Neurology,2026-04-20,2026-05-20,Morning,Under 15 miles,Yes,,No,67,41,-37.0,74,Morning,0.256,17,25,20,10,5,77,High
WL-00656,Group D,Pulmonology,2026-05-12,2026-05-26,Morning,Under 15 miles,Yes,,No,45,26,-31.0,105,Morning,0.351,35,25,20,10,5,95,Critical
WL-00657,Group B,Orthopedics,2026-05-14,2026-07-13,Afternoon,Under 15 miles,No,,No,43,19,17.0,74,Morning,0.247,17,16,6,0,5,44,Low
WL-00658,Group D,Neurology,2026-05-29,2026-06-28,No preference,Over 40 miles,Yes,,No,28,41,2.0,74,Morning,0.256,17,22,20,10,0,69,High
WL-00659,Group A,Gastroenterology,2026-05-14,2026-07-13,Afternoon,15 to 40 miles,Yes,,Unknown,43,29,17.0,88,Morning,0.272,17,16,6,10,0,49,Low
WL-00660,Group B,Endocrinology,2026-05-07,2026-05-28,No preference,15 to 40 miles,Yes,,No,50,38,-29.0,77,Morning,0.267,17,25,20,10,0,72,High
WL-00661,Group B,Orthopedics,2026-04-29,2026-06-28,Morning,Under 15 miles,No,,No,58,19,2.0,74,Morning,0.247,17,22,20,0,5,64,Moderate
WL-00662,Group D,Neurology,2026-02-22,2026-03-15,Afternoon,Under 15 miles,No,2026-03-11,Yes,124,41,-103.0,74,Morning,0.256,17,25,6,0,10,58,Moderate
WL-00663,Group B,Orthopedics,2026-04-29,2026-05-13,Morning,Under 15 miles,Yes,2026-05-04,Yes,58,19,-44.0,74,Morning,0.247,17,25,20,10,10,82,Critical
WL-00664,Group D,Pulmonology,2026-01-17,2026-01-31,Morning,15 to 40 miles,No,,No,160,26,-146.0,105,Morning,0.351,35,25,20,0,0,80,Critical
WL-00665,Group A,Endocrinology,2026-05-31,2026-06-30,Afternoon,Under 15 miles,Yes,,No,26,38,4.0,77,Morning,0.267,17,22,6,10,5,60,Moderate
WL-00666,Group D,Endocrinology,2026-05-17,2026-07-01,Afternoon,Under 15 miles,Yes,,No,40,38,5.0,77,Morning,0.267,17,22,6,10,5,60,Moderate
WL-00667,Group D,Endocrinology,2026-03-30,2026-05-14,No preference,Under 15 miles,Yes,,No,88,38,-43.0,77,Morning,0.267,17,25,20,10,5,77,High
WL-00668,Group D,Cardiology,2026-06-02,2026-07-17,Afternoon,15 to 40 miles,Yes,,No,24,24,21.0,89,Morning,0.309,26,16,6,10,0,58,Moderate
WL-00669,Group B,Gastroenterology,2026-06-06,2026-09-04,Morning,Under 15 miles,No,2026-06-21,No,20,29,70.0,88,Morning,0.272,17,4,20,0,10,51,Moderate
WL-00670,Group D,Gastroenterology,2026-05-22,2026-06-21,No preference,15 to 40 miles,Yes,2026-06-09,Yes,35,29,-5.0,88,Morning,0.272,17,25,20,10,10,82,Critical
WL-00671,Group D,Cardiology,2026-05-25,2026-06-24,Morning,Under 15 miles,No,,No,32,24,-2.0,89,Morning,0.309,26,25,20,0,5,76,High
WL-00672,Group A,Neurology,2026-05-26,2026-07-25,No preference,Under 15 miles,No,2026-06-16,No,31,41,29.0,74,Morning,0.256,17,9,20,0,10,56,Moderate
WL-00673,Group D,Orthopedics,2026-05-03,2026-07-02,Afternoon,Over 40 miles,No,,No,54,19,6.0,74,Morning,0.247,17,22,6,0,0,45,Low
WL-00674,Group A,Gastroenterology,2026-05-11,2026-06-10,Afternoon,Under 15 miles,No,,No,46,29,-16.0,88,Morning,0.272,17,25,6,0,5,53,Moderate
WL-00675,Group A,Gastroenterology,2026-05-27,2026-06-03,Morning,Under 15 miles,No,,No,30,29,-23.0,88,Morning,0.272,17,25,20,0,5,67,High
WL-00676,Group B,Cardiology,2026-06-10,2026-07-10,Afternoon,Under 15 miles,No,,No,16,24,14.0,89,Morning,0.309,26,16,6,0,5,53,Moderate
WL-00677,Group C,Cardiology,2026-03-26,2026-04-16,No preference,Under 15 miles,Yes,,No,92,24,-71.0,89,Morning,0.309,26,25,20,10,5,86,Critical
WL-00678,Group A,Gastroenterology,2026-04-21,2026-04-28,Morning,Under 15 miles,No,,No,66,29,-59.0,88,Morning,0.272,17,25,20,0,5,67,High
WL-00679,Group D,Orthopedics,2026-06-06,2026-09-04,Afternoon,Over 40 miles,No,,No,20,19,70.0,74,Morning,0.247,17,4,6,0,0,27,Low
WL-00680,Group D,Orthopedics,2026-05-29,2026-06-05,Morning,Under 15 miles,Yes,,No,28,19,-21.0,74,Morning,0.247,17,25,20,10,5,77,High
WL-00681,Group D,Gastroenterology,2026-06-07,2026-06-14,Morning,Under 15 miles,Yes,,No,19,29,-12.0,88,Morning,0.272,17,25,20,10,5,77,High
WL-00682,Group D,Endocrinology,2026-05-15,2026-08-13,Morning,Under 15 miles,Yes,2026-06-09,No,42,38,48.0,77,Morning,0.267,17,4,20,10,10,61,Moderate
WL-00683,Group B,Endocrinology,2026-05-29,2026-08-27,Morning,Over 40 miles,Yes,,No,28,38,62.0,77,Morning,0.267,17,4,20,10,0,51,Moderate
WL-00684,Group A,Endocrinology,2026-04-27,2026-05-18,Afternoon,15 to 40 miles,No,,No,60,38,-39.0,77,Morning,0.267,17,25,6,0,0,48,Low
WL-00685,Group D,Gastroenterology,2026-03-28,2026-04-11,Morning,Under 15 miles,Yes,2026-04-10,No,90,29,-76.0,88,Morning,0.272,17,25,20,10,10,82,Critical
WL-00686,Group D,Pulmonology,2026-06-02,2026-06-16,Afternoon,Under 15 miles,Yes,2026-06-22,Yes,24,26,-10.0,105,Morning,0.351,35,25,6,10,10,86,Critical
WL-00687,Group D,Gastroenterology,2026-05-05,2026-08-03,Afternoon,Under 15 miles,Yes,,No,52,29,38.0,88,Morning,0.272,17,9,6,10,5,47,Low
WL-00688,Group C,Gastroenterology,2026-05-10,2026-05-17,Afternoon,Over 40 miles,Yes,,No,47,29,-40.0,88,Morning,0.272,17,25,6,10,0,58,Moderate
WL-00689,Group A,Cardiology,2026-05-30,2026-06-13,Morning,15 to 40 miles,No,,No,27,24,-13.0,89,Morning,0.309,26,25,20,0,0,71,High
WL-00690,Group D,Neurology,2026-04-25,2026-05-25,Morning,Under 15 miles,No,2026-05-08,Yes,62,41,-32.0,74,Morning,0.256,17,25,20,0,10,72,High
WL-00691,Group D,Gastroenterology,2026-05-26,2026-06-09,Afternoon,Under 15 miles,No,,No,31,29,-17.0,88,Morning,0.272,17,25,6,0,5,53,Moderate
WL-00692,Group D,Gastroenterology,2026-06-17,2026-09-15,Morning,Under 15 miles,No,,No,9,29,81.0,88,Morning,0.272,17,4,20,0,5,46,Low
WL-00693,Group A,Neurology,2026-05-18,2026-05-25,Afternoon,15 to 40 miles,Yes,2026-05-21,Yes,39,41,-32.0,74,Morning,0.256,17,25,6,10,10,68,High
WL-00694,Group A,Neurology,2026-05-29,2026-06-05,No preference,Over 40 miles,Yes,,No,28,41,-21.0,74,Morning,0.256,17,25,20,10,0,72,High
WL-00695,Group B,Neurology,2026-04-09,2026-04-23,Morning,Under 15 miles,Yes,2026-05-07,No,78,41,-64.0,74,Morning,0.256,17,25,20,10,10,82,Critical
WL-00696,Group A,Neurology,2026-04-28,2026-06-27,No preference,Under 15 miles,No,,No,59,41,1.0,74,Morning,0.256,17,22,20,0,5,64,Moderate
WL-00697,Group B,Neurology,2026-05-01,2026-06-15,No preference,15 to 40 miles,Yes,,No,56,41,-11.0,74,Morning,0.256,17,25,20,10,0,72,High
WL-00698,Group A,Cardiology,2026-06-11,2026-07-11,Morning,Under 15 miles,No,,No,15,24,15.0,89,Morning,0.309,26,16,20,0,5,67,High
WL-00699,Group C,Endocrinology,2026-05-01,2026-05-15,No preference,Over 40 miles,Yes,,No,56,38,-42.0,77,Morning,0.267,17,25,20,10,0,72,High
WL-00700,Group A,Cardiology,2026-06-20,2026-07-20,Morning,Over 40 miles,Yes,,No,6,24,24.0,89,Morning,0.309,26,9,20,10,0,65,High
WL-00701,Group C,Cardiology,2026-04-14,2026-05-29,Afternoon,Over 40 miles,No,,No,73,24,-28.0,89,Morning,0.309,26,25,6,0,0,57,Moderate
WL-00702,Group D,Cardiology,2026-05-15,2026-06-05,Morning,Under 15 miles,No,2026-05-21,Yes,42,24,-21.0,89,Morning,0.309,26,25,20,0,10,81,Critical
WL-00703,Group A,Pulmonology,2026-04-25,2026-06-09,Afternoon,Under 15 miles,Yes,,No,62,26,-17.0,105,Morning,0.351,35,25,6,10,5,81,Critical
WL-00704,Group B,Pulmonology,2026-05-25,2026-07-09,Afternoon,Under 15 miles,No,,No,32,26,13.0,105,Morning,0.351,35,16,6,0,5,62,Moderate
WL-00705,Group A,Endocrinology,2026-05-26,2026-08-24,Morning,Under 15 miles,Yes,2026-05-30,No,31,38,59.0,77,Morning,0.267,17,4,20,10,10,61,Moderate
WL-00706,Group C,Gastroenterology,2026-06-09,2026-09-07,Afternoon,15 to 40 miles,Yes,2026-06-30,Yes,17,29,73.0,88,Morning,0.272,17,4,6,10,10,47,Low
WL-00707,Group D,Endocrinology,2026-06-13,2026-06-20,No preference,Over 40 miles,No,2026-07-13,No,13,38,-6.0,77,Morning,0.267,17,25,20,0,5,67,High
WL-00708,Group D,Orthopedics,2026-04-16,2026-05-07,Afternoon,Over 40 miles,No,,No,71,19,-50.0,74,Morning,0.247,17,25,6,0,0,48,Low
WL-00709,Group B,Pulmonology,2026-05-01,2026-06-15,Morning,15 to 40 miles,Yes,,No,56,26,-11.0,105,Morning,0.351,35,25,20,10,0,90,Critical
WL-00710,Group A,Pulmonology,2026-05-14,2026-07-13,Morning,Under 15 miles,Yes,,No,43,26,17.0,105,Morning,0.351,35,16,20,10,5,86,Critical
WL-00711,Group B,Cardiology,2026-06-13,2026-06-20,Morning,Under 15 miles,Yes,,No,13,24,-6.0,89,Morning,0.309,26,25,20,10,5,86,Critical
WL-00712,Group B,Orthopedics,2026-02-26,2026-03-19,Afternoon,15 to 40 miles,No,,No,120,19,-99.0,74,Morning,0.247,17,25,6,0,0,48,Low
WL-00713,Group C,Orthopedics,2026-05-29,2026-07-28,Morning,Under 15 miles,Yes,,No,28,19,32.0,74,Morning,0.247,17,9,20,10,5,61,Moderate
WL-00714,Group D,Cardiology,2026-06-17,2026-07-17,Morning,Under 15 miles,Yes,,No,9,24,21.0,89,Morning,0.309,26,16,20,10,5,77,High
WL-00715,Group A,Gastroenterology,2026-04-18,2026-07-17,Morning,15 to 40 miles,Yes,,No,69,29,21.0,88,Morning,0.272,17,16,20,10,0,63,Moderate
WL-00716,Group C,Gastroenterology,2026-03-12,2026-04-11,Morning,Under 15 miles,No,,No,106,29,-76.0,88,Morning,0.272,17,25,20,0,5,67,High
WL-00717,Group C,Orthopedics,2026-06-01,2026-06-08,Afternoon,Over 40 miles,Yes,2026-06-26,No,25,19,-18.0,74,Morning,0.247,17,25,6,10,5,63,Moderate
WL-00718,Group B,Orthopedics,2026-05-17,2026-06-07,No preference,Under 15 miles,Yes,,No,40,19,-19.0,74,Morning,0.247,17,25,20,10,5,77,High
WL-00719,Group C,Orthopedics,2026-03-27,2026-04-26,Morning,Under 15 miles,Yes,,No,91,19,-61.0,74,Morning,0.247,17,25,20,10,5,77,High
WL-00720,Group C,Pulmonology,2026-05-09,2026-07-08,No preference,15 to 40 miles,Yes,2026-05-29,Yes,48,26,12.0,105,Morning,0.351,35,16,20,10,10,91,Critical
WL-00721,Group A,Orthopedics,2026-05-11,2026-05-18,Morning,Over 40 miles,Yes,2026-05-27,Yes,46,19,-39.0,74,Morning,0.247,17,25,20,10,10,82,Critical
WL-00722,Group D,Gastroenterology,2026-05-18,2026-06-01,Morning,15 to 40 miles,Yes,,No,39,29,-25.0,88,Morning,0.272,17,25,20,10,0,72,High
WL-00723,Group A,Gastroenterology,2026-06-21,2026-07-21,Morning,15 to 40 miles,Yes,,No,5,29,25.0,88,Morning,0.272,17,9,20,10,0,56,Moderate
WL-00724,Group C,Gastroenterology,2026-06-15,2026-09-13,Afternoon,15 to 40 miles,Yes,,No,11,29,79.0,88,Morning,0.272,17,4,6,10,0,37,Low
WL-00725,Group A,Orthopedics,2026-05-21,2026-06-20,No preference,Under 15 miles,Yes,,No,36,19,-6.0,74,Morning,0.247,17,25,20,10,5,77,High
WL-00726,Group B,Cardiology,2026-05-08,2026-08-06,Afternoon,Under 15 miles,Yes,,No,49,24,41.0,89,Morning,0.309,26,9,6,10,5,56,Moderate
WL-00727,Group D,Cardiology,2026-03-06,2026-05-05,Morning,Under 15 miles,No,2026-03-21,No,112,24,-52.0,89,Morning,0.309,26,25,20,0,10,81,Critical
WL-00728,Group A,Endocrinology,2026-04-18,2026-04-25,No preference,Under 15 miles,Yes,,No,69,38,-62.0,77,Morning,0.267,17,25,20,10,5,77,High
WL-00729,Group C,Pulmonology,2026-05-21,2026-07-20,Afternoon,Under 15 miles,Yes,,No,36,26,24.0,105,Morning,0.351,35,9,6,10,5,65,High
WL-00730,Group D,Neurology,2026-05-15,2026-06-05,Afternoon,Under 15 miles,Yes,2026-06-07,Yes,42,41,-21.0,74,Morning,0.256,17,25,6,10,10,68,High
WL-00731,Group C,Orthopedics,2026-05-08,2026-05-15,Morning,Under 15 miles,Yes,,No,49,19,-42.0,74,Morning,0.247,17,25,20,10,5,77,High
WL-00732,Group A,Gastroenterology,2026-06-08,2026-06-15,Morning,Over 40 miles,Yes,,No,18,29,-11.0,88,Morning,0.272,17,25,20,10,0,72,High
WL-00733,Group C,Neurology,2026-06-10,2026-07-01,No preference,15 to 40 miles,No,,No,16,41,5.0,74,Morning,0.256,17,22,20,0,0,59,Moderate
WL-00734,Group D,Orthopedics,2026-05-10,2026-08-08,Morning,15 to 40 miles,Yes,,No,47,19,43.0,74,Morning,0.247,17,9,20,10,0,56,Moderate
WL-00735,Group D,Gastroenterology,2026-04-17,2026-04-24,Afternoon,15 to 40 miles,No,,No,70,29,-63.0,88,Morning,0.272,17,25,6,0,0,48,Low
WL-00736,Group B,Neurology,2026-06-05,2026-06-12,Morning,15 to 40 miles,Yes,,No,21,41,-14.0,74,Morning,0.256,17,25,20,10,0,72,High
WL-00737,Group D,Orthopedics,2026-06-13,2026-07-28,Morning,Under 15 miles,No,2026-07-04,No,13,19,32.0,74,Morning,0.247,17,9,20,0,10,56,Moderate
WL-00738,Group A,Pulmonology,2026-05-14,2026-05-28,Afternoon,Over 40 miles,Yes,,No,43,26,-29.0,105,Morning,0.351,35,25,6,10,0,76,High
WL-00739,Group B,Cardiology,2026-06-20,2026-07-04,No preference,15 to 40 miles,Yes,,No,6,24,8.0,89,Morning,0.309,26,16,20,10,0,72,High
WL-00740,Group D,Gastroenterology,2026-05-17,2026-07-01,No preference,15 to 40 miles,Yes,,No,40,29,5.0,88,Morning,0.272,17,22,20,10,0,69,High
WL-00741,Group B,Gastroenterology,2026-03-19,2026-04-09,No preference,15 to 40 miles,Yes,2026-04-07,No,99,29,-78.0,88,Morning,0.272,17,25,20,10,5,77,High
WL-00742,Group A,Endocrinology,2026-04-26,2026-05-10,Morning,Under 15 miles,Yes,,No,61,38,-47.0,77,Morning,0.267,17,25,20,10,5,77,High
WL-00743,Group B,Neurology,2026-06-19,2026-07-03,Afternoon,Under 15 miles,Yes,,No,7,41,7.0,74,Morning,0.256,17,22,6,10,5,60,Moderate
WL-00744,Group B,Pulmonology,2026-04-25,2026-05-02,Morning,15 to 40 miles,Yes,,No,62,26,-55.0,105,Morning,0.351,35,25,20,10,0,90,Critical
WL-00745,Group B,Orthopedics,2026-04-03,2026-04-10,No preference,Under 15 miles,Yes,2026-04-23,Yes,84,19,-77.0,74,Morning,0.247,17,25,20,10,10,82,Critical
WL-00746,Group A,Neurology,2026-05-28,2026-06-04,Morning,15 to 40 miles,Yes,2026-06-11,Yes,29,41,-22.0,74,Morning,0.256,17,25,20,10,10,82,Critical
WL-00747,Group D,Cardiology,2026-05-31,2026-07-30,No preference,Under 15 miles,Yes,,No,26,24,34.0,89,Morning,0.309,26,9,20,10,5,70,High
WL-00748,Group C,Pulmonology,2026-04-29,2026-05-29,Morning,15 to 40 miles,Yes,2026-05-03,Yes,58,26,-28.0,105,Morning,0.351,35,25,20,10,10,100,Critical
WL-00749,Group A,Pulmonology,2026-06-04,2026-07-19,Morning,15 to 40 miles,No,,No,22,26,23.0,105,Morning,0.351,35,9,20,0,0,64,Moderate
WL-00750,Group D,Endocrinology,2026-05-27,2026-07-26,No preference,15 to 40 miles,Yes,,No,30,38,30.0,77,Morning,0.267,17,9,20,10,0,56,Moderate
WL-00751,Group A,Endocrinology,2026-05-17,2026-05-24,Afternoon,Under 15 miles,Yes,2026-06-10,Yes,40,38,-33.0,77,Morning,0.267,17,25,6,10,10,68,High
WL-00752,Group D,Pulmonology,2026-05-03,2026-08-01,Morning,Under 15 miles,Yes,,No,54,26,36.0,105,Morning,0.351,35,9,20,10,5,79,High
WL-00753,Group A,Endocrinology,2026-04-24,2026-07-23,Morning,Under 15 miles,Yes,2026-05-23,No,63,38,27.0,77,Morning,0.267,17,9,20,10,10,66,High
WL-00754,Group B,Gastroenterology,2026-05-15,2026-07-14,No preference,15 to 40 miles,Yes,,No,42,29,18.0,88,Morning,0.272,17,16,20,10,0,63,Moderate
WL-00755,Group A,Neurology,2026-04-11,2026-04-25,Afternoon,15 to 40 miles,Yes,,No,76,41,-62.0,74,Morning,0.256,17,25,6,10,0,58,Moderate
WL-00756,Group C,Gastroenterology,2026-05-31,2026-06-30,Afternoon,Under 15 miles,No,,No,26,29,4.0,88,Morning,0.272,17,22,6,0,5,50,Moderate
WL-00757,Group B,Endocrinology,2026-05-24,2026-06-23,No preference,Under 15 miles,No,,No,33,38,-3.0,77,Morning,0.267,17,25,20,0,5,67,High
WL-00758,Group A,Gastroenterology,2026-04-07,2026-06-06,Afternoon,15 to 40 miles,Yes,2026-04-10,Yes,80,29,-20.0,88,Morning,0.272,17,25,6,10,10,68,High
WL-00759,Group A,Gastroenterology,2026-06-22,2026-09-20,No preference,Under 15 miles,Yes,,No,4,29,86.0,88,Morning,0.272,17,4,20,10,5,56,Moderate
WL-00760,Group D,Gastroenterology,2026-06-13,2026-08-12,Afternoon,Under 15 miles,No,,Unknown,13,29,47.0,88,Morning,0.272,17,4,6,0,5,32,Low
WL-00761,Group A,Neurology,2026-06-12,2026-07-12,Morning,15 to 40 miles,No,,No,14,41,16.0,74,Morning,0.256,17,16,20,0,0,53,Moderate
WL-00762,Group B,Orthopedics,2026-05-12,2026-07-11,Afternoon,Over 40 miles,Yes,,No,45,19,15.0,74,Morning,0.247,17,16,6,10,0,49,Low
WL-00763,Group B,Endocrinology,2026-04-26,2026-06-25,No preference,Under 15 miles,Yes,,No,61,38,-1.0,77,Morning,0.267,17,25,20,10,5,77,High
WL-00764,Group D,Endocrinology,2026-05-18,2026-06-01,Morning,Over 40 miles,Yes,,No,39,38,-25.0,77,Morning,0.267,17,25,20,10,0,72,High
WL-00765,Group D,Neurology,2026-04-29,2026-05-20,No preference,Under 15 miles,No,,No,58,41,-37.0,74,Morning,0.256,17,25,20,0,5,67,High
WL-00766,Group B,Gastroenterology,2026-04-21,2026-07-20,Morning,Under 15 miles,No,2026-05-04,No,66,29,24.0,88,Morning,0.272,17,9,20,0,10,56,Moderate
WL-00767,Group C,Endocrinology,2026-05-23,2026-07-07,Afternoon,Under 15 miles,Yes,,No,34,38,11.0,77,Morning,0.267,17,16,6,10,5,54,Moderate
WL-00768,Group C,Orthopedics,2026-05-27,2026-06-26,Morning,Under 15 miles,Yes,,Unknown,30,19,0.0,74,Morning,0.247,17,25,20,10,5,77,High
WL-00769,Group A,Cardiology,2026-06-06,2026-06-27,Morning,15 to 40 miles,Yes,,No,20,24,1.0,89,Morning,0.309,26,22,20,10,0,78,High
WL-00770,Group B,Pulmonology,2026-06-21,2026-07-05,Morning,15 to 40 miles,Yes,2026-07-01,No,5,26,9.0,105,Morning,0.351,35,16,20,10,5,86,Critical
WL-00771,Group C,Pulmonology,2026-05-19,2026-07-18,Morning,Over 40 miles,No,2026-05-20,Yes,38,26,22.0,105,Morning,0.351,35,9,20,0,10,74,High
WL-00772,Group D,Orthopedics,2026-05-15,2026-08-13,Afternoon,Under 15 miles,Yes,,No,42,19,48.0,74,Morning,0.247,17,4,6,10,5,42,Low
WL-00773,Group D,Neurology,2026-05-01,2026-05-22,No preference,15 to 40 miles,Yes,2026-05-17,No,56,41,-35.0,74,Morning,0.256,17,25,20,10,5,77,High
WL-00774,Group A,Pulmonology,2026-06-08,2026-07-23,Afternoon,15 to 40 miles,Yes,,No,18,26,27.0,105,Morning,0.351,35,9,6,10,0,60,Moderate
WL-00775,Group C,Cardiology,2026-05-07,2026-07-06,Afternoon,Under 15 miles,No,,No,50,24,10.0,89,Morning,0.309,26,16,6,0,5,53,Moderate
WL-00776,Group A,Orthopedics,2026-06-18,2026-07-09,No preference,Under 15 miles,No,2026-07-12,No,8,19,13.0,74,Morning,0.247,17,16,20,0,10,63,Moderate
WL-00777,Group B,Pulmonology,2026-06-08,2026-07-08,Morning,Under 15 miles,No,2026-07-07,No,18,26,12.0,105,Morning,0.351,35,16,20,0,10,81,Critical
WL-00778,Group B,Gastroenterology,2026-03-23,2026-03-30,Morning,15 to 40 miles,No,,No,95,29,-88.0,88,Morning,0.272,17,25,20,0,0,62,Moderate
WL-00779,Group C,Endocrinology,2026-05-23,2026-06-13,Morning,Under 15 miles,No,,No,34,38,-13.0,77,Morning,0.267,17,25,20,0,5,67,High
WL-00780,Group A,Cardiology,2026-05-07,2026-05-14,Afternoon,Over 40 miles,Yes,,No,50,24,-43.0,89,Morning,0.309,26,25,6,10,0,67,High
WL-00781,Group B,Gastroenterology,2026-05-08,2026-06-07,Afternoon,Over 40 miles,No,,No,49,29,-19.0,88,Morning,0.272,17,25,6,0,0,48,Low
WL-00782,Group D,Endocrinology,2026-06-12,2026-07-27,Morning,Under 15 miles,Yes,2026-07-10,Yes,14,38,31.0,77,Morning,0.267,17,9,20,10,10,66,High
WL-00783,Group C,Cardiology,2026-06-20,2026-07-04,Morning,Under 15 miles,No,,No,6,24,8.0,89,Morning,0.309,26,16,20,0,5,67,High
WL-00784,Group B,Cardiology,2026-04-09,2026-04-30,No preference,Under 15 miles,Yes,,No,78,24,-57.0,89,Morning,0.309,26,25,20,10,5,86,Critical
WL-00785,Group A,Orthopedics,2026-04-28,2026-05-19,No preference,Over 40 miles,No,,No,59,19,-38.0,74,Morning,0.247,17,25,20,0,0,62,Moderate
WL-00786,Group D,Endocrinology,2026-05-28,2026-07-27,Afternoon,15 to 40 miles,Yes,,No,29,38,31.0,77,Morning,0.267,17,9,6,10,0,42,Low
WL-00787,Group D,Orthopedics,2026-04-08,2026-05-23,Afternoon,15 to 40 miles,Yes,,No,79,19,-34.0,74,Morning,0.247,17,25,6,10,0,58,Moderate
WL-00788,Group B,Orthopedics,2026-04-06,2026-06-05,No preference,15 to 40 miles,Yes,,No,81,19,-21.0,74,Morning,0.247,17,25,20,10,0,72,High
WL-00789,Group B,Endocrinology,2026-02-21,2026-02-28,Morning,Under 15 miles,No,,No,125,38,-118.0,77,Morning,0.267,17,25,20,0,5,67,High
WL-00790,Group C,Gastroenterology,2026-06-09,2026-07-24,Afternoon,Under 15 miles,Yes,2026-06-11,Yes,17,29,28.0,88,Morning,0.272,17,9,6,10,10,52,Moderate
WL-00791,Group A,Pulmonology,2026-05-05,2026-06-19,No preference,Under 15 miles,Yes,,No,52,26,-7.0,105,Morning,0.351,35,25,20,10,5,95,Critical
WL-00792,Group D,Cardiology,2026-06-06,2026-07-06,Afternoon,15 to 40 miles,Yes,2026-06-14,No,20,24,10.0,89,Morning,0.309,26,16,6,10,5,63,Moderate
WL-00793,Group A,Neurology,2026-06-18,2026-09-16,No preference,Over 40 miles,Yes,,No,8,41,82.0,74,Morning,0.256,17,4,20,10,0,51,Moderate
WL-00794,Group D,Orthopedics,2026-04-28,2026-06-27,No preference,Under 15 miles,No,,No,59,19,1.0,74,Morning,0.247,17,22,20,0,5,64,Moderate
WL-00795,Group B,Endocrinology,2026-06-16,2026-07-31,Afternoon,15 to 40 miles,No,2026-06-22,Yes,10,38,35.0,77,Morning,0.267,17,9,6,0,10,42,Low
WL-00796,Group C,Cardiology,2026-05-12,2026-06-11,Morning,Under 15 miles,Yes,,No,45,24,-15.0,89,Morning,0.309,26,25,20,10,5,86,Critical
WL-00797,Group D,Cardiology,2026-05-27,2026-07-26,Morning,Under 15 miles,No,,No,30,24,30.0,89,Morning,0.309,26,9,20,0,5,60,Moderate
WL-00798,Group A,Orthopedics,2026-05-31,2026-06-30,Morning,15 to 40 miles,Yes,,No,26,19,4.0,74,Morning,0.247,17,22,20,10,0,69,High
WL-00799,Group A,Orthopedics,2026-02-20,2026-04-21,No preference,Under 15 miles,No,2026-03-05,Yes,126,19,-66.0,74,Morning,0.247,17,25,20,0,10,72,High
WL-00800,Group A,Gastroenterology,2026-05-22,2026-06-21,Morning,Under 15 miles,Yes,,No,35,29,-5.0,88,Morning,0.272,17,25,20,10,5,77,High
WL-00801,Group C,Orthopedics,2026-05-31,2026-07-15,No preference,Under 15 miles,Yes,2026-06-20,No,26,19,19.0,74,Morning,0.247,17,16,20,10,10,73,High
WL-00802,Group C,Gastroenterology,2026-06-15,2026-07-15,Afternoon,15 to 40 miles,Yes,,No,11,29,19.0,88,Morning,0.272,17,16,6,10,0,49,Low
WL-00803,Group D,Gastroenterology,2026-04-14,2026-04-21,Morning,Under 15 miles,Yes,,No,73,29,-66.0,88,Morning,0.272,17,25,20,10,5,77,High
WL-00804,Group D,Cardiology,2026-04-22,2026-05-13,Afternoon,Over 40 miles,Yes,2026-05-01,Yes,65,24,-44.0,89,Morning,0.309,26,25,6,10,10,77,High
WL-00805,Group B,Endocrinology,2026-06-20,2026-07-20,Morning,15 to 40 miles,Yes,,No,6,38,24.0,77,Morning,0.267,17,9,20,10,0,56,Moderate
WL-00806,Group B,Pulmonology,2026-05-05,2026-05-26,Afternoon,Under 15 miles,No,,No,52,26,-31.0,105,Morning,0.351,35,25,6,0,5,71,High
WL-00807,Group D,Orthopedics,2026-05-30,2026-07-29,Afternoon,15 to 40 miles,No,,Unknown,27,19,33.0,74,Morning,0.247,17,9,6,0,0,32,Low
WL-00808,Group A,Gastroenterology,2026-05-22,2026-07-21,Morning,15 to 40 miles,Yes,,No,35,29,25.0,88,Morning,0.272,17,9,20,10,0,56,Moderate
WL-00809,Group D,Orthopedics,2026-06-02,2026-08-01,Morning,15 to 40 miles,No,2026-06-28,No,24,19,36.0,74,Morning,0.247,17,9,20,0,5,51,Moderate
WL-00810,Group B,Cardiology,2026-05-23,2026-07-07,Morning,15 to 40 miles,No,,No,34,24,11.0,89,Morning,0.309,26,16,20,0,0,62,Moderate
WL-00811,Group A,Endocrinology,2026-06-15,2026-07-15,Afternoon,Under 15 miles,Yes,,No,11,38,19.0,77,Morning,0.267,17,16,6,10,5,54,Moderate
WL-00812,Group A,Pulmonology,2026-06-01,2026-07-31,Morning,Under 15 miles,Yes,,No,25,26,35.0,105,Morning,0.351,35,9,20,10,5,79,High
WL-00813,Group C,Neurology,2026-05-19,2026-06-02,Morning,15 to 40 miles,Yes,,Unknown,38,41,-24.0,74,Morning,0.256,17,25,20,10,0,72,High
WL-00814,Group C,Endocrinology,2026-06-07,2026-06-21,No preference,Under 15 miles,Yes,,No,19,38,-5.0,77,Morning,0.267,17,25,20,10,5,77,High
WL-00815,Group C,Neurology,2026-05-04,2026-07-03,Morning,Under 15 miles,No,,No,53,41,7.0,74,Morning,0.256,17,22,20,0,5,64,Moderate
WL-00816,Group B,Neurology,2026-06-02,2026-06-23,Morning,Under 15 miles,No,,No,24,41,-3.0,74,Morning,0.256,17,25,20,0,5,67,High
WL-00817,Group B,Endocrinology,2026-04-24,2026-06-23,No preference,Under 15 miles,No,,No,63,38,-3.0,77,Morning,0.267,17,25,20,0,5,67,High
WL-00818,Group B,Endocrinology,2026-04-27,2026-05-18,No preference,Under 15 miles,Yes,,No,60,38,-39.0,77,Morning,0.267,17,25,20,10,5,77,High
WL-00819,Group A,Gastroenterology,2026-06-10,2026-07-01,Morning,Under 15 miles,No,2026-06-27,Yes,16,29,5.0,88,Morning,0.272,17,22,20,0,10,69,High
WL-00820,Group C,Pulmonology,2026-03-16,2026-03-23,No preference,Over 40 miles,Yes,,No,102,26,-95.0,105,Morning,0.351,35,25,20,10,0,90,Critical
WL-00821,Group C,Gastroenterology,2026-05-08,2026-06-22,No preference,Under 15 miles,Yes,,No,49,29,-4.0,88,Morning,0.272,17,25,20,10,5,77,High
WL-00822,Group C,Orthopedics,2026-04-26,2026-05-03,Afternoon,Under 15 miles,No,2026-05-19,Yes,61,19,-54.0,74,Morning,0.247,17,25,6,0,10,58,Moderate
WL-00823,Group A,Pulmonology,2026-04-15,2026-07-14,Morning,15 to 40 miles,Yes,,No,72,26,18.0,105,Morning,0.351,35,16,20,10,0,81,Critical
WL-00824,Group A,Orthopedics,2026-06-15,2026-06-22,No preference,Under 15 miles,Yes,2026-06-19,Yes,11,19,-4.0,74,Morning,0.247,17,25,20,10,10,82,Critical
WL-00825,Group C,Pulmonology,2026-05-24,2026-07-08,Morning,Under 15 miles,Yes,,No,33,26,12.0,105,Morning,0.351,35,16,20,10,5,86,Critical
WL-00826,Group D,Endocrinology,2026-04-09,2026-04-30,Afternoon,15 to 40 miles,No,2026-04-22,Yes,78,38,-57.0,77,Morning,0.267,17,25,6,0,10,58,Moderate
WL-00827,Group C,Gastroenterology,2026-03-16,2026-04-06,Morning,15 to 40 miles,Yes,2026-04-14,No,102,29,-81.0,88,Morning,0.272,17,25,20,10,5,77,High
WL-00828,Group A,Neurology,2026-05-02,2026-06-16,Morning,Under 15 miles,Yes,2026-05-29,Yes,55,41,-10.0,74,Morning,0.256,17,25,20,10,10,82,Critical
WL-00829,Group D,Endocrinology,2026-02-18,2026-04-04,Morning,Under 15 miles,No,,No,128,38,-83.0,77,Morning,0.267,17,25,20,0,5,67,High
WL-00830,Group B,Cardiology,2026-06-07,2026-06-14,No preference,Under 15 miles,No,,No,19,24,-12.0,89,Morning,0.309,26,25,20,0,5,76,High
WL-00831,Group D,Pulmonology,2026-05-04,2026-07-03,Afternoon,Under 15 miles,No,2026-05-10,No,53,26,7.0,105,Morning,0.351,35,22,6,0,10,73,High
WL-00832,Group D,Neurology,2026-05-12,2026-08-10,No preference,Under 15 miles,Yes,,No,45,41,45.0,74,Morning,0.256,17,9,20,10,5,61,Moderate
WL-00833,Group C,Neurology,2026-05-23,2026-08-21,Afternoon,Under 15 miles,Yes,,No,34,41,56.0,74,Morning,0.256,17,4,6,10,5,42,Low
WL-00834,Group D,Neurology,2026-03-28,2026-04-04,No preference,Under 15 miles,No,2026-03-30,No,90,41,-83.0,74,Morning,0.256,17,25,20,0,10,72,High
WL-00835,Group D,Orthopedics,2026-05-09,2026-06-23,No preference,15 to 40 miles,No,2026-06-07,No,48,19,-3.0,74,Morning,0.247,17,25,20,0,5,67,High
WL-00836,Group C,Pulmonology,2026-06-09,2026-07-09,Morning,Under 15 miles,Yes,,No,17,26,13.0,105,Morning,0.351,35,16,20,10,5,86,Critical
WL-00837,Group B,Orthopedics,2026-05-22,2026-05-29,Afternoon,Under 15 miles,Yes,,No,35,19,-28.0,74,Morning,0.247,17,25,6,10,5,63,Moderate
WL-00838,Group D,Orthopedics,2026-04-19,2026-06-18,Afternoon,Over 40 miles,Yes,,No,68,19,-8.0,74,Morning,0.247,17,25,6,10,0,58,Moderate
WL-00839,Group D,Orthopedics,2026-06-15,2026-06-22,Morning,Under 15 miles,Yes,,No,11,19,-4.0,74,Morning,0.247,17,25,20,10,5,77,High
WL-00840,Group C,Gastroenterology,2026-05-30,2026-06-13,Afternoon,Under 15 miles,No,,No,27,29,-13.0,88,Morning,0.272,17,25,6,0,5,53,Moderate
WL-00841,Group A,Gastroenterology,2026-06-22,2026-07-22,Afternoon,15 to 40 miles,Yes,,No,4,29,26.0,88,Morning,0.272,17,9,6,10,0,42,Low
WL-00842,Group D,Endocrinology,2026-06-17,2026-08-16,Afternoon,Under 15 miles,Yes,,No,9,38,51.0,77,Morning,0.267,17,4,6,10,5,42,Low
WL-00843,Group D,Gastroenterology,2026-05-16,2026-07-15,No preference,Under 15 miles,Yes,2026-05-26,Yes,41,29,19.0,88,Morning,0.272,17,16,20,10,10,73,High
WL-00844,Group B,Gastroenterology,2026-05-31,2026-06-30,Afternoon,Over 40 miles,Yes,2026-06-14,No,26,29,4.0,88,Morning,0.272,17,22,6,10,5,60,Moderate
WL-00845,Group A,Endocrinology,2026-05-20,2026-07-19,Afternoon,15 to 40 miles,Yes,2026-06-04,Yes,37,38,23.0,77,Morning,0.267,17,9,6,10,10,52,Moderate
WL-00846,Group B,Cardiology,2026-04-05,2026-04-12,Morning,Over 40 miles,No,,No,82,24,-75.0,89,Morning,0.309,26,25,20,0,0,71,High
WL-00847,Group B,Endocrinology,2026-06-11,2026-06-25,Afternoon,15 to 40 miles,Yes,,No,15,38,-1.0,77,Morning,0.267,17,25,6,10,0,58,Moderate
WL-00848,Group D,Orthopedics,2026-05-09,2026-06-23,Morning,Under 15 miles,No,,No,48,19,-3.0,74,Morning,0.247,17,25,20,0,5,67,High
WL-00849,Group A,Cardiology,2026-05-09,2026-05-23,Morning,Under 15 miles,Yes,,No,48,24,-34.0,89,Morning,0.309,26,25,20,10,5,86,Critical
WL-00850,Group D,Pulmonology,2026-05-07,2026-06-21,Morning,Under 15 miles,No,2026-05-25,Yes,50,26,-5.0,105,Morning,0.351,35,25,20,0,10,90,Critical
WL-00851,Group C,Pulmonology,2026-02-20,2026-02-27,Afternoon,Over 40 miles,No,2026-03-02,Yes,126,26,-119.0,105,Morning,0.351,35,25,6,0,10,76,High
WL-00852,Group B,Neurology,2026-04-12,2026-05-27,Morning,Under 15 miles,No,,No,75,41,-30.0,74,Morning,0.256,17,25,20,0,5,67,High
WL-00853,Group D,Endocrinology,2026-04-01,,Morning,15 to 40 miles,Yes,,No,86,38,,77,Morning,0.267,17,8,20,10,0,55,Moderate
WL-00854,Group A,Cardiology,2026-06-13,2026-08-12,No preference,Over 40 miles,No,,No,13,24,47.0,89,Morning,0.309,26,4,20,0,0,50,Moderate
WL-00855,Group A,Pulmonology,2026-06-22,2026-07-06,Morning,15 to 40 miles,Yes,,No,4,26,10.0,105,Morning,0.351,35,16,20,10,0,81,Critical
WL-00856,Group D,Pulmonology,2026-04-14,2026-04-21,Morning,15 to 40 miles,Yes,2026-04-18,No,73,26,-66.0,105,Morning,0.351,35,25,20,10,5,95,Critical
WL-00857,Group A,Gastroenterology,2026-05-19,2026-05-26,Afternoon,Under 15 miles,Yes,,No,38,29,-31.0,88,Morning,0.272,17,25,6,10,5,63,Moderate
WL-00858,Group C,Gastroenterology,2026-05-28,2026-06-18,Morning,Under 15 miles,Yes,,No,29,29,-8.0,88,Morning,0.272,17,25,20,10,5,77,High
WL-00859,Group B,Cardiology,2026-03-21,2026-03-28,Morning,Under 15 miles,Yes,2026-04-13,Yes,97,24,-90.0,89,Morning,0.309,26,25,20,10,10,91,Critical
WL-00860,Group A,Neurology,2026-05-02,2026-05-09,Morning,Under 15 miles,No,,No,55,41,-48.0,74,Morning,0.256,17,25,20,0,5,67,High
WL-00861,Group A,Neurology,2026-06-06,2026-07-06,Morning,Under 15 miles,Yes,,No,20,41,10.0,74,Morning,0.256,17,16,20,10,5,68,High
WL-00862,Group D,Orthopedics,2026-05-12,2026-05-26,Morning,15 to 40 miles,No,,No,45,19,-31.0,74,Morning,0.247,17,25,20,0,0,62,Moderate
WL-00863,Group A,Orthopedics,2026-05-30,2026-06-20,Afternoon,15 to 40 miles,Yes,2026-06-02,Yes,27,19,-6.0,74,Morning,0.247,17,25,6,10,10,68,High
WL-00864,Group A,Neurology,2026-05-30,2026-06-13,No preference,Under 15 miles,No,2026-06-04,No,27,41,-13.0,74,Morning,0.256,17,25,20,0,10,72,High
WL-00865,Group D,Gastroenterology,2026-06-01,2026-07-31,Morning,Under 15 miles,Yes,,No,25,29,35.0,88,Morning,0.272,17,9,20,10,5,61,Moderate
WL-00866,Group A,Cardiology,2026-05-10,2026-05-24,Afternoon,Under 15 miles,Yes,,No,47,24,-33.0,89,Morning,0.309,26,25,6,10,5,72,High
WL-00867,Group A,Endocrinology,2026-03-31,2026-05-15,Morning,Under 15 miles,Yes,2026-04-07,Yes,87,38,-42.0,77,Morning,0.267,17,25,20,10,10,82,Critical
WL-00868,Group A,Neurology,2026-05-14,2026-06-13,Morning,15 to 40 miles,No,,No,43,41,-13.0,74,Morning,0.256,17,25,20,0,0,62,Moderate
WL-00869,Group A,Gastroenterology,2026-05-06,2026-06-20,Morning,Under 15 miles,No,,No,51,29,-6.0,88,Morning,0.272,17,25,20,0,5,67,High
WL-00870,Group D,Orthopedics,2026-06-10,2026-07-25,Afternoon,Under 15 miles,Yes,2026-07-06,Yes,16,19,29.0,74,Morning,0.247,17,9,6,10,10,52,Moderate
WL-00871,Group A,Cardiology,2026-04-10,2026-05-01,No preference,15 to 40 miles,Yes,,No,77,24,-56.0,89,Morning,0.309,26,25,20,10,0,81,Critical
WL-00872,Group C,Gastroenterology,2026-04-15,2026-04-22,Morning,Under 15 miles,Yes,,No,72,29,-65.0,88,Morning,0.272,17,25,20,10,5,77,High
WL-00873,Group D,Orthopedics,2026-05-07,2026-07-06,Morning,Over 40 miles,No,,Unknown,50,19,10.0,74,Morning,0.247,17,16,20,0,0,53,Moderate
WL-00874,Group C,Cardiology,2026-05-21,2026-06-20,Afternoon,15 to 40 miles,No,2026-06-01,Yes,36,24,-6.0,89,Morning,0.309,26,25,6,0,10,67,High
WL-00875,Group C,Gastroenterology,2026-06-09,2026-08-08,Morning,Under 15 miles,Yes,,No,17,29,43.0,88,Morning,0.272,17,9,20,10,5,61,Moderate
WL-00876,Group B,Gastroenterology,2026-05-13,2026-06-12,Afternoon,15 to 40 miles,No,2026-05-31,No,44,29,-14.0,88,Morning,0.272,17,25,6,0,5,53,Moderate
WL-00877,Group B,Gastroenterology,2026-05-01,2026-05-31,Morning,15 to 40 miles,No,,No,56,29,-26.0,88,Morning,0.272,17,25,20,0,0,62,Moderate
WL-00878,Group A,Gastroenterology,2026-05-22,2026-07-06,Afternoon,Over 40 miles,Yes,2026-06-07,No,35,29,10.0,88,Morning,0.272,17,16,6,10,5,54,Moderate
WL-00879,Group D,Neurology,2026-06-18,2026-08-17,No preference,Over 40 miles,Yes,2026-06-27,Yes,8,41,52.0,74,Morning,0.256,17,4,20,10,10,61,Moderate
WL-00880,Group C,Endocrinology,2026-05-24,2026-07-23,Morning,Under 15 miles,No,2026-06-07,Yes,33,38,27.0,77,Morning,0.267,17,9,20,0,10,56,Moderate
WL-00882,Group B,Cardiology,2026-05-18,2026-06-01,Afternoon,Under 15 miles,Yes,,No,39,24,-25.0,89,Morning,0.309,26,25,6,10,5,72,High
WL-00883,Group D,Cardiology,2026-04-25,2026-07-24,Morning,Over 40 miles,No,,No,62,24,28.0,89,Morning,0.309,26,9,20,0,0,55,Moderate
WL-00884,Group B,Cardiology,2026-06-07,2026-07-07,Morning,15 to 40 miles,Yes,,No,19,24,11.0,89,Morning,0.309,26,16,20,10,0,72,High
WL-00886,Group B,Endocrinology,2026-06-06,2026-08-05,No preference,Under 15 miles,Yes,,No,20,38,40.0,77,Morning,0.267,17,9,20,10,5,61,Moderate
WL-00887,Group C,Neurology,2026-06-03,2026-09-01,Morning,Under 15 miles,Yes,,No,23,41,67.0,74,Morning,0.256,17,4,20,10,5,56,Moderate
WL-00888,Group C,Pulmonology,2026-04-20,2026-05-20,No preference,Over 40 miles,Yes,,No,67,26,-37.0,105,Morning,0.351,35,25,20,10,0,90,Critical
WL-00889,Group A,Endocrinology,2026-06-12,2026-07-12,Morning,Under 15 miles,No,,No,14,38,16.0,77,Morning,0.267,17,16,20,0,5,58,Moderate
WL-00890,Group D,Endocrinology,2026-05-18,2026-07-17,Morning,Over 40 miles,Yes,2026-05-19,Yes,39,38,21.0,77,Morning,0.267,17,16,20,10,10,73,High
WL-00891,Group D,Pulmonology,2026-05-19,2026-08-17,No preference,15 to 40 miles,Yes,2026-06-17,No,38,26,52.0,105,Morning,0.351,35,4,20,10,5,74,High
WL-00893,Group B,Pulmonology,2026-05-09,2026-08-07,No preference,15 to 40 miles,No,,No,48,26,42.0,105,Morning,0.351,35,9,20,0,0,64,Moderate
WL-00894,Group C,Cardiology,2026-02-11,2026-02-18,Afternoon,Under 15 miles,Yes,,No,135,24,-128.0,89,Morning,0.309,26,25,6,10,5,72,High
WL-00895,Group B,Cardiology,2026-04-28,2026-06-27,No preference,Under 15 miles,Yes,2026-05-04,No,59,24,1.0,89,Morning,0.309,26,22,20,10,10,88,Critical
WL-00896,Group C,Orthopedics,2026-05-27,2026-08-25,Afternoon,Under 15 miles,Yes,2026-06-10,Yes,30,19,60.0,74,Morning,0.247,17,4,6,10,10,47,Low
WL-00897,Group B,Endocrinology,2026-05-07,2026-05-14,Afternoon,15 to 40 miles,Yes,,No,50,38,-43.0,77,Morning,0.267,17,25,6,10,0,58,Moderate
WL-00898,Group B,Orthopedics,2026-01-12,2026-02-11,No preference,15 to 40 miles,Yes,,No,165,19,-135.0,74,Morning,0.247,17,25,20,10,0,72,High
WL-00899,Group D,Orthopedics,2026-06-15,2026-08-14,Afternoon,Under 15 miles,Yes,,No,11,19,49.0,74,Morning,0.247,17,4,6,10,5,42,Low
WL-00900,Group D,Cardiology,2026-05-27,2026-08-25,Morning,Under 15 miles,Yes,2026-06-05,No,30,24,60.0,89,Morning,0.309,26,4,20,10,10,70,High
WL-00901,Group B,Orthopedics,2026-06-03,2026-07-18,Afternoon,Under 15 miles,Yes,2026-06-26,No,23,19,22.0,74,Morning,0.247,17,9,6,10,10,52,Moderate
WL-00902,Group D,Gastroenterology,2026-04-16,2026-05-31,Morning,15 to 40 miles,Yes,,No,71,29,-26.0,88,Morning,0.272,17,25,20,10,0,72,High
WL-00903,Group A,Pulmonology,2026-03-24,2026-06-22,Morning,Under 15 miles,Yes,,No,94,26,-4.0,105,Morning,0.351,35,25,20,10,5,95,Critical
WL-00904,Group C,Endocrinology,2026-05-26,2026-06-09,Afternoon,15 to 40 miles,Yes,,No,31,38,-17.0,77,Morning,0.267,17,25,6,10,0,58,Moderate
WL-00905,Group D,Neurology,2026-06-19,2026-09-17,No preference,Under 15 miles,Yes,,No,7,41,83.0,74,Morning,0.256,17,4,20,10,5,56,Moderate
WL-00906,Group C,Neurology,2026-01-29,2026-02-12,Morning,15 to 40 miles,Yes,2026-02-03,Yes,148,41,-134.0,74,Morning,0.256,17,25,20,10,10,82,Critical
WL-00907,Group B,Pulmonology,2026-02-22,2026-03-24,No preference,Over 40 miles,Yes,,No,124,26,-94.0,105,Morning,0.351,35,25,20,10,0,90,Critical
WL-00908,Group B,Pulmonology,2026-05-11,2026-05-25,Morning,15 to 40 miles,No,2026-06-05,No,46,26,-32.0,105,Morning,0.351,35,25,20,0,5,85,Critical
WL-00909,Group C,Endocrinology,2026-04-03,2026-04-17,Afternoon,15 to 40 miles,Yes,2026-05-03,Yes,84,38,-70.0,77,Morning,0.267,17,25,6,10,10,68,High
WL-00910,Group A,Pulmonology,2026-05-27,2026-06-17,Morning,Under 15 miles,No,2026-06-12,Yes,30,26,-9.0,105,Morning,0.351,35,25,20,0,10,90,Critical
WL-00912,Group B,Neurology,2026-05-21,2026-07-20,No preference,Over 40 miles,Yes,,No,36,41,24.0,74,Morning,0.256,17,9,20,10,0,56,Moderate
WL-00913,Group D,Orthopedics,2026-05-09,2026-05-23,Morning,Under 15 miles,Yes,,Unknown,48,19,-34.0,74,Morning,0.247,17,25,20,10,5,77,High
WL-00914,Group B,Endocrinology,2026-04-14,2026-07-13,Morning,Under 15 miles,Yes,,No,73,38,17.0,77,Morning,0.267,17,16,20,10,5,68,High
WL-00915,Group C,Neurology,2026-06-16,2026-07-16,Afternoon,Under 15 miles,Yes,2026-07-15,Yes,10,41,20.0,74,Morning,0.256,17,16,6,10,10,59,Moderate
WL-00916,Group C,Neurology,2026-06-21,2026-06-28,No preference,Over 40 miles,No,,No,5,41,2.0,74,Morning,0.256,17,22,20,0,0,59,Moderate
WL-00917,Group C,Gastroenterology,2026-04-30,2026-05-14,No preference,Under 15 miles,Yes,,No,57,29,-43.0,88,Morning,0.272,17,25,20,10,5,77,High
WL-00918,Group D,Orthopedics,2026-04-05,2026-04-12,Afternoon,Under 15 miles,Yes,,No,82,19,-75.0,74,Morning,0.247,17,25,6,10,5,63,Moderate
WL-00919,Group C,Gastroenterology,2026-03-17,2026-06-15,Afternoon,Over 40 miles,No,2026-03-25,Yes,101,29,-11.0,88,Morning,0.272,17,25,6,0,10,58,Moderate
WL-00920,Group D,Orthopedics,2026-05-16,2026-07-15,Afternoon,Under 15 miles,Yes,,No,41,19,19.0,74,Morning,0.247,17,16,6,10,5,54,Moderate
WL-00921,Group A,Cardiology,2026-06-05,2026-07-05,Morning,Under 15 miles,No,,No,21,24,9.0,89,Morning,0.309,26,16,20,0,5,67,High
WL-00922,Group C,Cardiology,2026-06-01,2026-08-30,Morning,Over 40 miles,Yes,2026-06-28,Yes,25,24,65.0,89,Morning,0.309,26,4,20,10,10,70,High
WL-00923,Group B,Gastroenterology,2026-04-18,2026-04-25,No preference,Over 40 miles,No,,No,69,29,-62.0,88,Morning,0.272,17,25,20,0,0,62,Moderate
WL-00924,Group B,Gastroenterology,2026-05-08,2026-06-22,Morning,Under 15 miles,Yes,,No,49,29,-4.0,88,Morning,0.272,17,25,20,10,5,77,High
WL-00925,Group A,Cardiology,2026-03-31,2026-04-07,Morning,Under 15 miles,Yes,2026-04-24,Yes,87,24,-80.0,89,Morning,0.309,26,25,20,10,10,91,Critical
WL-00926,Group B,Endocrinology,2026-03-25,2026-05-09,Afternoon,15 to 40 miles,Yes,2026-04-10,No,93,38,-48.0,77,Morning,0.267,17,25,6,10,5,63,Moderate
WL-00927,Group B,Pulmonology,2026-05-16,2026-06-06,Morning,Under 15 miles,No,2026-05-25,Yes,41,26,-20.0,105,Morning,0.351,35,25,20,0,10,90,Critical
WL-00928,Group D,Gastroenterology,2026-05-23,2026-06-06,Morning,15 to 40 miles,Yes,,No,34,29,-20.0,88,Morning,0.272,17,25,20,10,0,72,High
WL-00929,Group B,Cardiology,2026-02-25,2026-05-26,Morning,Under 15 miles,No,,No,121,24,-31.0,89,Morning,0.309,26,25,20,0,5,76,High
WL-00930,Group B,Cardiology,2026-06-03,2026-07-18,Afternoon,15 to 40 miles,Yes,,No,23,24,22.0,89,Morning,0.309,26,9,6,10,0,51,Moderate
WL-00931,Group B,Gastroenterology,2026-06-07,2026-06-14,Morning,15 to 40 miles,Yes,,No,19,29,-12.0,88,Morning,0.272,17,25,20,10,0,72,High
WL-00932,Group D,Neurology,2026-06-07,2026-09-05,No preference,15 to 40 miles,Yes,2026-06-19,Yes,19,41,71.0,74,Morning,0.256,17,4,20,10,10,61,Moderate
WL-00933,Group C,Orthopedics,2026-05-16,2026-06-15,Morning,Under 15 miles,Yes,,No,41,19,-11.0,74,Morning,0.247,17,25,20,10,5,77,High
WL-00934,Group C,Cardiology,2026-05-30,2026-08-28,Morning,Under 15 miles,Yes,,No,27,24,63.0,89,Morning,0.309,26,4,20,10,5,65,High
WL-00935,Group A,Cardiology,2026-05-20,2026-07-19,Afternoon,Under 15 miles,Yes,,No,37,24,23.0,89,Morning,0.309,26,9,6,10,5,56,Moderate
WL-00936,Group C,Cardiology,2026-06-19,2026-07-03,No preference,Under 15 miles,No,,No,7,24,7.0,89,Morning,0.309,26,22,20,0,5,73,High
WL-00937,Group B,Gastroenterology,2026-03-29,2026-04-05,Morning,Over 40 miles,Yes,,No,89,29,-82.0,88,Morning,0.272,17,25,20,10,0,72,High
WL-00938,Group A,Orthopedics,2026-05-30,,No preference,Under 15 miles,Yes,2026-06-27,No,27,19,,74,Morning,0.247,17,8,20,10,10,65,High
WL-00939,Group A,Gastroenterology,2026-05-13,2026-08-11,Morning,Under 15 miles,No,2026-06-04,No,44,29,46.0,88,Morning,0.272,17,4,20,0,10,51,Moderate
WL-00940,Group B,Orthopedics,2026-04-12,2026-05-03,Morning,15 to 40 miles,Yes,,No,75,19,-54.0,74,Morning,0.247,17,25,20,10,0,72,High
WL-00941,Group D,Endocrinology,2026-06-11,2026-07-11,No preference,Under 15 miles,No,2026-06-19,Yes,15,38,15.0,77,Morning,0.267,17,16,20,0,10,63,Moderate
WL-00942,Group D,Endocrinology,2026-05-08,2026-06-07,Morning,Over 40 miles,Yes,,No,49,38,-19.0,77,Morning,0.267,17,25,20,10,0,72,High
WL-00943,Group C,Pulmonology,2026-02-11,2026-05-12,Afternoon,15 to 40 miles,No,,No,135,26,-45.0,105,Morning,0.351,35,25,6,0,0,66,High
WL-00944,Group C,Orthopedics,2026-04-26,2026-05-03,Morning,15 to 40 miles,No,2026-05-06,No,61,19,-54.0,74,Morning,0.247,17,25,20,0,5,67,High
WL-00945,Group A,Neurology,2026-06-05,2026-06-12,Morning,Over 40 miles,Yes,,No,21,41,-14.0,74,Morning,0.256,17,25,20,10,0,72,High
WL-00946,Group B,Gastroenterology,2026-05-02,2026-05-23,Morning,15 to 40 miles,Yes,,No,55,29,-34.0,88,Morning,0.272,17,25,20,10,0,72,High
WL-00947,Group A,Endocrinology,2026-06-14,2026-08-13,No preference,Over 40 miles,Yes,,No,12,38,48.0,77,Morning,0.267,17,4,20,10,0,51,Moderate
WL-00948,Group A,Gastroenterology,2026-06-02,2026-07-17,No preference,Under 15 miles,Yes,,No,24,29,21.0,88,Morning,0.272,17,16,20,10,5,68,High
WL-00949,Group D,Orthopedics,2026-04-02,2026-04-16,Afternoon,Under 15 miles,Yes,2026-04-24,No,85,19,-71.0,74,Morning,0.247,17,25,6,10,10,68,High
WL-00950,Group C,Gastroenterology,2026-06-12,2026-07-27,Afternoon,Over 40 miles,Yes,2026-06-14,Yes,14,29,31.0,88,Morning,0.272,17,9,6,10,10,52,Moderate
WL-00951,Group C,Pulmonology,2026-03-28,2026-05-12,Morning,Under 15 miles,Yes,,No,90,26,-45.0,105,Morning,0.351,35,25,20,10,5,95,Critical
WL-00952,Group A,Orthopedics,2026-05-17,2026-05-31,Morning,Under 15 miles,Yes,,No,40,19,-26.0,74,Morning,0.247,17,25,20,10,5,77,High
WL-00953,Group A,Gastroenterology,2026-03-06,2026-05-05,Afternoon,Under 15 miles,No,2026-03-08,Yes,112,29,-52.0,88,Morning,0.272,17,25,6,0,10,58,Moderate
WL-00954,Group D,Orthopedics,2026-06-08,2026-09-06,Afternoon,Under 15 miles,Yes,,No,18,19,72.0,74,Morning,0.247,17,4,6,10,5,42,Low
WL-00955,Group D,Gastroenterology,2026-05-30,2026-07-14,Afternoon,Under 15 miles,Yes,,No,27,29,18.0,88,Morning,0.272,17,16,6,10,5,54,Moderate
WL-00956,Group B,Pulmonology,2026-05-14,2026-06-04,No preference,15 to 40 miles,Yes,,No,43,26,-22.0,105,Morning,0.351,35,25,20,10,0,90,Critical
WL-00957,Group D,Endocrinology,2026-03-15,2026-04-14,No preference,Under 15 miles,Yes,,No,103,38,-73.0,77,Morning,0.267,17,25,20,10,5,77,High
WL-00958,Group D,Pulmonology,2026-05-27,2026-07-11,Afternoon,Over 40 miles,Yes,,No,30,26,15.0,105,Morning,0.351,35,16,6,10,0,67,High
WL-00959,Group C,Endocrinology,2026-04-18,2026-06-17,Afternoon,15 to 40 miles,Yes,2026-04-28,No,69,38,-9.0,77,Morning,0.267,17,25,6,10,5,63,Moderate
WL-00960,Group C,Pulmonology,2026-05-23,2026-08-21,No preference,Over 40 miles,Yes,,No,34,26,56.0,105,Morning,0.351,35,4,20,10,0,69,High
WL-00961,Group B,Pulmonology,2026-06-13,2026-06-27,Morning,Under 15 miles,No,,No,13,26,1.0,105,Morning,0.351,35,22,20,0,5,82,Critical
WL-00962,Group B,Endocrinology,2026-06-09,2026-06-23,Afternoon,Over 40 miles,No,,No,17,38,-3.0,77,Morning,0.267,17,25,6,0,0,48,Low
WL-00963,Group D,Cardiology,2026-01-09,2026-02-08,Afternoon,Under 15 miles,No,,No,168,24,-138.0,89,Morning,0.309,26,25,6,0,5,62,Moderate
WL-00964,Group A,Cardiology,2026-04-24,2026-06-08,Morning,Under 15 miles,Yes,,No,63,24,-18.0,89,Morning,0.309,26,25,20,10,5,86,Critical
WL-00965,Group A,Pulmonology,2026-06-13,2026-07-13,Afternoon,15 to 40 miles,Yes,,No,13,26,17.0,105,Morning,0.351,35,16,6,10,0,67,High
WL-00966,Group C,Neurology,2026-06-01,2026-07-31,Afternoon,15 to 40 miles,Yes,,No,25,41,35.0,74,Morning,0.256,17,9,6,10,0,42,Low
WL-00967,Group D,Gastroenterology,2026-04-10,2026-06-09,Afternoon,Over 40 miles,Yes,,No,77,29,-17.0,88,Morning,0.272,17,25,6,10,0,58,Moderate
WL-00968,Group D,Pulmonology,2026-06-04,2026-06-18,Afternoon,Under 15 miles,No,,No,22,26,-8.0,105,Morning,0.351,35,25,6,0,5,71,High
WL-00969,Group A,Cardiology,2026-03-26,2026-05-25,No preference,15 to 40 miles,No,,No,92,24,-32.0,89,Morning,0.309,26,25,20,0,0,71,High
WL-00970,Group D,Gastroenterology,2026-05-11,2026-05-18,No preference,15 to 40 miles,Yes,,No,46,29,-39.0,88,Morning,0.272,17,25,20,10,0,72,High
WL-00971,Group B,Orthopedics,2026-05-06,2026-05-27,Afternoon,15 to 40 miles,Yes,,No,51,19,-30.0,74,Morning,0.247,17,25,6,10,0,58,Moderate
WL-00972,Group D,Endocrinology,2026-05-13,2026-05-20,Morning,Under 15 miles,Yes,,No,44,38,-37.0,77,Morning,0.267,17,25,20,10,5,77,High
WL-00973,Group D,Pulmonology,2026-03-22,2026-05-21,No preference,15 to 40 miles,Yes,,No,96,26,-36.0,105,Morning,0.351,35,25,20,10,0,90,Critical
WL-00974,Group A,Endocrinology,2026-04-27,2026-06-11,No preference,Under 15 miles,Yes,2026-05-04,No,60,38,-15.0,77,Morning,0.267,17,25,20,10,10,82,Critical
WL-00975,Group D,Pulmonology,2026-04-25,2026-05-16,Afternoon,15 to 40 miles,No,,Unknown,62,26,-41.0,105,Morning,0.351,35,25,6,0,0,66,High
WL-00976,Group A,Pulmonology,2026-06-06,2026-07-06,Morning,15 to 40 miles,Yes,2026-06-29,No,20,26,10.0,105,Morning,0.351,35,16,20,10,5,86,Critical
WL-00977,Group B,Pulmonology,2026-06-14,2026-07-14,Morning,Under 15 miles,No,2026-06-24,Yes,12,26,18.0,105,Morning,0.351,35,16,20,0,10,81,Critical
WL-00978,Group D,Pulmonology,2026-06-10,2026-09-08,Morning,15 to 40 miles,Yes,,No,16,26,74.0,105,Morning,0.351,35,4,20,10,0,69,High
WL-00979,Group C,Neurology,2026-06-13,2026-06-27,Afternoon,Under 15 miles,No,,No,13,41,1.0,74,Morning,0.256,17,22,6,0,5,50,Moderate
WL-00980,Group C,Pulmonology,2026-02-07,2026-03-24,No preference,Under 15 miles,Yes,,No,139,26,-94.0,105,Morning,0.351,35,25,20,10,5,95,Critical
WL-00981,Group A,Cardiology,2026-05-15,2026-05-22,Afternoon,Under 15 miles,Yes,,No,42,24,-35.0,89,Morning,0.309,26,25,6,10,5,72,High
WL-00982,Group B,Endocrinology,2026-05-16,2026-05-30,Morning,Over 40 miles,Yes,2026-05-22,No,41,38,-27.0,77,Morning,0.267,17,25,20,10,5,77,High
WL-00983,Group D,Cardiology,2026-05-15,2026-05-22,No preference,Under 15 miles,Yes,,No,42,24,-35.0,89,Morning,0.309,26,25,20,10,5,86,Critical
WL-00984,Group C,Gastroenterology,2026-04-21,2026-04-28,Morning,Under 15 miles,Yes,,No,66,29,-59.0,88,Morning,0.272,17,25,20,10,5,77,High
WL-00985,Group A,Gastroenterology,2026-03-27,2026-04-10,Afternoon,Under 15 miles,Yes,,No,91,29,-77.0,88,Morning,0.272,17,25,6,10,5,63,Moderate
WL-00986,Group A,Gastroenterology,2026-06-04,2026-06-18,Morning,Under 15 miles,Yes,,No,22,29,-8.0,88,Morning,0.272,17,25,20,10,5,77,High
WL-00987,Group C,Gastroenterology,2026-05-30,2026-07-14,Afternoon,15 to 40 miles,Yes,2026-06-27,Yes,27,29,18.0,88,Morning,0.272,17,16,6,10,10,59,Moderate
WL-00988,Group B,Neurology,2026-06-06,2026-06-27,No preference,Under 15 miles,Yes,,No,20,41,1.0,74,Morning,0.256,17,22,20,10,5,74,High
WL-00989,Group C,Pulmonology,2026-04-20,2026-05-04,Afternoon,Under 15 miles,Yes,,No,67,26,-53.0,105,Morning,0.351,35,25,6,10,5,81,Critical
WL-00990,Group A,Endocrinology,2026-05-12,2026-06-02,Morning,15 to 40 miles,Yes,,No,45,38,-24.0,77,Morning,0.267,17,25,20,10,0,72,High
WL-00991,Group A,Orthopedics,2026-05-01,2026-07-30,No preference,Under 15 miles,Yes,,No,56,19,34.0,74,Morning,0.247,17,9,20,10,5,61,Moderate
WL-00992,Group D,Endocrinology,2026-05-16,2026-06-06,No preference,Under 15 miles,Yes,,No,41,38,-20.0,77,Morning,0.267,17,25,20,10,5,77,High
WL-00993,Group D,Endocrinology,2026-06-15,2026-07-15,Afternoon,Under 15 miles,No,,No,11,38,19.0,77,Morning,0.267,17,16,6,0,5,44,Low
WL-00994,Group A,Cardiology,2026-05-08,2026-05-22,Afternoon,Over 40 miles,Yes,,No,49,24,-35.0,89,Morning,0.309,26,25,6,10,0,67,High
WL-00995,Group D,Pulmonology,2026-05-14,2026-08-12,Afternoon,Under 15 miles,No,2026-05-16,Yes,43,26,47.0,105,Morning,0.351,35,4,6,0,10,55,Moderate
WL-00996,Group B,Orthopedics,2026-04-15,2026-07-14,No preference,Under 15 miles,Yes,,No,72,19,18.0,74,Morning,0.247,17,16,20,10,5,68,High
WL-00997,Group B,Gastroenterology,2026-06-01,2026-08-30,Afternoon,Under 15 miles,Yes,,No,25,29,65.0,88,Morning,0.272,17,4,6,10,5,42,Low
WL-00998,Group C,Neurology,2026-06-23,2026-07-07,Morning,Under 15 miles,Yes,,No,3,41,11.0,74,Morning,0.256,17,16,20,10,5,68,High
WL-00999,Group A,Pulmonology,2026-06-12,2026-08-11,Morning,Under 15 miles,Yes,2026-06-26,No,14,26,46.0,105,Morning,0.351,35,4,20,10,10,79,High
WL-01000,Group A,Neurology,2026-04-30,2026-07-29,Morning,Over 40 miles,No,,No,57,41,33.0,74,Morning,0.256,17,9,20,0,0,46,Low
WL-01001,Group B,Pulmonology,2026-06-15,2026-06-22,No preference,Under 15 miles,Yes,,No,11,26,-4.0,105,Morning,0.351,35,25,20,10,5,95,Critical
WL-01002,Group D,Orthopedics,2026-05-21,,Afternoon,Over 40 miles,No,2026-05-30,No,36,19,,74,Morning,0.247,17,8,6,0,5,36,Low
WL-01003,Group D,Orthopedics,2026-04-06,2026-05-21,Afternoon,Under 15 miles,No,,No,81,19,-36.0,74,Morning,0.247,17,25,6,0,5,53,Moderate
WL-01004,Group C,Cardiology,2026-04-17,2026-06-01,Morning,Under 15 miles,No,2026-05-16,No,70,24,-25.0,89,Morning,0.309,26,25,20,0,10,81,Critical
WL-01005,Group C,Cardiology,2026-05-06,2026-05-13,Morning,15 to 40 miles,Yes,2026-05-26,Yes,51,24,-44.0,89,Morning,0.309,26,25,20,10,10,91,Critical
WL-01006,Group C,Gastroenterology,2026-05-26,2026-06-25,No preference,15 to 40 miles,No,,No,31,29,-1.0,88,Morning,0.272,17,25,20,0,0,62,Moderate
WL-01007,Group D,Endocrinology,2026-04-25,2026-05-09,No preference,Under 15 miles,No,2026-05-17,No,62,38,-48.0,77,Morning,0.267,17,25,20,0,10,72,High
WL-01008,Group C,Endocrinology,2026-05-14,2026-08-12,Morning,Under 15 miles,Yes,,No,43,38,47.0,77,Morning,0.267,17,4,20,10,5,56,Moderate
WL-01009,Group A,Endocrinology,2026-01-11,2026-03-12,Afternoon,15 to 40 miles,Yes,,No,166,38,-106.0,77,Morning,0.267,17,25,6,10,0,58,Moderate
WL-01010,Group C,Neurology,2026-05-31,2026-08-29,No preference,Over 40 miles,Yes,,No,26,41,64.0,74,Morning,0.256,17,4,20,10,0,51,Moderate
WL-01011,Group D,Gastroenterology,2026-06-10,2026-07-25,Afternoon,Under 15 miles,Yes,2026-06-28,No,16,29,29.0,88,Morning,0.272,17,9,6,10,10,52,Moderate
WL-01012,Group D,Neurology,2026-06-07,2026-06-21,Morning,Under 15 miles,Yes,2026-06-28,Yes,19,41,-5.0,74,Morning,0.256,17,25,20,10,10,82,Critical
WL-01013,Group A,Gastroenterology,2026-05-18,2026-05-25,Morning,Under 15 miles,No,,No,39,29,-32.0,88,Morning,0.272,17,25,20,0,5,67,High
WL-01014,Group C,Cardiology,2026-04-24,2026-05-24,No preference,Under 15 miles,Yes,,No,63,24,-33.0,89,Morning,0.309,26,25,20,10,5,86,Critical
WL-01015,Group D,Orthopedics,2026-06-06,2026-06-13,Morning,Under 15 miles,Yes,,No,20,19,-13.0,74,Morning,0.247,17,25,20,10,5,77,High
WL-01016,Group A,Pulmonology,2026-05-20,2026-05-27,Afternoon,Under 15 miles,No,2026-06-14,Yes,37,26,-30.0,105,Morning,0.351,35,25,6,0,10,76,High
WL-01017,Group C,Pulmonology,2026-06-08,2026-08-07,Afternoon,Under 15 miles,Yes,,No,18,26,42.0,105,Morning,0.351,35,9,6,10,5,65,High
WL-01018,Group B,Neurology,2026-06-05,2026-08-04,No preference,Under 15 miles,Yes,,No,21,41,39.0,74,Morning,0.256,17,9,20,10,5,61,Moderate
WL-01019,Group B,Endocrinology,2026-05-19,2026-05-26,Morning,Under 15 miles,Yes,,No,38,38,-31.0,77,Morning,0.267,17,25,20,10,5,77,High
WL-01021,Group C,Orthopedics,2026-06-23,2026-08-22,Morning,Under 15 miles,Yes,,No,3,19,57.0,74,Morning,0.247,17,4,20,10,5,56,Moderate
WL-01022,Group D,Neurology,2026-05-22,2026-08-20,Morning,Over 40 miles,Yes,2026-06-05,No,35,41,55.0,74,Morning,0.256,17,4,20,10,5,56,Moderate
WL-01023,Group D,Endocrinology,2026-06-01,2026-07-31,No preference,Under 15 miles,Yes,2026-06-05,No,25,38,35.0,77,Morning,0.267,17,9,20,10,10,66,High
WL-01024,Group B,Orthopedics,2026-05-29,2026-08-27,Morning,Under 15 miles,No,2026-06-25,Yes,28,19,62.0,74,Morning,0.247,17,4,20,0,10,51,Moderate
WL-01025,Group C,Neurology,2026-06-16,2026-08-15,Afternoon,Under 15 miles,Yes,,No,10,41,50.0,74,Morning,0.256,17,4,6,10,5,42,Low
WL-01026,Group D,Gastroenterology,2026-06-15,2026-07-15,Afternoon,Under 15 miles,No,,No,11,29,19.0,88,Morning,0.272,17,16,6,0,5,44,Low
WL-01027,Group C,Orthopedics,2026-04-21,,Morning,Under 15 miles,Yes,,No,66,19,,74,Morning,0.247,17,8,20,10,5,60,Moderate
WL-01028,Group D,Orthopedics,2026-04-26,2026-05-26,Afternoon,Over 40 miles,Yes,,No,61,19,-31.0,74,Morning,0.247,17,25,6,10,0,58,Moderate
WL-01029,Group C,Gastroenterology,2026-05-19,,No preference,Under 15 miles,No,,No,38,29,,88,Morning,0.272,17,8,20,0,5,50,Moderate
WL-01030,Group B,Endocrinology,2026-06-11,2026-06-25,Afternoon,15 to 40 miles,No,,No,15,38,-1.0,77,Morning,0.267,17,25,6,0,0,48,Low
WL-01031,Group A,Pulmonology,2026-05-04,2026-06-18,Afternoon,Under 15 miles,Yes,,No,53,26,-8.0,105,Morning,0.351,35,25,6,10,5,81,Critical
WL-01032,Group A,Orthopedics,2026-05-03,2026-05-24,Morning,Under 15 miles,Yes,,No,54,19,-33.0,74,Morning,0.247,17,25,20,10,5,77,High
WL-01033,Group C,Endocrinology,2026-04-02,2026-05-02,No preference,15 to 40 miles,No,,No,85,38,-55.0,77,Morning,0.267,17,25,20,0,0,62,Moderate
WL-01034,Group B,Orthopedics,2026-05-24,2026-06-07,Morning,Under 15 miles,No,2026-06-02,No,33,19,-19.0,74,Morning,0.247,17,25,20,0,10,72,High
WL-01035,Group B,Orthopedics,2026-05-07,2026-05-28,Morning,Over 40 miles,Yes,2026-05-09,Yes,50,19,-29.0,74,Morning,0.247,17,25,20,10,10,82,Critical
WL-01036,Group D,Orthopedics,2026-03-07,2026-06-05,Morning,Under 15 miles,Yes,,No,111,19,-21.0,74,Morning,0.247,17,25,20,10,5,77,High
WL-01037,Group D,Gastroenterology,2026-06-22,2026-07-06,Afternoon,Under 15 miles,Yes,2026-06-26,No,4,29,10.0,88,Morning,0.272,17,16,6,10,10,59,Moderate
WL-01038,Group C,Pulmonology,2026-05-23,2026-06-06,Afternoon,Over 40 miles,No,2026-06-16,Yes,34,26,-20.0,105,Morning,0.351,35,25,6,0,10,76,High
WL-01039,Group C,Gastroenterology,2026-06-05,2026-06-12,Afternoon,Under 15 miles,Yes,2026-07-04,Yes,21,29,-14.0,88,Morning,0.272,17,25,6,10,10,68,High
WL-01040,Group D,Endocrinology,2026-05-02,2026-05-16,Morning,Under 15 miles,Yes,2026-05-12,No,55,38,-41.0,77,Morning,0.267,17,25,20,10,10,82,Critical
WL-01041,Group D,Pulmonology,2026-05-05,2026-06-04,Afternoon,Under 15 miles,Yes,2026-05-19,No,52,26,-22.0,105,Morning,0.351,35,25,6,10,10,86,Critical
WL-01042,Group B,Gastroenterology,2026-06-21,2026-07-12,Afternoon,Under 15 miles,No,,No,5,29,16.0,88,Morning,0.272,17,16,6,0,5,44,Low
WL-01043,Group C,Neurology,2026-05-23,2026-07-07,Morning,15 to 40 miles,Yes,,No,34,41,11.0,74,Morning,0.256,17,16,20,10,0,63,Moderate
WL-01044,Group B,Endocrinology,2026-05-11,,Afternoon,Under 15 miles,Yes,,No,46,38,,77,Morning,0.267,17,8,6,10,5,46,Low
WL-01045,Group B,Cardiology,2026-04-28,2026-07-27,No preference,Under 15 miles,Yes,2026-05-22,No,59,24,31.0,89,Morning,0.309,26,9,20,10,10,75,High
WL-01046,Group A,Gastroenterology,2026-06-12,2026-07-03,No preference,Under 15 miles,Yes,2026-06-30,Yes,14,29,7.0,88,Morning,0.272,17,22,20,10,10,79,High
WL-01047,Group C,Endocrinology,2026-05-19,2026-06-02,Morning,Under 15 miles,No,,No,38,38,-24.0,77,Morning,0.267,17,25,20,0,5,67,High
WL-01048,Group A,Endocrinology,2026-05-11,2026-05-18,Afternoon,Under 15 miles,Yes,,No,46,38,-39.0,77,Morning,0.267,17,25,6,10,5,63,Moderate
WL-01049,Group C,Pulmonology,2026-05-03,2026-05-17,Afternoon,Over 40 miles,No,2026-06-02,No,54,26,-40.0,105,Morning,0.351,35,25,6,0,5,71,High
WL-01050,Group B,Pulmonology,2026-05-22,2026-08-20,No preference,Under 15 miles,Yes,,No,35,26,55.0,105,Morning,0.351,35,4,20,10,5,74,High
WL-01051,Group C,Endocrinology,2026-06-18,2026-08-17,Afternoon,15 to 40 miles,Yes,,No,8,38,52.0,77,Morning,0.267,17,4,6,10,0,37,Low
WL-01052,Group B,Pulmonology,2026-04-24,2026-06-23,Morning,Under 15 miles,Yes,,No,63,26,-3.0,105,Morning,0.351,35,25,20,10,5,95,Critical
WL-01053,Group A,Endocrinology,2026-05-27,2026-06-17,Morning,15 to 40 miles,Yes,2026-06-08,Yes,30,38,-9.0,77,Morning,0.267,17,25,20,10,10,82,Critical
WL-01054,Group D,Orthopedics,2026-03-11,2026-03-25,Morning,Under 15 miles,Yes,,No,107,19,-93.0,74,Morning,0.247,17,25,20,10,5,77,High
WL-01055,Group C,Endocrinology,2026-05-30,2026-06-13,Morning,15 to 40 miles,No,2026-06-19,Yes,27,38,-13.0,77,Morning,0.267,17,25,20,0,10,72,High
WL-01057,Group A,Cardiology,2026-06-16,2026-06-23,Afternoon,Under 15 miles,No,2026-06-19,No,10,24,-3.0,89,Morning,0.309,26,25,6,0,10,67,High
WL-01058,Group B,Gastroenterology,2026-05-28,2026-07-12,Morning,Under 15 miles,No,,No,29,29,16.0,88,Morning,0.272,17,16,20,0,5,58,Moderate
WL-01059,Group D,Gastroenterology,2026-05-24,2026-08-22,Morning,Under 15 miles,No,,No,33,29,57.0,88,Morning,0.272,17,4,20,0,5,46,Low
WL-01060,Group B,Orthopedics,2026-04-10,2026-05-01,Morning,Under 15 miles,Yes,2026-04-22,Yes,77,19,-56.0,74,Morning,0.247,17,25,20,10,10,82,Critical
WL-01061,Group D,Pulmonology,2026-02-23,,Afternoon,15 to 40 miles,Yes,2026-02-27,No,123,26,,105,Morning,0.351,35,8,6,10,5,64,Moderate
WL-01062,Group C,Orthopedics,2026-06-19,2026-09-17,Afternoon,Over 40 miles,Yes,,No,7,19,83.0,74,Morning,0.247,17,4,6,10,0,37,Low
WL-01063,Group D,Cardiology,2026-06-01,2026-06-08,No preference,Under 15 miles,Yes,,No,25,24,-18.0,89,Morning,0.309,26,25,20,10,5,86,Critical
WL-01064,Group A,Pulmonology,2026-06-06,2026-08-05,No preference,Under 15 miles,Yes,2026-06-18,No,20,26,40.0,105,Morning,0.351,35,9,20,10,10,84,Critical
WL-01065,Group C,Pulmonology,2026-05-14,2026-06-04,No preference,Under 15 miles,Yes,2026-06-05,Yes,43,26,-22.0,105,Morning,0.351,35,25,20,10,10,100,Critical
WL-01066,Group C,Orthopedics,2026-05-27,2026-06-03,Morning,Over 40 miles,Yes,,No,30,19,-23.0,74,Morning,0.247,17,25,20,10,0,72,High
WL-01067,Group A,Pulmonology,2026-02-17,2026-05-18,Morning,Over 40 miles,Yes,2026-03-18,No,129,26,-39.0,105,Morning,0.351,35,25,20,10,5,95,Critical
WL-01068,Group C,Endocrinology,2026-04-01,2026-06-30,No preference,Under 15 miles,Yes,,No,86,38,4.0,77,Morning,0.267,17,22,20,10,5,74,High
WL-01069,Group A,Pulmonology,2026-05-03,2026-05-17,Morning,15 to 40 miles,No,2026-05-15,No,54,26,-40.0,105,Morning,0.351,35,25,20,0,5,85,Critical
WL-01070,Group C,Pulmonology,2026-05-17,2026-05-31,Afternoon,Under 15 miles,No,2026-05-23,No,40,26,-26.0,105,Morning,0.351,35,25,6,0,10,76,High
WL-01071,Group A,Orthopedics,2026-05-24,2026-08-22,No preference,Under 15 miles,No,2026-06-07,No,33,19,57.0,74,Morning,0.247,17,4,20,0,10,51,Moderate
WL-01072,Group C,Orthopedics,2026-06-14,2026-09-12,Afternoon,Over 40 miles,Yes,2026-06-27,Yes,12,19,78.0,74,Morning,0.247,17,4,6,10,10,47,Low
WL-01073,Group C,Gastroenterology,2026-05-08,2026-05-22,No preference,15 to 40 miles,Yes,2026-05-27,No,49,29,-35.0,88,Morning,0.272,17,25,20,10,5,77,High
WL-01074,Group B,Pulmonology,2026-05-28,2026-06-18,Morning,Over 40 miles,Yes,,No,29,26,-8.0,105,Morning,0.351,35,25,20,10,0,90,Critical
WL-01075,Group D,Orthopedics,2026-06-21,2026-06-28,Morning,Under 15 miles,Yes,2026-07-06,No,5,19,2.0,74,Morning,0.247,17,22,20,10,10,79,High
WL-01076,Group C,Neurology,2026-05-05,2026-05-12,Afternoon,15 to 40 miles,No,,No,52,41,-45.0,74,Morning,0.256,17,25,6,0,0,48,Low
WL-01077,Group A,Pulmonology,2026-05-27,2026-06-26,No preference,Under 15 miles,No,,No,30,26,0.0,105,Morning,0.351,35,25,20,0,5,85,Critical
WL-01078,Group A,Endocrinology,2026-04-21,2026-05-05,Morning,15 to 40 miles,No,,No,66,38,-52.0,77,Morning,0.267,17,25,20,0,0,62,Moderate
WL-01079,Group A,Endocrinology,2026-06-17,2026-07-17,Morning,Over 40 miles,Yes,,No,9,38,21.0,77,Morning,0.267,17,16,20,10,0,63,Moderate
WL-01080,Group C,Neurology,2026-05-31,2026-06-30,Afternoon,Under 15 miles,Yes,2026-06-20,Yes,26,41,4.0,74,Morning,0.256,17,22,6,10,10,65,High
WL-01081,Group B,Pulmonology,2026-04-16,2026-07-15,Morning,15 to 40 miles,Yes,,No,71,26,19.0,105,Morning,0.351,35,16,20,10,0,81,Critical
WL-01082,Group C,Orthopedics,2026-06-08,2026-07-08,Morning,Under 15 miles,No,,No,18,19,12.0,74,Morning,0.247,17,16,20,0,5,58,Moderate
WL-01083,Group A,Gastroenterology,2026-06-07,2026-07-22,Morning,15 to 40 miles,Yes,,No,19,29,26.0,88,Morning,0.272,17,9,20,10,0,56,Moderate
WL-01084,Group A,Orthopedics,2026-06-16,2026-06-30,Morning,15 to 40 miles,No,,No,10,19,4.0,74,Morning,0.247,17,22,20,0,0,59,Moderate
WL-01085,Group D,Gastroenterology,2026-05-14,2026-05-28,No preference,Under 15 miles,Yes,,No,43,29,-29.0,88,Morning,0.272,17,25,20,10,5,77,High
WL-01086,Group A,Gastroenterology,2026-02-16,2026-04-17,No preference,Under 15 miles,Yes,,No,130,29,-70.0,88,Morning,0.272,17,25,20,10,5,77,High
WL-01087,Group D,Endocrinology,2026-05-23,2026-06-13,Afternoon,Under 15 miles,Yes,,No,34,38,-13.0,77,Morning,0.267,17,25,6,10,5,63,Moderate
WL-01088,Group A,Cardiology,2026-05-27,2026-06-17,Morning,Under 15 miles,Yes,,No,30,24,-9.0,89,Morning,0.309,26,25,20,10,5,86,Critical
WL-01089,Group A,Gastroenterology,2026-02-05,2026-02-26,Afternoon,Under 15 miles,Yes,,No,141,29,-120.0,88,Morning,0.272,17,25,6,10,5,63,Moderate
WL-01090,Group B,Gastroenterology,2026-04-05,2026-04-12,Morning,15 to 40 miles,No,2026-04-17,Yes,82,29,-75.0,88,Morning,0.272,17,25,20,0,10,72,High
WL-01091,Group C,Cardiology,2026-06-04,2026-06-18,Morning,Over 40 miles,Yes,2026-06-08,No,22,24,-8.0,89,Morning,0.309,26,25,20,10,5,86,Critical
WL-01092,Group D,Pulmonology,2026-06-18,2026-08-17,Morning,Under 15 miles,Yes,,No,8,26,52.0,105,Morning,0.351,35,4,20,10,5,74,High
WL-01093,Group B,Endocrinology,2026-04-20,2026-05-11,Morning,15 to 40 miles,Yes,,No,67,38,-46.0,77,Morning,0.267,17,25,20,10,0,72,High
WL-01094,Group B,Orthopedics,2026-05-22,2026-06-21,Morning,Under 15 miles,Yes,,No,35,19,-5.0,74,Morning,0.247,17,25,20,10,5,77,High
WL-01095,Group D,Orthopedics,2026-03-29,2026-06-27,Morning,Under 15 miles,Yes,,No,89,19,1.0,74,Morning,0.247,17,22,20,10,5,74,High
WL-01096,Group D,Gastroenterology,2026-04-05,2026-04-12,Afternoon,Over 40 miles,Yes,,No,82,29,-75.0,88,Morning,0.272,17,25,6,10,0,58,Moderate
WL-01097,Group D,Orthopedics,2026-06-04,2026-07-04,No preference,Under 15 miles,Yes,2026-06-30,Yes,22,19,8.0,74,Morning,0.247,17,16,20,10,10,73,High
WL-01098,Group C,Endocrinology,2026-06-08,2026-06-15,No preference,Under 15 miles,Yes,2026-06-11,No,18,38,-11.0,77,Morning,0.267,17,25,20,10,10,82,Critical
WL-01099,Group B,Cardiology,2026-05-16,2026-06-06,Afternoon,Under 15 miles,No,,No,41,24,-20.0,89,Morning,0.309,26,25,6,0,5,62,Moderate
WL-01100,Group B,Neurology,2026-06-15,,Morning,Under 15 miles,Yes,2026-07-08,No,11,41,,74,Morning,0.256,17,8,20,10,10,65,High
WL-01101,Group B,Pulmonology,2026-05-20,2026-08-18,Afternoon,15 to 40 miles,No,,No,37,26,53.0,105,Morning,0.351,35,4,6,0,0,45,Low
WL-01102,Group B,Gastroenterology,2026-05-18,2026-06-08,Morning,Under 15 miles,Yes,2026-05-21,No,39,29,-18.0,88,Morning,0.272,17,25,20,10,10,82,Critical
WL-01103,Group A,Pulmonology,2026-06-24,2026-07-15,Morning,Under 15 miles,Yes,,No,2,26,19.0,105,Morning,0.351,35,16,20,10,5,86,Critical
WL-01104,Group B,Gastroenterology,2026-06-06,2026-07-06,Afternoon,Under 15 miles,No,,No,20,29,10.0,88,Morning,0.272,17,16,6,0,5,44,Low
WL-01105,Group B,Endocrinology,2026-04-16,2026-04-23,Afternoon,Under 15 miles,Yes,,No,71,38,-64.0,77,Morning,0.267,17,25,6,10,5,63,Moderate
WL-01106,Group D,Endocrinology,2026-06-21,2026-08-05,Afternoon,15 to 40 miles,Yes,,No,5,38,40.0,77,Morning,0.267,17,9,6,10,0,42,Low
WL-01107,Group D,Gastroenterology,2026-06-14,2026-09-12,No preference,15 to 40 miles,Yes,,No,12,29,78.0,88,Morning,0.272,17,4,20,10,0,51,Moderate
WL-01108,Group D,Neurology,2026-06-09,2026-07-09,Afternoon,Under 15 miles,No,2026-06-13,Yes,17,41,13.0,74,Morning,0.256,17,16,6,0,10,49,Low
WL-01109,Group B,Cardiology,2026-05-11,2026-05-18,Morning,Over 40 miles,Yes,,No,46,24,-39.0,89,Morning,0.309,26,25,20,10,0,81,Critical
WL-01110,Group C,Neurology,2026-04-18,2026-05-02,No preference,15 to 40 miles,Yes,2026-05-04,No,69,41,-55.0,74,Morning,0.256,17,25,20,10,5,77,High
WL-01111,Group B,Neurology,2026-06-01,2026-06-22,No preference,Under 15 miles,No,,No,25,41,-4.0,74,Morning,0.256,17,25,20,0,5,67,High
WL-01112,Group B,Pulmonology,2026-04-10,2026-05-25,No preference,Under 15 miles,No,,No,77,26,-32.0,105,Morning,0.351,35,25,20,0,5,85,Critical
WL-01113,Group A,Neurology,2026-05-10,2026-05-31,Morning,15 to 40 miles,Yes,,No,47,41,-26.0,74,Morning,0.256,17,25,20,10,0,72,High
WL-01114,Group B,Endocrinology,2026-05-13,2026-05-20,Afternoon,15 to 40 miles,Yes,,No,44,38,-37.0,77,Morning,0.267,17,25,6,10,0,58,Moderate
WL-01115,Group D,Orthopedics,2026-05-02,2026-05-16,No preference,15 to 40 miles,No,2026-05-05,Yes,55,19,-41.0,74,Morning,0.247,17,25,20,0,10,72,High
WL-01116,Group B,Pulmonology,2026-06-11,2026-07-11,Morning,Under 15 miles,Yes,2026-06-18,Yes,15,26,15.0,105,Morning,0.351,35,16,20,10,10,91,Critical
WL-01117,Group C,Gastroenterology,2026-05-13,2026-05-27,Afternoon,Under 15 miles,Yes,2026-06-07,Yes,44,29,-30.0,88,Morning,0.272,17,25,6,10,10,68,High
WL-01118,Group D,Orthopedics,2026-05-01,2026-05-15,Morning,Under 15 miles,Yes,,No,56,19,-42.0,74,Morning,0.247,17,25,20,10,5,77,High
WL-01119,Group A,Neurology,2026-06-05,2026-07-05,No preference,15 to 40 miles,Yes,2026-06-08,Yes,21,41,9.0,74,Morning,0.256,17,16,20,10,10,73,High
WL-01120,Group D,Endocrinology,2026-06-23,2026-07-07,Afternoon,Over 40 miles,No,2026-06-27,Yes,3,38,11.0,77,Morning,0.267,17,16,6,0,10,49,Low
WL-01121,Group D,Neurology,2026-04-26,2026-06-25,Morning,Under 15 miles,No,,No,61,41,-1.0,74,Morning,0.256,17,25,20,0,5,67,High
WL-01122,Group B,Gastroenterology,2026-03-11,2026-03-25,No preference,15 to 40 miles,No,,No,107,29,-93.0,88,Morning,0.272,17,25,20,0,0,62,Moderate
WL-01123,Group C,Endocrinology,2026-04-12,2026-05-27,Morning,Under 15 miles,Yes,2026-05-11,Yes,75,38,-30.0,77,Morning,0.267,17,25,20,10,10,82,Critical
WL-01124,Group C,Cardiology,2026-05-09,2026-06-23,Afternoon,Under 15 miles,Yes,,No,48,24,-3.0,89,Morning,0.309,26,25,6,10,5,72,High
WL-01125,Group C,Neurology,2026-06-03,2026-06-17,Afternoon,15 to 40 miles,No,,No,23,41,-9.0,74,Morning,0.256,17,25,6,0,0,48,Low
WL-01126,Group C,Neurology,2026-06-10,2026-08-09,Morning,15 to 40 miles,Yes,,No,16,41,44.0,74,Morning,0.256,17,9,20,10,0,56,Moderate
WL-01127,Group D,Orthopedics,2026-06-17,2026-09-15,Morning,Under 15 miles,No,,No,9,19,81.0,74,Morning,0.247,17,4,20,0,5,46,Low
WL-01128,Group C,Gastroenterology,2026-05-05,2026-08-03,Morning,Over 40 miles,Yes,2026-05-28,Yes,52,29,38.0,88,Morning,0.272,17,9,20,10,10,66,High
WL-01129,Group D,Orthopedics,2026-05-19,2026-05-26,Afternoon,Under 15 miles,No,,No,38,19,-31.0,74,Morning,0.247,17,25,6,0,5,53,Moderate
WL-01130,Group D,Neurology,2026-05-31,2026-06-21,Afternoon,Under 15 miles,No,,No,26,41,-5.0,74,Morning,0.256,17,25,6,0,5,53,Moderate
WL-01131,Group B,Gastroenterology,2026-05-16,2026-05-30,Afternoon,Over 40 miles,Yes,2026-06-01,Yes,41,29,-27.0,88,Morning,0.272,17,25,6,10,10,68,High
WL-01132,Group C,Neurology,2026-06-16,2026-06-23,Morning,Under 15 miles,Yes,2026-07-03,No,10,41,-3.0,74,Morning,0.256,17,25,20,10,10,82,Critical
WL-01133,Group A,Endocrinology,2026-05-06,2026-05-27,Afternoon,Under 15 miles,Yes,,No,51,38,-30.0,77,Morning,0.267,17,25,6,10,5,63,Moderate
WL-01134,Group C,Neurology,2026-03-14,2026-03-28,Afternoon,15 to 40 miles,Yes,2026-03-23,Yes,104,41,-90.0,74,Morning,0.256,17,25,6,10,10,68,High
WL-01135,Group A,Pulmonology,2026-05-13,2026-06-27,Afternoon,Under 15 miles,Yes,,No,44,26,1.0,105,Morning,0.351,35,22,6,10,5,78,High
WL-01136,Group A,Pulmonology,2026-05-02,2026-06-01,Morning,Under 15 miles,No,2026-05-07,No,55,26,-25.0,105,Morning,0.351,35,25,20,0,10,90,Critical
WL-01137,Group B,Gastroenterology,2026-06-07,2026-08-06,Morning,Under 15 miles,No,2026-06-30,Yes,19,29,41.0,88,Morning,0.272,17,9,20,0,10,56,Moderate
WL-01138,Group C,Orthopedics,2026-05-10,2026-06-09,Morning,15 to 40 miles,No,2026-05-24,No,47,19,-17.0,74,Morning,0.247,17,25,20,0,5,67,High
WL-01139,Group B,Pulmonology,2026-05-20,2026-07-19,No preference,Over 40 miles,Yes,,No,37,26,23.0,105,Morning,0.351,35,9,20,10,0,74,High
WL-01140,Group D,Gastroenterology,2026-05-17,2026-05-24,Afternoon,Over 40 miles,No,,No,40,29,-33.0,88,Morning,0.272,17,25,6,0,0,48,Low
WL-01141,Group A,Cardiology,2026-05-07,2026-05-21,No preference,Under 15 miles,No,,No,50,24,-36.0,89,Morning,0.309,26,25,20,0,5,76,High
WL-01142,Group C,Orthopedics,2026-04-17,2026-05-08,Morning,15 to 40 miles,No,,No,70,19,-49.0,74,Morning,0.247,17,25,20,0,0,62,Moderate
WL-01143,Group D,Gastroenterology,2026-06-13,2026-08-12,Afternoon,Over 40 miles,No,,No,13,29,47.0,88,Morning,0.272,17,4,6,0,0,27,Low
WL-01144,Group D,Cardiology,2026-06-20,2026-07-04,Morning,Under 15 miles,Yes,,No,6,24,8.0,89,Morning,0.309,26,16,20,10,5,77,High
WL-01145,Group A,Pulmonology,2026-05-17,2026-05-24,Afternoon,Under 15 miles,No,2026-05-21,No,40,26,-33.0,105,Morning,0.351,35,25,6,0,10,76,High
WL-01147,Group C,Neurology,2026-05-27,2026-08-25,No preference,Over 40 miles,Yes,,No,30,41,60.0,74,Morning,0.256,17,4,20,10,0,51,Moderate
WL-01148,Group B,Neurology,2026-05-21,2026-07-05,Afternoon,Under 15 miles,No,2026-06-14,Yes,36,41,9.0,74,Morning,0.256,17,16,6,0,10,49,Low
WL-01149,Group B,Pulmonology,2026-04-21,2026-05-12,Morning,15 to 40 miles,No,2026-04-24,Yes,66,26,-45.0,105,Morning,0.351,35,25,20,0,10,90,Critical
WL-01150,Group A,Gastroenterology,2026-05-10,2026-08-08,Afternoon,15 to 40 miles,Yes,,No,47,29,43.0,88,Morning,0.272,17,9,6,10,0,42,Low
WL-01151,Group D,Pulmonology,2026-06-06,2026-06-20,Morning,Over 40 miles,Yes,,No,20,26,-6.0,105,Morning,0.351,35,25,20,10,0,90,Critical
WL-01152,Group C,Gastroenterology,2026-03-06,2026-04-05,Morning,Over 40 miles,Yes,2026-03-30,No,112,29,-82.0,88,Morning,0.272,17,25,20,10,5,77,High
WL-01153,Group D,Neurology,2026-06-02,2026-07-17,Afternoon,Under 15 miles,Yes,,No,24,41,21.0,74,Morning,0.256,17,16,6,10,5,54,Moderate
WL-01154,Group A,Neurology,2026-05-01,2026-06-15,No preference,15 to 40 miles,No,,No,56,41,-11.0,74,Morning,0.256,17,25,20,0,0,62,Moderate
WL-01155,Group C,Cardiology,2026-06-08,2026-09-06,Afternoon,15 to 40 miles,Yes,,No,18,24,72.0,89,Morning,0.309,26,4,6,10,0,46,Low
WL-01156,Group B,Orthopedics,2026-04-11,2026-06-10,Afternoon,Under 15 miles,No,,No,76,19,-16.0,74,Morning,0.247,17,25,6,0,5,53,Moderate
WL-01157,Group A,Orthopedics,2026-01-30,2026-02-13,Morning,Under 15 miles,Yes,2026-02-05,No,147,19,-133.0,74,Morning,0.247,17,25,20,10,10,82,Critical
WL-01158,Group B,Orthopedics,2026-05-04,2026-05-18,Afternoon,Under 15 miles,No,2026-05-31,Yes,53,19,-39.0,74,Morning,0.247,17,25,6,0,10,58,Moderate
WL-01159,Group B,Pulmonology,2026-04-29,2026-05-13,Morning,Under 15 miles,No,,No,58,26,-44.0,105,Morning,0.351,35,25,20,0,5,85,Critical
WL-01160,Group B,Cardiology,2026-06-09,2026-07-24,Morning,Over 40 miles,No,,No,17,24,28.0,89,Morning,0.309,26,9,20,0,0,55,Moderate
WL-01161,Group C,Cardiology,2026-05-31,2026-07-30,No preference,15 to 40 miles,Yes,2026-06-22,No,26,24,34.0,89,Morning,0.309,26,9,20,10,5,70,High
WL-01162,Group D,Neurology,2026-05-26,2026-06-16,Afternoon,Under 15 miles,Yes,,No,31,41,-10.0,74,Morning,0.256,17,25,6,10,5,63,Moderate
WL-01163,Group B,Cardiology,2026-06-21,2026-09-19,No preference,15 to 40 miles,Yes,,No,5,24,85.0,89,Morning,0.309,26,4,20,10,0,60,Moderate
WL-01164,Group B,Gastroenterology,2026-03-03,2026-03-10,Morning,Under 15 miles,Yes,,No,115,29,-108.0,88,Morning,0.272,17,25,20,10,5,77,High
WL-01165,Group C,Cardiology,2026-06-15,2026-06-22,Afternoon,Under 15 miles,Yes,,No,11,24,-4.0,89,Morning,0.309,26,25,6,10,5,72,High
WL-01166,Group D,Cardiology,2026-06-10,2026-08-09,Morning,Under 15 miles,Yes,,No,16,24,44.0,89,Morning,0.309,26,9,20,10,5,70,High
WL-01167,Group D,Gastroenterology,2026-04-21,2026-05-05,Morning,15 to 40 miles,Yes,2026-05-01,No,66,29,-52.0,88,Morning,0.272,17,25,20,10,5,77,High
WL-01168,Group C,Neurology,2026-06-03,2026-07-03,Morning,Over 40 miles,No,2026-06-10,Yes,23,41,7.0,74,Morning,0.256,17,22,20,0,10,69,High
WL-01169,Group A,Pulmonology,2026-04-22,2026-05-06,Morning,Under 15 miles,Yes,2026-05-04,Yes,65,26,-51.0,105,Morning,0.351,35,25,20,10,10,100,Critical
WL-01170,Group A,Orthopedics,2026-05-30,2026-06-06,Afternoon,Under 15 miles,Yes,2026-06-09,Yes,27,19,-20.0,74,Morning,0.247,17,25,6,10,10,68,High
WL-01171,Group D,Neurology,2026-03-13,2026-04-03,No preference,Under 15 miles,Yes,,No,105,41,-84.0,74,Morning,0.256,17,25,20,10,5,77,High
WL-01172,Group C,Pulmonology,2026-06-01,2026-07-31,Afternoon,15 to 40 miles,Yes,2026-06-08,Yes,25,26,35.0,105,Morning,0.351,35,9,6,10,10,70,High
WL-01173,Group A,Cardiology,2026-06-04,2026-07-04,Afternoon,Under 15 miles,Yes,,No,22,24,8.0,89,Morning,0.309,26,16,6,10,5,63,Moderate
WL-01174,Group B,Orthopedics,2026-06-01,2026-06-22,Morning,Under 15 miles,Yes,,No,25,19,-4.0,74,Morning,0.247,17,25,20,10,5,77,High
WL-01175,Group B,Endocrinology,2026-06-17,2026-06-24,Afternoon,15 to 40 miles,Yes,,No,9,38,-2.0,77,Morning,0.267,17,25,6,10,0,58,Moderate
WL-01176,Group A,Neurology,2026-03-31,2026-04-21,No preference,Under 15 miles,Yes,,No,87,41,-66.0,74,Morning,0.256,17,25,20,10,5,77,High
WL-01177,Group B,Orthopedics,2026-06-03,2026-07-18,Morning,Under 15 miles,No,2026-07-03,Yes,23,19,22.0,74,Morning,0.247,17,9,20,0,10,56,Moderate
WL-01178,Group B,Gastroenterology,2026-05-06,2026-06-05,Morning,15 to 40 miles,Yes,2026-05-31,Yes,51,29,-21.0,88,Morning,0.272,17,25,20,10,10,82,Critical
WL-01179,Group A,Pulmonology,2026-05-22,2026-06-12,Morning,Under 15 miles,No,2026-06-20,Yes,35,26,-14.0,105,Morning,0.351,35,25,20,0,10,90,Critical
WL-01180,Group B,Neurology,2026-05-04,2026-05-11,No preference,Under 15 miles,Yes,,No,53,41,-46.0,74,Morning,0.256,17,25,20,10,5,77,High
WL-01181,Group C,Pulmonology,2026-06-08,2026-07-23,Morning,15 to 40 miles,Yes,,No,18,26,27.0,105,Morning,0.351,35,9,20,10,0,74,High
WL-01182,Group C,Neurology,2026-04-20,2026-07-19,Morning,Under 15 miles,Yes,,No,67,41,23.0,74,Morning,0.256,17,9,20,10,5,61,Moderate
WL-01183,Group C,Cardiology,2026-05-24,2026-08-22,Morning,Under 15 miles,Yes,,No,33,24,57.0,89,Morning,0.309,26,4,20,10,5,65,High
WL-01184,Group B,Orthopedics,2026-05-22,2026-06-21,Morning,Over 40 miles,Yes,2026-06-21,Yes,35,19,-5.0,74,Morning,0.247,17,25,20,10,10,82,Critical
WL-01185,Group A,Gastroenterology,2026-06-16,2026-07-07,No preference,Over 40 miles,No,,No,10,29,11.0,88,Morning,0.272,17,16,20,0,0,53,Moderate
WL-01186,Group B,Cardiology,2026-06-07,,Afternoon,Under 15 miles,Yes,2026-06-14,Yes,19,24,,89,Morning,0.309,26,8,6,10,10,60,Moderate
WL-01187,Group C,Cardiology,2026-05-25,2026-06-24,Afternoon,Under 15 miles,Yes,,No,32,24,-2.0,89,Morning,0.309,26,25,6,10,5,72,High
WL-01188,Group B,Gastroenterology,2026-05-09,2026-06-08,Morning,Over 40 miles,No,2026-06-04,No,48,29,-18.0,88,Morning,0.272,17,25,20,0,5,67,High
WL-01190,Group B,Pulmonology,2026-05-15,2026-06-29,Morning,Over 40 miles,No,,No,42,26,3.0,105,Morning,0.351,35,22,20,0,0,77,High
WL-01191,Group A,Pulmonology,2026-05-20,2026-06-19,Morning,Under 15 miles,Yes,,No,37,26,-7.0,105,Morning,0.351,35,25,20,10,5,95,Critical
WL-01192,Group D,Pulmonology,2026-04-24,2026-05-08,Morning,15 to 40 miles,Yes,,No,63,26,-49.0,105,Morning,0.351,35,25,20,10,0,90,Critical
WL-01193,Group A,Gastroenterology,2026-05-19,2026-06-09,No preference,Under 15 miles,No,,No,38,29,-17.0,88,Morning,0.272,17,25,20,0,5,67,High
WL-01194,Group A,Endocrinology,2026-04-19,2026-05-03,Afternoon,Over 40 miles,No,,No,68,38,-54.0,77,Morning,0.267,17,25,6,0,0,48,Low
WL-01195,Group C,Endocrinology,2026-04-21,2026-06-05,Morning,Under 15 miles,No,,No,66,38,-21.0,77,Morning,0.267,17,25,20,0,5,67,High
WL-01196,Group B,Gastroenterology,2026-05-05,2026-07-04,No preference,15 to 40 miles,Yes,2026-05-21,No,52,29,8.0,88,Morning,0.272,17,16,20,10,5,68,High
WL-01197,Group C,Cardiology,2026-04-22,2026-07-21,Morning,Over 40 miles,No,,No,65,24,25.0,89,Morning,0.309,26,9,20,0,0,55,Moderate
WL-01198,Group D,Gastroenterology,2026-06-01,2026-06-08,Afternoon,15 to 40 miles,Yes,,No,25,29,-18.0,88,Morning,0.272,17,25,6,10,0,58,Moderate
WL-01199,Group B,Pulmonology,2026-05-15,2026-06-05,Afternoon,15 to 40 miles,No,,No,42,26,-21.0,105,Morning,0.351,35,25,6,0,0,66,High
WL-01200,Group B,Gastroenterology,2026-06-07,2026-06-21,Morning,15 to 40 miles,Yes,,No,19,29,-5.0,88,Morning,0.272,17,25,20,10,0,72,High
WL-01201,Group A,Pulmonology,2026-05-09,2026-05-30,Afternoon,Under 15 miles,Yes,,No,48,26,-27.0,105,Morning,0.351,35,25,6,10,5,81,Critical
WL-01202,Group B,Gastroenterology,2026-05-20,2026-06-03,Morning,Under 15 miles,Yes,,No,37,29,-23.0,88,Morning,0.272,17,25,20,10,5,77,High
WL-01203,Group A,Pulmonology,2026-02-25,2026-04-11,Morning,Under 15 miles,No,,No,121,26,-76.0,105,Morning,0.351,35,25,20,0,5,85,Critical
WL-01204,Group C,Neurology,2026-05-08,2026-05-29,Morning,Under 15 miles,Yes,,No,49,41,-28.0,74,Morning,0.256,17,25,20,10,5,77,High
WL-01205,Group C,Orthopedics,2026-05-20,2026-06-10,No preference,15 to 40 miles,No,,No,37,19,-16.0,74,Morning,0.247,17,25,20,0,0,62,Moderate
WL-01206,Group C,Endocrinology,2026-05-19,2026-06-02,No preference,Over 40 miles,No,,No,38,38,-24.0,77,Morning,0.267,17,25,20,0,0,62,Moderate
WL-01207,Group D,Orthopedics,2026-05-23,2026-06-06,Morning,15 to 40 miles,No,2026-05-28,Yes,34,19,-20.0,74,Morning,0.247,17,25,20,0,10,72,High
WL-01208,Group C,Orthopedics,2026-05-31,2026-06-21,No preference,Under 15 miles,Yes,2026-06-29,No,26,19,-5.0,74,Morning,0.247,17,25,20,10,10,82,Critical
WL-01209,Group B,Orthopedics,2026-06-20,2026-06-27,Morning,Under 15 miles,Yes,2026-07-19,Yes,6,19,1.0,74,Morning,0.247,17,22,20,10,10,79,High
WL-01210,Group A,Cardiology,2026-04-13,2026-07-12,No preference,15 to 40 miles,No,2026-04-24,No,74,24,16.0,89,Morning,0.309,26,16,20,0,5,67,High
WL-01211,Group A,Pulmonology,2026-06-10,2026-08-09,No preference,Under 15 miles,Yes,,No,16,26,44.0,105,Morning,0.351,35,9,20,10,5,79,High
WL-01212,Group C,Pulmonology,2026-05-06,2026-06-20,No preference,15 to 40 miles,No,,No,51,26,-6.0,105,Morning,0.351,35,25,20,0,0,80,Critical
WL-01213,Group D,Gastroenterology,2026-06-14,2026-07-05,No preference,Over 40 miles,Yes,,No,12,29,9.0,88,Morning,0.272,17,16,20,10,0,63,Moderate
WL-01215,Group D,Orthopedics,2026-05-30,2026-07-14,Morning,15 to 40 miles,Yes,,No,27,19,18.0,74,Morning,0.247,17,16,20,10,0,63,Moderate
WL-01216,Group A,Cardiology,2026-05-18,2026-07-02,Morning,15 to 40 miles,Yes,,No,39,24,6.0,89,Morning,0.309,26,22,20,10,0,78,High
WL-01217,Group B,Endocrinology,2026-03-15,2026-04-29,Afternoon,Under 15 miles,Yes,,No,103,38,-58.0,77,Morning,0.267,17,25,6,10,5,63,Moderate
WL-01218,Group A,Cardiology,2026-05-16,2026-08-14,Afternoon,15 to 40 miles,No,,No,41,24,49.0,89,Morning,0.309,26,4,6,0,0,36,Low
WL-01219,Group A,Gastroenterology,2026-06-10,2026-06-17,Morning,15 to 40 miles,No,2026-06-26,Yes,16,29,-9.0,88,Morning,0.272,17,25,20,0,10,72,High
WL-01220,Group B,Neurology,2026-05-02,2026-05-09,No preference,Over 40 miles,Yes,,No,55,41,-48.0,74,Morning,0.256,17,25,20,10,0,72,High
WL-01221,Group D,Pulmonology,2026-05-08,2026-06-22,Afternoon,15 to 40 miles,Yes,,Unknown,49,26,-4.0,105,Morning,0.351,35,25,6,10,0,76,High
WL-01222,Group B,Pulmonology,2026-06-08,2026-06-15,No preference,Under 15 miles,Yes,,No,18,26,-11.0,105,Morning,0.351,35,25,20,10,5,95,Critical
WL-01223,Group C,Cardiology,2026-05-18,2026-08-16,Morning,15 to 40 miles,Yes,,No,39,24,51.0,89,Morning,0.309,26,4,20,10,0,60,Moderate
WL-01224,Group A,Orthopedics,2026-06-01,2026-06-08,No preference,Under 15 miles,Yes,,No,25,19,-18.0,74,Morning,0.247,17,25,20,10,5,77,High
WL-01225,Group A,Endocrinology,2026-05-31,2026-06-14,Afternoon,Under 15 miles,Yes,,No,26,38,-12.0,77,Morning,0.267,17,25,6,10,5,63,Moderate
WL-01226,Group C,Orthopedics,2026-04-12,2026-05-12,Afternoon,Over 40 miles,Yes,2026-05-07,No,75,19,-45.0,74,Morning,0.247,17,25,6,10,5,63,Moderate
WL-01227,Group C,Neurology,2026-06-20,2026-06-27,Morning,Under 15 miles,No,2026-07-16,No,6,41,1.0,74,Morning,0.256,17,22,20,0,10,69,High
WL-01228,Group C,Gastroenterology,2026-06-07,2026-06-28,No preference,Under 15 miles,No,2026-07-02,No,19,29,2.0,88,Morning,0.272,17,22,20,0,10,69,High
WL-01229,Group A,Cardiology,2026-05-16,2026-07-15,Morning,15 to 40 miles,Yes,,No,41,24,19.0,89,Morning,0.309,26,16,20,10,0,72,High
WL-01230,Group B,Pulmonology,2026-05-26,2026-06-09,Afternoon,Under 15 miles,No,,No,31,26,-17.0,105,Morning,0.351,35,25,6,0,5,71,High
WL-01231,Group A,Pulmonology,2026-05-16,2026-06-06,Morning,Under 15 miles,No,2026-05-30,Yes,41,26,-20.0,105,Morning,0.351,35,25,20,0,10,90,Critical
WL-01232,Group A,Neurology,2026-06-09,2026-07-24,Morning,Under 15 miles,No,2026-06-18,Yes,17,41,28.0,74,Morning,0.256,17,9,20,0,10,56,Moderate
WL-01233,Group D,Gastroenterology,2026-05-15,2026-06-29,No preference,Over 40 miles,No,2026-06-01,Yes,42,29,3.0,88,Morning,0.272,17,22,20,0,10,69,High
WL-01234,Group A,Gastroenterology,2026-05-16,,Afternoon,Over 40 miles,Yes,,No,41,29,,88,Morning,0.272,17,8,6,10,0,41,Low
WL-01235,Group B,Orthopedics,2026-06-22,2026-06-29,Morning,Under 15 miles,Yes,,No,4,19,3.0,74,Morning,0.247,17,22,20,10,5,74,High
WL-01236,Group B,Neurology,2026-06-10,2026-07-10,Morning,Under 15 miles,Yes,,No,16,41,14.0,74,Morning,0.256,17,16,20,10,5,68,High
WL-01237,Group C,Gastroenterology,2026-03-18,2026-04-17,Morning,15 to 40 miles,No,,No,100,29,-70.0,88,Morning,0.272,17,25,20,0,0,62,Moderate
WL-01238,Group C,Gastroenterology,2026-06-14,2026-07-14,Morning,15 to 40 miles,Yes,,No,12,29,18.0,88,Morning,0.272,17,16,20,10,0,63,Moderate
WL-01239,Group A,Pulmonology,2026-06-17,2026-07-08,No preference,Under 15 miles,Yes,,No,9,26,12.0,105,Morning,0.351,35,16,20,10,5,86,Critical
WL-01240,Group C,Gastroenterology,2026-05-01,2026-06-30,No preference,Under 15 miles,No,2026-05-09,Yes,56,29,4.0,88,Morning,0.272,17,22,20,0,10,69,High
WL-01241,Group D,Neurology,2026-05-07,2026-05-21,Morning,15 to 40 miles,Yes,,No,50,41,-36.0,74,Morning,0.256,17,25,20,10,0,72,High
WL-01242,Group D,Gastroenterology,2026-05-18,2026-05-25,Morning,Under 15 miles,Yes,,No,39,29,-32.0,88,Morning,0.272,17,25,20,10,5,77,High
WL-01243,Group A,Gastroenterology,2026-04-07,2026-04-14,No preference,15 to 40 miles,No,,No,80,29,-73.0,88,Morning,0.272,17,25,20,0,0,62,Moderate
WL-01244,Group B,Orthopedics,2026-06-10,2026-07-01,No preference,15 to 40 miles,Yes,,No,16,19,5.0,74,Morning,0.247,17,22,20,10,0,69,High
WL-01245,Group C,Pulmonology,2026-05-01,2026-05-08,Morning,15 to 40 miles,No,2026-05-27,No,56,26,-49.0,105,Morning,0.351,35,25,20,0,5,85,Critical
WL-01246,Group B,Pulmonology,2026-05-27,2026-06-26,Afternoon,15 to 40 miles,No,,No,30,26,0.0,105,Morning,0.351,35,25,6,0,0,66,High
WL-01247,Group D,Gastroenterology,2026-05-09,2026-06-23,Morning,Under 15 miles,No,,No,48,29,-3.0,88,Morning,0.272,17,25,20,0,5,67,High
WL-01248,Group A,Gastroenterology,2026-05-26,2026-06-02,Afternoon,Under 15 miles,No,2026-06-06,Yes,31,29,-24.0,88,Morning,0.272,17,25,6,0,10,58,Moderate
WL-01249,Group D,Neurology,2026-06-14,2026-06-28,No preference,Under 15 miles,Yes,,No,12,41,2.0,74,Morning,0.256,17,22,20,10,5,74,High
WL-01250,Group A,Cardiology,2026-04-09,2026-04-23,Morning,Under 15 miles,Yes,,No,78,24,-64.0,89,Morning,0.309,26,25,20,10,5,86,Critical
WL-01251,Group D,Cardiology,2026-05-17,2026-06-07,Afternoon,Under 15 miles,Yes,2026-06-11,Yes,40,24,-19.0,89,Morning,0.309,26,25,6,10,10,77,High
WL-01252,Group B,Gastroenterology,2026-06-04,2026-06-25,Afternoon,Under 15 miles,Yes,,No,22,29,-1.0,88,Morning,0.272,17,25,6,10,5,63,Moderate
WL-01253,Group D,Orthopedics,2026-06-07,2026-06-14,Afternoon,Under 15 miles,Yes,,No,19,19,-12.0,74,Morning,0.247,17,25,6,10,5,63,Moderate
WL-01254,Group D,Cardiology,2026-05-30,2026-07-14,Afternoon,15 to 40 miles,No,,No,27,24,18.0,89,Morning,0.309,26,16,6,0,0,48,Low
WL-01255,Group A,Endocrinology,2026-03-13,2026-03-20,Morning,Under 15 miles,Yes,,No,105,38,-98.0,77,Morning,0.267,17,25,20,10,5,77,High
WL-01256,Group A,Orthopedics,2026-06-11,2026-06-25,Morning,Under 15 miles,Yes,2026-07-05,Yes,15,19,-1.0,74,Morning,0.247,17,25,20,10,10,82,Critical
WL-01257,Group C,Orthopedics,2026-05-24,2026-06-14,Afternoon,Under 15 miles,No,2026-06-15,No,33,19,-12.0,74,Morning,0.247,17,25,6,0,10,58,Moderate
WL-01258,Group A,Cardiology,2026-05-19,2026-05-26,No preference,15 to 40 miles,No,,No,38,24,-31.0,89,Morning,0.309,26,25,20,0,0,71,High
WL-01259,Group B,Orthopedics,2026-06-09,2026-06-23,No preference,15 to 40 miles,No,2026-06-17,Yes,17,19,-3.0,74,Morning,0.247,17,25,20,0,10,72,High
WL-01260,Group A,Gastroenterology,2026-05-26,2026-08-24,No preference,15 to 40 miles,Yes,,No,31,29,59.0,88,Morning,0.272,17,4,20,10,0,51,Moderate
WL-01261,Group C,Pulmonology,2026-04-08,2026-06-07,Afternoon,Over 40 miles,Yes,2026-04-30,No,79,26,-19.0,105,Morning,0.351,35,25,6,10,5,81,Critical
WL-01262,Group B,Neurology,2026-05-30,2026-08-28,No preference,15 to 40 miles,No,,No,27,41,63.0,74,Morning,0.256,17,4,20,0,0,41,Low
WL-01263,Group C,Cardiology,2026-05-01,2026-05-15,Afternoon,Under 15 miles,Yes,,No,56,24,-42.0,89,Morning,0.309,26,25,6,10,5,72,High
WL-01264,Group D,Pulmonology,2026-04-15,2026-07-14,Afternoon,15 to 40 miles,Yes,,No,72,26,18.0,105,Morning,0.351,35,16,6,10,0,67,High
WL-01265,Group B,Orthopedics,2026-05-07,2026-05-14,Afternoon,Under 15 miles,No,2026-05-12,Yes,50,19,-43.0,74,Morning,0.247,17,25,6,0,10,58,Moderate
WL-01266,Group D,Endocrinology,2026-05-23,2026-05-30,Morning,Under 15 miles,Yes,2026-05-28,Yes,34,38,-27.0,77,Morning,0.267,17,25,20,10,10,82,Critical
WL-01267,Group A,Pulmonology,2026-05-21,2026-06-20,Afternoon,Under 15 miles,No,,No,36,26,-6.0,105,Morning,0.351,35,25,6,0,5,71,High
WL-01268,Group B,Cardiology,2026-05-04,2026-08-02,Morning,15 to 40 miles,Yes,,No,53,24,37.0,89,Morning,0.309,26,9,20,10,0,65,High
WL-01269,Group C,Orthopedics,2026-05-16,2026-06-30,No preference,Under 15 miles,Yes,2026-06-14,Yes,41,19,4.0,74,Morning,0.247,17,22,20,10,10,79,High
WL-01270,Group C,Endocrinology,2026-06-01,2026-07-01,Morning,Over 40 miles,No,2026-06-18,Yes,25,38,5.0,77,Morning,0.267,17,22,20,0,10,69,High
WL-01271,Group C,Cardiology,2026-05-26,2026-06-25,Afternoon,15 to 40 miles,Yes,2026-06-09,No,31,24,-1.0,89,Morning,0.309,26,25,6,10,5,72,High
WL-01272,Group C,Neurology,2026-05-20,2026-07-04,Morning,Under 15 miles,Yes,,No,37,41,8.0,74,Morning,0.256,17,16,20,10,5,68,High
WL-01273,Group B,Orthopedics,2026-06-14,2026-06-21,No preference,15 to 40 miles,Yes,,No,12,19,-5.0,74,Morning,0.247,17,25,20,10,0,72,High
WL-01274,Group A,Neurology,2026-06-06,2026-06-20,Morning,Under 15 miles,No,,No,20,41,-6.0,74,Morning,0.256,17,25,20,0,5,67,High
WL-01275,Group B,Endocrinology,2026-03-02,2026-04-16,Morning,15 to 40 miles,Yes,,No,116,38,-71.0,77,Morning,0.267,17,25,20,10,0,72,High
WL-01276,Group C,Pulmonology,2026-03-06,2026-05-05,Morning,15 to 40 miles,Yes,,No,112,26,-52.0,105,Morning,0.351,35,25,20,10,0,90,Critical
WL-01277,Group C,Gastroenterology,2026-04-23,2026-07-22,Morning,Under 15 miles,Yes,,No,64,29,26.0,88,Morning,0.272,17,9,20,10,5,61,Moderate
WL-01278,Group C,Endocrinology,2026-06-05,2026-09-03,Afternoon,15 to 40 miles,No,2026-06-22,Yes,21,38,69.0,77,Morning,0.267,17,4,6,0,10,37,Low
WL-01279,Group C,Neurology,2026-06-16,2026-06-23,Morning,15 to 40 miles,Yes,,No,10,41,-3.0,74,Morning,0.256,17,25,20,10,0,72,High
WL-01280,Group C,Gastroenterology,2026-05-17,2026-05-24,Morning,Under 15 miles,Yes,2026-05-19,Yes,40,29,-33.0,88,Morning,0.272,17,25,20,10,10,82,Critical
WL-01281,Group B,Orthopedics,2026-05-01,2026-05-22,No preference,15 to 40 miles,No,,No,56,19,-35.0,74,Morning,0.247,17,25,20,0,0,62,Moderate
WL-01282,Group D,Neurology,2026-02-09,2026-04-10,No preference,15 to 40 miles,Yes,2026-02-11,Yes,137,41,-77.0,74,Morning,0.256,17,25,20,10,10,82,Critical
WL-01283,Group B,Endocrinology,2026-05-29,2026-06-28,No preference,Under 15 miles,Yes,,No,28,38,2.0,77,Morning,0.267,17,22,20,10,5,74,High
WL-01284,Group B,Cardiology,2026-06-16,2026-07-31,Afternoon,Under 15 miles,Yes,,No,10,24,35.0,89,Morning,0.309,26,9,6,10,5,56,Moderate
WL-01285,Group C,Pulmonology,2026-05-19,2026-07-03,No preference,Over 40 miles,Yes,,No,38,26,7.0,105,Morning,0.351,35,22,20,10,0,87,Critical
WL-01286,Group C,Orthopedics,2026-05-06,2026-06-05,Afternoon,Under 15 miles,No,,No,51,19,-21.0,74,Morning,0.247,17,25,6,0,5,53,Moderate
WL-01287,Group C,Cardiology,2026-06-10,2026-06-24,Afternoon,15 to 40 miles,No,,Unknown,16,24,-2.0,89,Morning,0.309,26,25,6,0,0,57,Moderate
WL-01288,Group B,Cardiology,2026-06-11,2026-07-26,Morning,Under 15 miles,Yes,,No,15,24,30.0,89,Morning,0.309,26,9,20,10,5,70,High
WL-01289,Group B,Endocrinology,2026-06-24,2026-07-15,Morning,Over 40 miles,No,2026-06-25,No,2,38,19.0,77,Morning,0.267,17,16,20,0,5,58,Moderate
WL-01290,Group C,Orthopedics,2026-05-25,2026-06-01,Afternoon,15 to 40 miles,Yes,,No,32,19,-25.0,74,Morning,0.247,17,25,6,10,0,58,Moderate
WL-01291,Group A,Orthopedics,2026-04-07,2026-07-06,No preference,Over 40 miles,No,2026-05-01,Yes,80,19,10.0,74,Morning,0.247,17,16,20,0,10,63,Moderate
WL-01292,Group A,Pulmonology,2026-05-31,2026-06-07,Afternoon,15 to 40 miles,Yes,,No,26,26,-19.0,105,Morning,0.351,35,25,6,10,0,76,High
WL-01293,Group B,Endocrinology,2026-05-22,2026-07-06,Morning,Under 15 miles,Yes,,No,35,38,10.0,77,Morning,0.267,17,16,20,10,5,68,High
WL-01294,Group D,Gastroenterology,2026-06-11,2026-09-09,Morning,Under 15 miles,No,,No,15,29,75.0,88,Morning,0.272,17,4,20,0,5,46,Low
WL-01295,Group A,Cardiology,2026-06-08,2026-06-15,Morning,15 to 40 miles,Yes,2026-06-22,No,18,24,-11.0,89,Morning,0.309,26,25,20,10,5,86,Critical
WL-01296,Group D,Gastroenterology,2026-06-12,2026-09-10,Morning,Under 15 miles,No,,No,14,29,76.0,88,Morning,0.272,17,4,20,0,5,46,Low
WL-01297,Group A,Orthopedics,2026-06-11,2026-07-11,Afternoon,Under 15 miles,Yes,,No,15,19,15.0,74,Morning,0.247,17,16,6,10,5,54,Moderate
WL-01298,Group D,Pulmonology,2026-05-10,2026-07-09,Afternoon,Under 15 miles,No,,No,47,26,13.0,105,Morning,0.351,35,16,6,0,5,62,Moderate
WL-01299,Group B,Neurology,2026-03-03,2026-04-17,Afternoon,Under 15 miles,Yes,,No,115,41,-70.0,74,Morning,0.256,17,25,6,10,5,63,Moderate
WL-01300,Group C,Orthopedics,2026-06-13,2026-07-28,Afternoon,Under 15 miles,No,,No,13,19,32.0,74,Morning,0.247,17,9,6,0,5,37,Low
WL-01301,Group B,Neurology,2026-05-23,2026-07-22,Afternoon,Over 40 miles,Yes,,No,34,41,26.0,74,Morning,0.256,17,9,6,10,0,42,Low
WL-01302,Group A,Neurology,2026-06-04,2026-06-11,Afternoon,15 to 40 miles,No,,No,22,41,-15.0,74,Morning,0.256,17,25,6,0,0,48,Low
WL-01303,Group C,Cardiology,2026-06-11,2026-07-11,Morning,Over 40 miles,Yes,,No,15,24,15.0,89,Morning,0.309,26,16,20,10,0,72,High
WL-01304,Group D,Cardiology,2026-05-31,2026-06-14,No preference,Under 15 miles,No,2026-06-16,No,26,24,-12.0,89,Morning,0.309,26,25,20,0,10,81,Critical
WL-01305,Group B,Orthopedics,2026-06-03,2026-06-10,No preference,Under 15 miles,No,,No,23,19,-16.0,74,Morning,0.247,17,25,20,0,5,67,High
WL-01306,Group B,Orthopedics,2026-05-28,2026-07-12,No preference,Under 15 miles,No,2026-06-25,Yes,29,19,16.0,74,Morning,0.247,17,16,20,0,10,63,Moderate
WL-01307,Group D,Endocrinology,2026-04-25,2026-05-16,Afternoon,Under 15 miles,Yes,,No,62,38,-41.0,77,Morning,0.267,17,25,6,10,5,63,Moderate
WL-01308,Group C,Gastroenterology,2026-06-04,2026-07-19,Morning,Under 15 miles,Yes,,No,22,29,23.0,88,Morning,0.272,17,9,20,10,5,61,Moderate
WL-01309,Group B,Endocrinology,2026-05-16,2026-06-15,No preference,Under 15 miles,No,,No,41,38,-11.0,77,Morning,0.267,17,25,20,0,5,67,High
WL-01310,Group B,Cardiology,2026-05-08,2026-06-22,Afternoon,Under 15 miles,Yes,,No,49,24,-4.0,89,Morning,0.309,26,25,6,10,5,72,High
WL-01311,Group D,Gastroenterology,2026-05-16,2026-07-15,Afternoon,Under 15 miles,Yes,,No,41,29,19.0,88,Morning,0.272,17,16,6,10,5,54,Moderate
WL-01312,Group B,Gastroenterology,2026-04-23,2026-05-07,Afternoon,Under 15 miles,Yes,,No,64,29,-50.0,88,Morning,0.272,17,25,6,10,5,63,Moderate
WL-01313,Group D,Cardiology,2026-04-08,2026-05-08,No preference,Under 15 miles,Yes,2026-04-18,Yes,79,24,-49.0,89,Morning,0.309,26,25,20,10,10,91,Critical
WL-01314,Group B,Orthopedics,2026-05-12,2026-06-02,Morning,Under 15 miles,Yes,,No,45,19,-24.0,74,Morning,0.247,17,25,20,10,5,77,High
WL-01315,Group A,Orthopedics,2026-03-18,2026-06-16,Afternoon,15 to 40 miles,No,2026-04-07,Yes,100,19,-10.0,74,Morning,0.247,17,25,6,0,10,58,Moderate
WL-01316,Group A,Cardiology,2026-05-24,2026-07-23,Afternoon,Under 15 miles,Yes,2026-06-20,Yes,33,24,27.0,89,Morning,0.309,26,9,6,10,10,61,Moderate
WL-01317,Group B,Orthopedics,2026-05-29,2026-06-28,Morning,Over 40 miles,Yes,2026-06-01,No,28,19,2.0,74,Morning,0.247,17,22,20,10,5,74,High
WL-01318,Group A,Pulmonology,2026-05-21,2026-07-20,Afternoon,15 to 40 miles,No,,No,36,26,24.0,105,Morning,0.351,35,9,6,0,0,50,Moderate
WL-01319,Group C,Cardiology,2026-06-07,2026-07-22,Afternoon,15 to 40 miles,Yes,2026-06-10,Yes,19,24,26.0,89,Morning,0.309,26,9,6,10,10,61,Moderate
WL-01320,Group C,Orthopedics,2026-05-18,2026-08-16,Morning,15 to 40 miles,No,2026-05-30,No,39,19,51.0,74,Morning,0.247,17,4,20,0,5,46,Low
WL-01321,Group B,Gastroenterology,2026-05-24,2026-05-31,No preference,15 to 40 miles,Yes,,No,33,29,-26.0,88,Morning,0.272,17,25,20,10,0,72,High
WL-01322,Group A,Pulmonology,2026-05-18,2026-06-01,No preference,Under 15 miles,No,2026-06-14,Yes,39,26,-25.0,105,Morning,0.351,35,25,20,0,10,90,Critical
WL-01323,Group A,Orthopedics,2026-05-03,2026-06-02,Afternoon,Over 40 miles,No,,No,54,19,-24.0,74,Morning,0.247,17,25,6,0,0,48,Low
WL-01324,Group A,Neurology,2026-04-12,2026-05-03,Morning,Over 40 miles,Yes,2026-04-23,Yes,75,41,-54.0,74,Morning,0.256,17,25,20,10,10,82,Critical
WL-01325,Group A,Endocrinology,2026-05-15,2026-05-29,Morning,Under 15 miles,Yes,,No,42,38,-28.0,77,Morning,0.267,17,25,20,10,5,77,High
WL-01326,Group C,Cardiology,2026-03-21,2026-03-28,No preference,Under 15 miles,Yes,2026-03-25,No,97,24,-90.0,89,Morning,0.309,26,25,20,10,10,91,Critical
WL-01327,Group D,Gastroenterology,2026-06-17,2026-07-01,Morning,15 to 40 miles,Yes,2026-06-28,Yes,9,29,5.0,88,Morning,0.272,17,22,20,10,10,79,High
WL-01328,Group C,Cardiology,2026-05-28,2026-06-11,Morning,Over 40 miles,Yes,,No,29,24,-15.0,89,Morning,0.309,26,25,20,10,0,81,Critical
WL-01329,Group B,Cardiology,2026-06-14,2026-07-29,Afternoon,Under 15 miles,Yes,,No,12,24,33.0,89,Morning,0.309,26,9,6,10,5,56,Moderate
WL-01330,Group A,Endocrinology,2026-05-30,2026-07-14,Morning,15 to 40 miles,Yes,,No,27,38,18.0,77,Morning,0.267,17,16,20,10,0,63,Moderate
WL-01331,Group A,Endocrinology,2026-05-19,2026-08-17,Morning,Under 15 miles,Yes,,No,38,38,52.0,77,Morning,0.267,17,4,20,10,5,56,Moderate
WL-01332,Group C,Endocrinology,2026-04-14,2026-05-29,Afternoon,Under 15 miles,Yes,,No,73,38,-28.0,77,Morning,0.267,17,25,6,10,5,63,Moderate
WL-01333,Group A,Orthopedics,2026-03-22,2026-06-20,Afternoon,Over 40 miles,No,2026-04-09,Yes,96,19,-6.0,74,Morning,0.247,17,25,6,0,10,58,Moderate
WL-01334,Group C,Orthopedics,2026-05-20,2026-06-10,No preference,15 to 40 miles,Yes,,No,37,19,-16.0,74,Morning,0.247,17,25,20,10,0,72,High
WL-01335,Group C,Gastroenterology,2026-04-24,2026-07-23,Afternoon,Under 15 miles,Yes,,No,63,29,27.0,88,Morning,0.272,17,9,6,10,5,47,Low
WL-01336,Group A,Pulmonology,2026-05-16,2026-06-15,Afternoon,Under 15 miles,Yes,,No,41,26,-11.0,105,Morning,0.351,35,25,6,10,5,81,Critical
WL-01337,Group B,Cardiology,2026-05-28,2026-06-04,Morning,15 to 40 miles,Yes,,No,29,24,-22.0,89,Morning,0.309,26,25,20,10,0,81,Critical
WL-01338,Group D,Endocrinology,2026-06-04,2026-08-03,No preference,Under 15 miles,Yes,,No,22,38,38.0,77,Morning,0.267,17,9,20,10,5,61,Moderate
WL-01339,Group A,Pulmonology,2026-04-12,2026-06-11,Afternoon,Under 15 miles,Yes,2026-05-11,No,75,26,-15.0,105,Morning,0.351,35,25,6,10,10,86,Critical
WL-01340,Group A,Pulmonology,2026-05-17,2026-08-15,Morning,Under 15 miles,Yes,,No,40,26,50.0,105,Morning,0.351,35,4,20,10,5,74,High
WL-01341,Group B,Pulmonology,2026-05-22,2026-06-05,Afternoon,Under 15 miles,Yes,,No,35,26,-21.0,105,Morning,0.351,35,25,6,10,5,81,Critical
WL-01342,Group D,Endocrinology,2026-04-09,2026-05-09,Morning,Under 15 miles,No,,No,78,38,-48.0,77,Morning,0.267,17,25,20,0,5,67,High
WL-01343,Group C,Endocrinology,2026-05-31,2026-06-14,Morning,Under 15 miles,No,2026-06-16,Yes,26,38,-12.0,77,Morning,0.267,17,25,20,0,10,72,High
WL-01344,Group B,Endocrinology,2026-03-25,2026-04-15,Morning,Under 15 miles,No,,No,93,38,-72.0,77,Morning,0.267,17,25,20,0,5,67,High
WL-01345,Group B,Pulmonology,2026-06-04,2026-06-25,Morning,Over 40 miles,No,,No,22,26,-1.0,105,Morning,0.351,35,25,20,0,0,80,Critical
WL-01346,Group A,Pulmonology,2026-06-14,2026-07-29,Morning,Under 15 miles,No,,No,12,26,33.0,105,Morning,0.351,35,9,20,0,5,69,High
WL-01347,Group C,Cardiology,2026-04-20,2026-06-04,Afternoon,Under 15 miles,No,,No,67,24,-22.0,89,Morning,0.309,26,25,6,0,5,62,Moderate
WL-01348,Group B,Neurology,2026-06-21,2026-07-12,Morning,15 to 40 miles,No,,No,5,41,16.0,74,Morning,0.256,17,16,20,0,0,53,Moderate
WL-01349,Group C,Gastroenterology,2026-06-06,2026-07-21,Morning,Under 15 miles,Yes,,No,20,29,25.0,88,Morning,0.272,17,9,20,10,5,61,Moderate
WL-01350,Group B,Gastroenterology,2026-05-14,2026-06-13,Morning,15 to 40 miles,Yes,2026-05-18,Yes,43,29,-13.0,88,Morning,0.272,17,25,20,10,10,82,Critical
WL-01351,Group D,Pulmonology,2026-05-18,2026-08-16,Morning,15 to 40 miles,Yes,,No,39,26,51.0,105,Morning,0.351,35,4,20,10,0,69,High
WL-01352,Group D,Orthopedics,2026-05-25,2026-07-24,Morning,Over 40 miles,No,,No,32,19,28.0,74,Morning,0.247,17,9,20,0,0,46,Low
WL-01353,Group C,Gastroenterology,2026-05-09,2026-07-08,Afternoon,Under 15 miles,Yes,2026-05-19,No,48,29,12.0,88,Morning,0.272,17,16,6,10,10,59,Moderate
WL-01354,Group C,Endocrinology,2026-04-09,2026-06-08,Afternoon,Under 15 miles,Yes,,No,78,38,-18.0,77,Morning,0.267,17,25,6,10,5,63,Moderate
WL-01355,Group B,Cardiology,2026-04-27,2026-05-11,Afternoon,Under 15 miles,No,,No,60,24,-46.0,89,Morning,0.309,26,25,6,0,5,62,Moderate
WL-01356,Group A,Cardiology,2026-03-26,2026-06-24,Morning,15 to 40 miles,No,,No,92,24,-2.0,89,Morning,0.309,26,25,20,0,0,71,High
WL-01357,Group A,Gastroenterology,2026-05-11,2026-05-18,Afternoon,Under 15 miles,No,,No,46,29,-39.0,88,Morning,0.272,17,25,6,0,5,53,Moderate
WL-01358,Group B,Gastroenterology,2026-06-10,2026-07-01,Morning,Under 15 miles,Yes,,No,16,29,5.0,88,Morning,0.272,17,22,20,10,5,74,High
WL-01359,Group B,Neurology,2026-05-16,2026-06-15,Morning,15 to 40 miles,Yes,2026-06-05,Yes,41,41,-11.0,74,Morning,0.256,17,25,20,10,10,82,Critical
WL-01360,Group C,Neurology,2026-06-04,2026-08-03,Afternoon,15 to 40 miles,No,,No,22,41,38.0,74,Morning,0.256,17,9,6,0,0,32,Low
WL-01361,Group C,Gastroenterology,2026-06-24,2026-07-15,Afternoon,Over 40 miles,Yes,,No,2,29,19.0,88,Morning,0.272,17,16,6,10,0,49,Low
WL-01362,Group B,Pulmonology,2026-05-31,2026-06-14,Morning,Under 15 miles,Yes,,No,26,26,-12.0,105,Morning,0.351,35,25,20,10,5,95,Critical
WL-01363,Group C,Neurology,2026-05-28,2026-06-04,Afternoon,Under 15 miles,No,,No,29,41,-22.0,74,Morning,0.256,17,25,6,0,5,53,Moderate
WL-01364,Group B,Endocrinology,2026-06-20,2026-07-04,Afternoon,Over 40 miles,Yes,2026-07-02,Yes,6,38,8.0,77,Morning,0.267,17,16,6,10,10,59,Moderate
WL-01365,Group C,Orthopedics,2026-05-14,2026-05-21,Morning,Under 15 miles,Yes,,No,43,19,-36.0,74,Morning,0.247,17,25,20,10,5,77,High
WL-01366,Group A,Orthopedics,2026-06-12,2026-06-19,No preference,Under 15 miles,No,,No,14,19,-7.0,74,Morning,0.247,17,25,20,0,5,67,High
WL-01367,Group C,Pulmonology,2026-04-28,2026-05-05,Afternoon,Under 15 miles,Yes,,No,59,26,-52.0,105,Morning,0.351,35,25,6,10,5,81,Critical
WL-01368,Group C,Pulmonology,2026-04-12,2026-05-27,Morning,Under 15 miles,No,,No,75,26,-30.0,105,Morning,0.351,35,25,20,0,5,85,Critical
WL-01369,Group A,Neurology,2026-05-06,2026-05-20,No preference,Under 15 miles,No,,No,51,41,-37.0,74,Morning,0.256,17,25,20,0,5,67,High
WL-01370,Group D,Neurology,2026-05-25,2026-08-23,Morning,15 to 40 miles,No,,No,32,41,58.0,74,Morning,0.256,17,4,20,0,0,41,Low
WL-01371,Group C,Neurology,2026-04-14,2026-06-13,No preference,Under 15 miles,Yes,,No,73,41,-13.0,74,Morning,0.256,17,25,20,10,5,77,High
WL-01372,Group C,Endocrinology,2026-05-20,2026-08-18,No preference,Under 15 miles,Yes,,No,37,38,53.0,77,Morning,0.267,17,4,20,10,5,56,Moderate
WL-01373,Group A,Neurology,2026-05-26,2026-07-25,Afternoon,Over 40 miles,Yes,2026-06-01,No,31,41,29.0,74,Morning,0.256,17,9,6,10,5,47,Low
WL-01374,Group B,Orthopedics,2026-06-04,2026-09-02,Afternoon,Over 40 miles,No,,No,22,19,68.0,74,Morning,0.247,17,4,6,0,0,27,Low
WL-01375,Group B,Endocrinology,2026-04-22,2026-06-21,Morning,Under 15 miles,Yes,,No,65,38,-5.0,77,Morning,0.267,17,25,20,10,5,77,High
WL-01376,Group C,Pulmonology,2026-05-05,2026-05-19,Afternoon,Under 15 miles,No,2026-06-02,No,52,26,-38.0,105,Morning,0.351,35,25,6,0,10,76,High
WL-01377,Group C,Orthopedics,2026-05-25,2026-06-24,Morning,15 to 40 miles,No,2026-06-08,No,32,19,-2.0,74,Morning,0.247,17,25,20,0,5,67,High
WL-01378,Group B,Endocrinology,2026-06-10,2026-09-08,Afternoon,15 to 40 miles,Yes,,No,16,38,74.0,77,Morning,0.267,17,4,6,10,0,37,Low
WL-01379,Group C,Pulmonology,2026-06-05,2026-06-19,Morning,Under 15 miles,Yes,,No,21,26,-7.0,105,Morning,0.351,35,25,20,10,5,95,Critical
WL-01380,Group D,Gastroenterology,2026-06-12,2026-07-12,Morning,15 to 40 miles,No,,No,14,29,16.0,88,Morning,0.272,17,16,20,0,0,53,Moderate
WL-01381,Group B,Neurology,2026-05-10,2026-07-09,Morning,Over 40 miles,No,,No,47,41,13.0,74,Morning,0.256,17,16,20,0,0,53,Moderate
WL-01382,Group B,Cardiology,2026-05-29,2026-07-28,Afternoon,15 to 40 miles,Yes,2026-06-18,Yes,28,24,32.0,89,Morning,0.309,26,9,6,10,10,61,Moderate
WL-01383,Group A,Endocrinology,2026-03-23,2026-04-22,Morning,Under 15 miles,No,2026-04-13,Yes,95,38,-65.0,77,Morning,0.267,17,25,20,0,10,72,High
WL-01384,Group B,Gastroenterology,2026-05-21,2026-06-20,Afternoon,15 to 40 miles,Yes,,No,36,29,-6.0,88,Morning,0.272,17,25,6,10,0,58,Moderate
WL-01385,Group B,Endocrinology,2026-06-21,2026-06-28,Afternoon,Under 15 miles,Yes,2026-07-09,No,5,38,2.0,77,Morning,0.267,17,22,6,10,10,65,High
WL-01386,Group D,Neurology,2026-03-21,2026-04-11,Morning,Over 40 miles,Yes,,No,97,41,-76.0,74,Morning,0.256,17,25,20,10,0,72,High
WL-01387,Group A,Pulmonology,2026-05-24,2026-06-07,Afternoon,Under 15 miles,No,,No,33,26,-19.0,105,Morning,0.351,35,25,6,0,5,71,High
WL-01388,Group D,Endocrinology,2026-04-02,2026-04-23,Morning,Over 40 miles,No,,No,85,38,-64.0,77,Morning,0.267,17,25,20,0,0,62,Moderate
WL-01389,Group B,Gastroenterology,2026-06-18,2026-09-16,Morning,Under 15 miles,Yes,,No,8,29,82.0,88,Morning,0.272,17,4,20,10,5,56,Moderate
WL-01390,Group D,Gastroenterology,2026-05-10,2026-06-24,Morning,Under 15 miles,No,,No,47,29,-2.0,88,Morning,0.272,17,25,20,0,5,67,High
WL-01391,Group B,Cardiology,2026-05-16,2026-05-30,Morning,Under 15 miles,Yes,2026-05-27,Yes,41,24,-27.0,89,Morning,0.309,26,25,20,10,10,91,Critical
WL-01392,Group D,Pulmonology,2026-06-04,2026-06-11,Morning,Under 15 miles,Yes,,No,22,26,-15.0,105,Morning,0.351,35,25,20,10,5,95,Critical
WL-01393,Group A,Orthopedics,2026-06-18,2026-07-09,Morning,Under 15 miles,Yes,,No,8,19,13.0,74,Morning,0.247,17,16,20,10,5,68,High
WL-01394,Group C,Endocrinology,2026-05-31,2026-06-07,Afternoon,Under 15 miles,Yes,2026-06-23,Yes,26,38,-19.0,77,Morning,0.267,17,25,6,10,10,68,High
WL-01395,Group A,Orthopedics,2026-06-18,2026-08-02,Morning,Under 15 miles,Yes,,No,8,19,37.0,74,Morning,0.247,17,9,20,10,5,61,Moderate
WL-01396,Group D,Pulmonology,2026-05-11,2026-06-25,Afternoon,15 to 40 miles,No,2026-06-09,Yes,46,26,-1.0,105,Morning,0.351,35,25,6,0,10,76,High
WL-01397,Group A,Gastroenterology,2026-06-20,2026-08-04,No preference,Over 40 miles,Yes,,No,6,29,39.0,88,Morning,0.272,17,9,20,10,0,56,Moderate
WL-01398,Group A,Neurology,2026-04-30,2026-05-07,No preference,15 to 40 miles,No,,No,57,41,-50.0,74,Morning,0.256,17,25,20,0,0,62,Moderate
WL-01399,Group D,Gastroenterology,2026-06-07,2026-09-05,No preference,Under 15 miles,No,,No,19,29,71.0,88,Morning,0.272,17,4,20,0,5,46,Low
WL-01400,Group D,Gastroenterology,2026-06-17,2026-08-16,Afternoon,15 to 40 miles,Yes,,No,9,29,51.0,88,Morning,0.272,17,4,6,10,0,37,Low
WL-01401,Group D,Endocrinology,2026-04-15,2026-05-06,Morning,15 to 40 miles,Yes,,No,72,38,-51.0,77,Morning,0.267,17,25,20,10,0,72,High
WL-01402,Group D,Orthopedics,2026-05-28,2026-06-27,No preference,Under 15 miles,Yes,,No,29,19,1.0,74,Morning,0.247,17,22,20,10,5,74,High
WL-01403,Group D,Orthopedics,2026-05-22,,Afternoon,Under 15 miles,Yes,,No,35,19,,74,Morning,0.247,17,8,6,10,5,46,Low
WL-01404,Group D,Cardiology,2026-06-19,2026-08-03,Morning,Under 15 miles,No,,No,7,24,38.0,89,Morning,0.309,26,9,20,0,5,60,Moderate
WL-01405,Group C,Neurology,2026-04-19,2026-06-18,Afternoon,Under 15 miles,Yes,,No,68,41,-8.0,74,Morning,0.256,17,25,6,10,5,63,Moderate
WL-01406,Group B,Gastroenterology,2026-05-06,2026-05-27,Morning,Under 15 miles,No,2026-05-28,No,51,29,-30.0,88,Morning,0.272,17,25,20,0,10,72,High
WL-01407,Group B,Gastroenterology,2026-04-26,2026-05-10,Morning,Under 15 miles,No,,No,61,29,-47.0,88,Morning,0.272,17,25,20,0,5,67,High
WL-01408,Group D,Orthopedics,2026-06-04,2026-06-11,Morning,Under 15 miles,Yes,,No,22,19,-15.0,74,Morning,0.247,17,25,20,10,5,77,High
WL-01409,Group D,Gastroenterology,2026-05-14,2026-06-13,Afternoon,Under 15 miles,Yes,,No,43,29,-13.0,88,Morning,0.272,17,25,6,10,5,63,Moderate
WL-01410,Group D,Endocrinology,2026-05-24,2026-07-08,Morning,Under 15 miles,No,2026-06-16,No,33,38,12.0,77,Morning,0.267,17,16,20,0,10,63,Moderate
WL-01411,Group B,Neurology,2026-01-21,2026-04-21,Morning,15 to 40 miles,Yes,,No,156,41,-66.0,74,Morning,0.256,17,25,20,10,0,72,High
WL-01412,Group B,Orthopedics,2026-04-04,2026-04-18,No preference,Under 15 miles,Yes,,No,83,19,-69.0,74,Morning,0.247,17,25,20,10,5,77,High
WL-01413,Group A,Neurology,2026-01-22,2026-02-05,Morning,Under 15 miles,No,2026-01-24,No,155,41,-141.0,74,Morning,0.256,17,25,20,0,10,72,High
WL-01415,Group C,Cardiology,2026-04-29,2026-05-20,No preference,Under 15 miles,Yes,,No,58,24,-37.0,89,Morning,0.309,26,25,20,10,5,86,Critical
WL-01416,Group C,Orthopedics,2026-05-12,2026-08-10,Afternoon,15 to 40 miles,Yes,2026-06-03,Yes,45,19,45.0,74,Morning,0.247,17,9,6,10,10,52,Moderate
WL-01417,Group C,Endocrinology,2026-04-03,2026-04-24,Morning,15 to 40 miles,Yes,2026-04-07,No,84,38,-63.0,77,Morning,0.267,17,25,20,10,5,77,High
WL-01418,Group C,Endocrinology,2026-06-07,2026-06-14,No preference,Under 15 miles,Yes,,No,19,38,-12.0,77,Morning,0.267,17,25,20,10,5,77,High
WL-01419,Group B,Cardiology,2026-05-28,2026-08-26,Morning,Under 15 miles,Yes,,No,29,24,61.0,89,Morning,0.309,26,4,20,10,5,65,High
WL-01420,Group C,Endocrinology,2026-05-30,2026-06-20,No preference,Under 15 miles,Yes,2026-06-20,Yes,27,38,-6.0,77,Morning,0.267,17,25,20,10,10,82,Critical
WL-01421,Group D,Endocrinology,2026-06-20,2026-07-04,Morning,Under 15 miles,No,,No,6,38,8.0,77,Morning,0.267,17,16,20,0,5,58,Moderate
WL-01422,Group D,Pulmonology,2026-05-12,2026-05-19,Afternoon,Under 15 miles,No,,No,45,26,-38.0,105,Morning,0.351,35,25,6,0,5,71,High
WL-01423,Group B,Cardiology,2026-05-19,2026-06-02,Afternoon,Over 40 miles,Yes,2026-06-11,No,38,24,-24.0,89,Morning,0.309,26,25,6,10,5,72,High
WL-01424,Group B,Neurology,2026-05-06,2026-07-05,Morning,15 to 40 miles,No,,No,51,41,9.0,74,Morning,0.256,17,16,20,0,0,53,Moderate
WL-01425,Group C,Pulmonology,2026-06-06,2026-06-20,Afternoon,Over 40 miles,Yes,,No,20,26,-6.0,105,Morning,0.351,35,25,6,10,0,76,High
WL-01426,Group A,Neurology,2026-04-08,2026-05-23,Morning,15 to 40 miles,No,,No,79,41,-34.0,74,Morning,0.256,17,25,20,0,0,62,Moderate
WL-01427,Group D,Cardiology,2026-05-04,2026-05-18,Morning,15 to 40 miles,Yes,,No,53,24,-39.0,89,Morning,0.309,26,25,20,10,0,81,Critical
WL-01428,Group C,Neurology,2026-06-11,2026-07-26,Afternoon,Under 15 miles,No,2026-06-14,Yes,15,41,30.0,74,Morning,0.256,17,9,6,0,10,42,Low
WL-01429,Group B,Gastroenterology,2026-03-30,2026-05-29,Afternoon,Under 15 miles,Yes,2026-04-16,Yes,88,29,-28.0,88,Morning,0.272,17,25,6,10,10,68,High
WL-01430,Group C,Orthopedics,2026-06-09,2026-07-09,Morning,Under 15 miles,No,,No,17,19,13.0,74,Morning,0.247,17,16,20,0,5,58,Moderate
WL-01431,Group C,Neurology,2026-04-13,2026-07-12,Morning,15 to 40 miles,Yes,,No,74,41,16.0,74,Morning,0.256,17,16,20,10,0,63,Moderate
WL-01432,Group C,Cardiology,2026-04-24,2026-07-23,No preference,Under 15 miles,No,,No,63,24,27.0,89,Morning,0.309,26,9,20,0,5,60,Moderate
WL-01433,Group D,Neurology,2026-05-24,2026-06-07,No preference,Under 15 miles,Yes,2026-06-21,No,33,41,-19.0,74,Morning,0.256,17,25,20,10,10,82,Critical
WL-01434,Group C,Pulmonology,2026-06-15,2026-06-22,Afternoon,Under 15 miles,Yes,,No,11,26,-4.0,105,Morning,0.351,35,25,6,10,5,81,Critical
WL-01435,Group C,Pulmonology,2026-06-02,2026-06-16,Afternoon,15 to 40 miles,Yes,2026-06-21,Yes,24,26,-10.0,105,Morning,0.351,35,25,6,10,10,86,Critical
WL-01436,Group D,Gastroenterology,2026-06-01,2026-06-08,Afternoon,Under 15 miles,No,2026-06-14,Yes,25,29,-18.0,88,Morning,0.272,17,25,6,0,10,58,Moderate
WL-01437,Group A,Endocrinology,2026-05-29,2026-06-19,Afternoon,Under 15 miles,No,,No,28,38,-7.0,77,Morning,0.267,17,25,6,0,5,53,Moderate
WL-01438,Group B,Neurology,2026-05-30,2026-07-29,Morning,Over 40 miles,No,,No,27,41,33.0,74,Morning,0.256,17,9,20,0,0,46,Low
WL-01439,Group D,Neurology,2026-03-15,2026-03-22,Afternoon,Under 15 miles,Yes,,No,103,41,-96.0,74,Morning,0.256,17,25,6,10,5,63,Moderate
WL-01440,Group B,Cardiology,2026-05-31,2026-06-21,Morning,Under 15 miles,No,2026-06-03,Yes,26,24,-5.0,89,Morning,0.309,26,25,20,0,10,81,Critical
WL-01441,Group A,Neurology,2026-05-13,2026-08-11,Morning,Under 15 miles,Yes,,No,44,41,46.0,74,Morning,0.256,17,4,20,10,5,56,Moderate
WL-01442,Group B,Gastroenterology,2026-05-27,2026-06-17,Morning,15 to 40 miles,No,,No,30,29,-9.0,88,Morning,0.272,17,25,20,0,0,62,Moderate
WL-01443,Group A,Neurology,2026-05-21,2026-06-11,Morning,Over 40 miles,No,,No,36,41,-15.0,74,Morning,0.256,17,25,20,0,0,62,Moderate
WL-01444,Group D,Orthopedics,2026-05-24,2026-05-31,Afternoon,Under 15 miles,No,,No,33,19,-26.0,74,Morning,0.247,17,25,6,0,5,53,Moderate
WL-01445,Group D,Orthopedics,2026-05-20,2026-08-18,Morning,15 to 40 miles,No,2026-06-12,No,37,19,53.0,74,Morning,0.247,17,4,20,0,5,46,Low
WL-01446,Group B,Neurology,2026-04-26,2026-05-03,Afternoon,15 to 40 miles,Yes,,No,61,41,-54.0,74,Morning,0.256,17,25,6,10,0,58,Moderate
WL-01447,Group A,Cardiology,2026-03-10,2026-04-24,Morning,15 to 40 miles,Yes,,No,108,24,-63.0,89,Morning,0.309,26,25,20,10,0,81,Critical
WL-01448,Group C,Pulmonology,2026-04-01,2026-06-30,Afternoon,15 to 40 miles,No,2026-04-09,No,86,26,4.0,105,Morning,0.351,35,22,6,0,5,68,High
WL-01449,Group C,Cardiology,2026-06-04,2026-09-02,Morning,Under 15 miles,Yes,,No,22,24,68.0,89,Morning,0.309,26,4,20,10,5,65,High
WL-01450,Group B,Gastroenterology,2026-04-26,2026-06-10,Afternoon,15 to 40 miles,Yes,,No,61,29,-16.0,88,Morning,0.272,17,25,6,10,0,58,Moderate
WL-01451,Group B,Cardiology,2026-05-22,2026-06-21,Afternoon,Under 15 miles,Yes,,No,35,24,-5.0,89,Morning,0.309,26,25,6,10,5,72,High
WL-01452,Group C,Cardiology,2026-06-10,2026-07-01,Morning,Over 40 miles,Yes,,No,16,24,5.0,89,Morning,0.309,26,22,20,10,0,78,High
WL-01453,Group B,Pulmonology,2026-05-09,2026-08-07,No preference,Under 15 miles,Yes,,No,48,26,42.0,105,Morning,0.351,35,9,20,10,5,79,High
WL-01454,Group B,Pulmonology,2026-04-29,2026-05-13,Morning,Under 15 miles,Yes,,No,58,26,-44.0,105,Morning,0.351,35,25,20,10,5,95,Critical
WL-01455,Group D,Endocrinology,2026-05-23,2026-07-22,Morning,15 to 40 miles,No,,No,34,38,26.0,77,Morning,0.267,17,9,20,0,0,46,Low
WL-01456,Group D,Cardiology,2026-04-19,2026-04-26,Morning,15 to 40 miles,No,2026-05-08,Yes,68,24,-61.0,89,Morning,0.309,26,25,20,0,10,81,Critical
WL-01457,Group B,Endocrinology,2026-05-15,2026-08-13,No preference,15 to 40 miles,No,,No,42,38,48.0,77,Morning,0.267,17,4,20,0,0,41,Low
WL-01458,Group B,Cardiology,2026-04-18,2026-05-18,No preference,15 to 40 miles,No,,No,69,24,-39.0,89,Morning,0.309,26,25,20,0,0,71,High
WL-01459,Group A,Cardiology,2026-05-13,2026-08-11,No preference,Under 15 miles,Yes,,No,44,24,46.0,89,Morning,0.309,26,4,20,10,5,65,High
WL-01460,Group A,Gastroenterology,2026-03-30,2026-05-29,Morning,Under 15 miles,No,,No,88,29,-28.0,88,Morning,0.272,17,25,20,0,5,67,High
WL-01461,Group B,Orthopedics,2026-05-25,2026-08-23,No preference,Under 15 miles,Yes,2026-05-27,No,32,19,58.0,74,Morning,0.247,17,4,20,10,10,61,Moderate
WL-01462,Group A,Neurology,2026-06-07,2026-07-22,Morning,Over 40 miles,No,,No,19,41,26.0,74,Morning,0.256,17,9,20,0,0,46,Low
WL-01463,Group D,Orthopedics,2026-05-12,2026-06-26,Morning,Over 40 miles,Yes,,No,45,19,0.0,74,Morning,0.247,17,25,20,10,0,72,High
WL-01464,Group A,Endocrinology,2026-06-04,2026-06-11,Morning,Over 40 miles,No,2026-06-08,No,22,38,-15.0,77,Morning,0.267,17,25,20,0,5,67,High
WL-01465,Group B,Cardiology,2026-06-01,2026-07-01,No preference,Under 15 miles,Yes,,No,25,24,5.0,89,Morning,0.309,26,22,20,10,5,83,Critical
WL-01466,Group B,Gastroenterology,2026-04-13,2026-05-04,Afternoon,15 to 40 miles,No,,No,74,29,-53.0,88,Morning,0.272,17,25,6,0,0,48,Low
WL-01467,Group C,Gastroenterology,2026-06-10,2026-06-17,Morning,15 to 40 miles,No,,No,16,29,-9.0,88,Morning,0.272,17,25,20,0,0,62,Moderate
WL-01468,Group B,Cardiology,2026-01-23,2026-03-24,Afternoon,15 to 40 miles,Yes,2026-02-16,Yes,154,24,-94.0,89,Morning,0.309,26,25,6,10,10,77,High
WL-01469,Group A,Orthopedics,2026-04-13,2026-06-12,No preference,15 to 40 miles,Yes,,No,74,19,-14.0,74,Morning,0.247,17,25,20,10,0,72,High
WL-01470,Group B,Gastroenterology,2026-05-12,2026-06-02,No preference,15 to 40 miles,No,2026-05-21,Yes,45,29,-24.0,88,Morning,0.272,17,25,20,0,10,72,High
WL-01471,Group A,Gastroenterology,2026-03-11,2026-04-10,Afternoon,15 to 40 miles,Yes,,No,107,29,-77.0,88,Morning,0.272,17,25,6,10,0,58,Moderate
WL-01472,Group C,Neurology,2026-06-06,2026-08-05,Morning,15 to 40 miles,No,,No,20,41,40.0,74,Morning,0.256,17,9,20,0,0,46,Low
WL-01473,Group C,Orthopedics,2026-05-14,2026-06-28,Morning,Under 15 miles,Yes,,No,43,19,2.0,74,Morning,0.247,17,22,20,10,5,74,High
WL-01474,Group A,Orthopedics,2026-05-10,2026-05-24,Afternoon,Under 15 miles,Yes,,No,47,19,-33.0,74,Morning,0.247,17,25,6,10,5,63,Moderate
WL-01475,Group C,Orthopedics,2026-06-07,2026-06-14,Afternoon,15 to 40 miles,No,2026-06-27,Yes,19,19,-12.0,74,Morning,0.247,17,25,6,0,10,58,Moderate
WL-01476,Group A,Endocrinology,2026-05-29,2026-06-19,Morning,Under 15 miles,Yes,,No,28,38,-7.0,77,Morning,0.267,17,25,20,10,5,77,High
WL-01477,Group B,Orthopedics,2026-05-25,2026-07-24,Morning,15 to 40 miles,Yes,,No,32,19,28.0,74,Morning,0.247,17,9,20,10,0,56,Moderate
WL-01478,Group A,Pulmonology,2026-04-04,2026-04-11,Afternoon,15 to 40 miles,Yes,,No,83,26,-76.0,105,Morning,0.351,35,25,6,10,0,76,High
WL-01479,Group D,Neurology,2026-06-10,2026-07-25,No preference,15 to 40 miles,Yes,,No,16,41,29.0,74,Morning,0.256,17,9,20,10,0,56,Moderate
WL-01480,Group B,Orthopedics,2026-06-10,2026-07-25,Morning,Over 40 miles,No,,No,16,19,29.0,74,Morning,0.247,17,9,20,0,0,46,Low
WL-01481,Group D,Cardiology,2026-06-07,2026-08-06,Afternoon,Under 15 miles,No,,No,19,24,41.0,89,Morning,0.309,26,9,6,0,5,46,Low
WL-01482,Group D,Endocrinology,2026-05-30,2026-06-13,Morning,Over 40 miles,No,,No,27,38,-13.0,77,Morning,0.267,17,25,20,0,0,62,Moderate
WL-01483,Group B,Gastroenterology,2026-05-19,2026-08-17,No preference,Under 15 miles,No,,No,38,29,52.0,88,Morning,0.272,17,4,20,0,5,46,Low
WL-01485,Group D,Endocrinology,2026-05-26,2026-08-24,Morning,Under 15 miles,No,,No,31,38,59.0,77,Morning,0.267,17,4,20,0,5,46,Low
WL-01486,Group C,Endocrinology,2026-05-17,2026-06-16,No preference,15 to 40 miles,No,,No,40,38,-10.0,77,Morning,0.267,17,25,20,0,0,62,Moderate
WL-01487,Group B,Cardiology,2026-06-16,2026-06-23,No preference,Under 15 miles,No,2026-07-07,Yes,10,24,-3.0,89,Morning,0.309,26,25,20,0,10,81,Critical
WL-01488,Group B,Cardiology,2026-04-21,2026-05-05,No preference,15 to 40 miles,Yes,2026-04-24,No,66,24,-52.0,89,Morning,0.309,26,25,20,10,5,86,Critical
WL-01489,Group D,Pulmonology,2026-06-19,2026-08-03,No preference,Over 40 miles,Yes,2026-07-19,Yes,7,26,38.0,105,Morning,0.351,35,9,20,10,10,84,Critical
WL-01490,Group B,Gastroenterology,2026-03-27,2026-04-10,Afternoon,15 to 40 miles,Yes,,No,91,29,-77.0,88,Morning,0.272,17,25,6,10,0,58,Moderate
WL-01491,Group A,Cardiology,2026-06-16,2026-07-16,Afternoon,15 to 40 miles,No,2026-07-11,Yes,10,24,20.0,89,Morning,0.309,26,16,6,0,10,58,Moderate
WL-01492,Group B,Orthopedics,2026-05-02,2026-05-23,No preference,Under 15 miles,No,,No,55,19,-34.0,74,Morning,0.247,17,25,20,0,5,67,High
WL-01493,Group C,Cardiology,2026-05-26,2026-06-09,Morning,Under 15 miles,Yes,,No,31,24,-17.0,89,Morning,0.309,26,25,20,10,5,86,Critical
WL-01494,Group B,Orthopedics,2026-06-10,2026-07-25,Morning,Over 40 miles,Yes,,No,16,19,29.0,74,Morning,0.247,17,9,20,10,0,56,Moderate
WL-01495,Group B,Pulmonology,2026-05-23,2026-06-22,Afternoon,Under 15 miles,No,,No,34,26,-4.0,105,Morning,0.351,35,25,6,0,5,71,High
WL-01496,Group D,Gastroenterology,2026-05-03,2026-06-17,No preference,15 to 40 miles,Yes,,No,54,29,-9.0,88,Morning,0.272,17,25,20,10,0,72,High
WL-01497,Group A,Endocrinology,2026-05-06,2026-05-13,Afternoon,Over 40 miles,Yes,,No,51,38,-44.0,77,Morning,0.267,17,25,6,10,0,58,Moderate
WL-01498,Group C,Endocrinology,2026-05-05,2026-08-03,Morning,Under 15 miles,Yes,,No,52,38,38.0,77,Morning,0.267,17,9,20,10,5,61,Moderate
WL-01499,Group C,Endocrinology,2026-06-12,2026-08-11,No preference,15 to 40 miles,No,,No,14,38,46.0,77,Morning,0.267,17,4,20,0,0,41,Low
WL-01500,Group A,Cardiology,2026-01-18,2026-01-25,No preference,Under 15 miles,Yes,,No,159,24,-152.0,89,Morning,0.309,26,25,20,10,5,86,Critical
WL-01501,Group D,Neurology,2026-05-01,2026-06-30,Afternoon,Under 15 miles,Yes,,No,56,41,4.0,74,Morning,0.256,17,22,6,10,5,60,Moderate
WL-01502,Group B,Neurology,2026-04-27,2026-07-26,Morning,Under 15 miles,Yes,2026-05-16,No,60,41,30.0,74,Morning,0.256,17,9,20,10,10,66,High
WL-01503,Group B,Cardiology,2026-04-03,2026-07-02,Afternoon,Under 15 miles,Yes,,No,84,24,6.0,89,Morning,0.309,26,22,6,10,5,69,High
WL-01504,Group D,Gastroenterology,2026-05-18,2026-06-17,Morning,15 to 40 miles,No,2026-05-28,Yes,39,29,-9.0,88,Morning,0.272,17,25,20,0,10,72,High
WL-01505,Group A,Pulmonology,2026-06-23,2026-07-07,No preference,Under 15 miles,Yes,2026-07-11,No,3,26,11.0,105,Morning,0.351,35,16,20,10,10,91,Critical
WL-01506,Group D,Neurology,2026-04-26,2026-05-17,No preference,15 to 40 miles,Yes,,No,61,41,-40.0,74,Morning,0.256,17,25,20,10,0,72,High
WL-01507,Group A,Neurology,2026-06-11,2026-08-10,Afternoon,Under 15 miles,Yes,2026-06-12,No,15,41,45.0,74,Morning,0.256,17,9,6,10,10,52,Moderate
WL-01508,Group B,Cardiology,2026-05-27,2026-07-11,No preference,15 to 40 miles,Yes,,No,30,24,15.0,89,Morning,0.309,26,16,20,10,0,72,High
WL-01509,Group B,Pulmonology,2026-05-28,2026-08-26,Afternoon,Under 15 miles,No,2026-06-02,Yes,29,26,61.0,105,Morning,0.351,35,4,6,0,10,55,Moderate
WL-01510,Group A,Endocrinology,2026-06-04,2026-08-03,Morning,Over 40 miles,Yes,2026-06-26,Yes,22,38,38.0,77,Morning,0.267,17,9,20,10,10,66,High
WL-01511,Group C,Orthopedics,2026-05-21,2026-08-19,Morning,Under 15 miles,No,2026-05-26,Yes,36,19,54.0,74,Morning,0.247,17,4,20,0,10,51,Moderate
WL-01512,Group B,Pulmonology,2026-06-06,2026-07-21,Afternoon,Under 15 miles,Yes,,No,20,26,25.0,105,Morning,0.351,35,9,6,10,5,65,High
WL-01513,Group C,Pulmonology,2026-05-23,2026-06-22,Morning,15 to 40 miles,Yes,,No,34,26,-4.0,105,Morning,0.351,35,25,20,10,0,90,Critical
WL-01514,Group C,Pulmonology,2026-05-12,2026-08-10,Afternoon,Over 40 miles,No,,No,45,26,45.0,105,Morning,0.351,35,9,6,0,0,50,Moderate
WL-01515,Group C,Orthopedics,2026-05-10,2026-08-08,Morning,15 to 40 miles,No,,No,47,19,43.0,74,Morning,0.247,17,9,20,0,0,46,Low
WL-01516,Group C,Neurology,2026-05-24,2026-07-23,No preference,15 to 40 miles,Yes,,No,33,41,27.0,74,Morning,0.256,17,9,20,10,0,56,Moderate
WL-01517,Group B,Gastroenterology,2026-05-21,2026-05-28,Morning,Over 40 miles,Yes,2026-06-19,Yes,36,29,-29.0,88,Morning,0.272,17,25,20,10,10,82,Critical
WL-01518,Group D,Gastroenterology,2026-04-21,2026-07-20,Morning,Under 15 miles,No,,No,66,29,24.0,88,Morning,0.272,17,9,20,0,5,51,Moderate
WL-01519,Group D,Pulmonology,2026-05-05,2026-05-19,No preference,Under 15 miles,No,,No,52,26,-38.0,105,Morning,0.351,35,25,20,0,5,85,Critical
WL-01520,Group B,Orthopedics,2026-04-24,2026-05-01,Morning,15 to 40 miles,Yes,,No,63,19,-56.0,74,Morning,0.247,17,25,20,10,0,72,High
WL-01521,Group D,Gastroenterology,2026-04-28,2026-05-19,Afternoon,Under 15 miles,Yes,,No,59,29,-38.0,88,Morning,0.272,17,25,6,10,5,63,Moderate
WL-01522,Group A,Orthopedics,2026-05-04,2026-06-18,No preference,Under 15 miles,Yes,2026-05-06,Yes,53,19,-8.0,74,Morning,0.247,17,25,20,10,10,82,Critical
WL-01523,Group D,Cardiology,2026-06-09,2026-09-07,Afternoon,Under 15 miles,Yes,2026-07-08,No,17,24,73.0,89,Morning,0.309,26,4,6,10,10,56,Moderate
WL-01524,Group C,Cardiology,2026-03-22,2026-04-12,No preference,Under 15 miles,No,,No,96,24,-75.0,89,Morning,0.309,26,25,20,0,5,76,High
WL-01525,Group C,Endocrinology,2026-05-26,2026-06-09,Morning,Under 15 miles,Yes,2026-06-03,No,31,38,-17.0,77,Morning,0.267,17,25,20,10,10,82,Critical
WL-01526,Group A,Orthopedics,2026-04-29,2026-05-20,Morning,Over 40 miles,No,,No,58,19,-37.0,74,Morning,0.247,17,25,20,0,0,62,Moderate
WL-01527,Group D,Endocrinology,2026-06-04,2026-07-04,No preference,Under 15 miles,Yes,,No,22,38,8.0,77,Morning,0.267,17,16,20,10,5,68,High
WL-01528,Group A,Endocrinology,2026-05-13,2026-06-12,Afternoon,Over 40 miles,No,,No,44,38,-14.0,77,Morning,0.267,17,25,6,0,0,48,Low
WL-01529,Group B,Endocrinology,2026-05-06,2026-07-05,Morning,15 to 40 miles,Yes,,No,51,38,9.0,77,Morning,0.267,17,16,20,10,0,63,Moderate
WL-01530,Group C,Cardiology,2026-05-09,2026-08-07,Afternoon,Under 15 miles,Yes,,No,48,24,42.0,89,Morning,0.309,26,9,6,10,5,56,Moderate
WL-01531,Group D,Endocrinology,2026-03-18,2026-04-08,Morning,Under 15 miles,Yes,,No,100,38,-79.0,77,Morning,0.267,17,25,20,10,5,77,High
WL-01532,Group D,Pulmonology,2026-04-17,2026-07-16,Morning,Under 15 miles,Yes,,No,70,26,20.0,105,Morning,0.351,35,16,20,10,5,86,Critical
WL-01533,Group C,Orthopedics,2026-05-09,2026-06-08,Afternoon,15 to 40 miles,Yes,,No,48,19,-18.0,74,Morning,0.247,17,25,6,10,0,58,Moderate
WL-01534,Group A,Endocrinology,2026-05-19,2026-06-09,Afternoon,15 to 40 miles,No,,No,38,38,-17.0,77,Morning,0.267,17,25,6,0,0,48,Low
WL-01535,Group C,Pulmonology,2026-05-24,2026-06-23,No preference,Under 15 miles,Yes,,Unknown,33,26,-3.0,105,Morning,0.351,35,25,20,10,5,95,Critical
WL-01536,Group D,Cardiology,2026-04-11,2026-05-02,No preference,15 to 40 miles,No,,No,76,24,-55.0,89,Morning,0.309,26,25,20,0,0,71,High
WL-01537,Group C,Orthopedics,2026-06-12,2026-07-03,Morning,Over 40 miles,Yes,,No,14,19,7.0,74,Morning,0.247,17,22,20,10,0,69,High
WL-01538,Group C,Neurology,2026-05-30,2026-06-13,Morning,Under 15 miles,Yes,2026-06-21,No,27,41,-13.0,74,Morning,0.256,17,25,20,10,10,82,Critical
WL-01539,Group B,Orthopedics,2026-05-31,2026-06-07,Morning,15 to 40 miles,Yes,,No,26,19,-19.0,74,Morning,0.247,17,25,20,10,0,72,High
WL-01540,Group B,Gastroenterology,2026-03-30,2026-06-28,No preference,15 to 40 miles,No,,No,88,29,2.0,88,Morning,0.272,17,22,20,0,0,59,Moderate
WL-01541,Group A,Endocrinology,2026-06-11,2026-08-10,Morning,Under 15 miles,Yes,2026-06-24,Yes,15,38,45.0,77,Morning,0.267,17,9,20,10,10,66,High
WL-01542,Group C,Pulmonology,2026-04-25,2026-07-24,Morning,Under 15 miles,Yes,,No,62,26,28.0,105,Morning,0.351,35,9,20,10,5,79,High
WL-01543,Group C,Cardiology,2026-01-16,2026-03-02,No preference,Under 15 miles,No,,No,161,24,-116.0,89,Morning,0.309,26,25,20,0,5,76,High
WL-01544,Group B,Cardiology,2026-05-30,2026-06-29,No preference,Under 15 miles,No,,No,27,24,3.0,89,Morning,0.309,26,22,20,0,5,73,High
WL-01546,Group C,Endocrinology,2026-05-11,2026-05-18,Afternoon,Under 15 miles,Yes,2026-06-03,No,46,38,-39.0,77,Morning,0.267,17,25,6,10,10,68,High
WL-01547,Group A,Cardiology,2026-03-19,2026-04-09,Afternoon,Under 15 miles,Yes,2026-04-12,No,99,24,-78.0,89,Morning,0.309,26,25,6,10,10,77,High
WL-01548,Group B,Orthopedics,2026-05-08,2026-07-07,Morning,Over 40 miles,Yes,,No,49,19,11.0,74,Morning,0.247,17,16,20,10,0,63,Moderate
WL-01549,Group D,Orthopedics,2026-06-05,2026-06-19,No preference,Over 40 miles,No,,No,21,19,-7.0,74,Morning,0.247,17,25,20,0,0,62,Moderate
WL-01550,Group C,Pulmonology,2026-03-21,2026-04-04,Morning,Over 40 miles,Yes,2026-04-17,Yes,97,26,-83.0,105,Morning,0.351,35,25,20,10,10,100,Critical
WL-01551,Group C,Gastroenterology,2026-03-17,2026-05-01,Afternoon,15 to 40 miles,Yes,2026-04-01,Yes,101,29,-56.0,88,Morning,0.272,17,25,6,10,10,68,High
WL-01552,Group A,Cardiology,2026-05-01,2026-07-30,Morning,Under 15 miles,Yes,2026-05-14,Yes,56,24,34.0,89,Morning,0.309,26,9,20,10,10,75,High
WL-01553,Group B,Cardiology,2026-06-09,2026-07-09,Afternoon,Under 15 miles,Yes,,No,17,24,13.0,89,Morning,0.309,26,16,6,10,5,63,Moderate
WL-01554,Group A,Pulmonology,2026-06-25,2026-08-24,Morning,Over 40 miles,Yes,,No,1,26,59.0,105,Morning,0.351,35,4,20,10,0,69,High
WL-01555,Group B,Pulmonology,2026-05-19,2026-07-18,Afternoon,Over 40 miles,No,2026-06-18,Yes,38,26,22.0,105,Morning,0.351,35,9,6,0,10,60,Moderate
WL-01556,Group A,Gastroenterology,2026-06-12,2026-06-26,Morning,Under 15 miles,No,,No,14,29,0.0,88,Morning,0.272,17,25,20,0,5,67,High
WL-01557,Group B,Neurology,2026-06-24,2026-09-22,Morning,15 to 40 miles,Yes,2026-06-25,No,2,41,88.0,74,Morning,0.256,17,4,20,10,5,56,Moderate
WL-01558,Group A,Pulmonology,2026-04-22,2026-07-21,Morning,Under 15 miles,No,,No,65,26,25.0,105,Morning,0.351,35,9,20,0,5,69,High
WL-01559,Group C,Cardiology,2026-04-10,2026-05-01,Morning,Under 15 miles,No,2026-04-21,No,77,24,-56.0,89,Morning,0.309,26,25,20,0,10,81,Critical
WL-01560,Group B,Cardiology,2026-06-07,2026-06-28,Morning,15 to 40 miles,Yes,,No,19,24,2.0,89,Morning,0.309,26,22,20,10,0,78,High
WL-01561,Group C,Orthopedics,2026-06-06,2026-09-04,Afternoon,Under 15 miles,No,,No,20,19,70.0,74,Morning,0.247,17,4,6,0,5,32,Low
WL-01562,Group C,Endocrinology,2026-04-17,2026-06-16,Afternoon,Over 40 miles,Yes,,No,70,38,-10.0,77,Morning,0.267,17,25,6,10,0,58,Moderate
WL-01563,Group D,Cardiology,2026-05-29,2026-06-05,Morning,Under 15 miles,Yes,,No,28,24,-21.0,89,Morning,0.309,26,25,20,10,5,86,Critical
WL-01564,Group C,Neurology,2026-05-20,2026-07-04,Morning,Under 15 miles,Yes,2026-06-03,No,37,41,8.0,74,Morning,0.256,17,16,20,10,10,73,High
WL-01565,Group A,Cardiology,2026-05-07,2026-07-06,No preference,15 to 40 miles,No,,No,50,24,10.0,89,Morning,0.309,26,16,20,0,0,62,Moderate
WL-01566,Group A,Orthopedics,2026-06-13,2026-09-11,Morning,Under 15 miles,Yes,,No,13,19,77.0,74,Morning,0.247,17,4,20,10,5,56,Moderate
WL-01567,Group D,Neurology,2026-05-15,2026-07-14,Afternoon,15 to 40 miles,Yes,,No,42,41,18.0,74,Morning,0.256,17,16,6,10,0,49,Low
WL-01568,Group B,Neurology,2026-05-25,2026-07-09,Afternoon,Under 15 miles,Yes,,No,32,41,13.0,74,Morning,0.256,17,16,6,10,5,54,Moderate
WL-01569,Group D,Cardiology,2026-06-17,2026-06-24,No preference,Over 40 miles,Yes,,No,9,24,-2.0,89,Morning,0.309,26,25,20,10,0,81,Critical
WL-01570,Group B,Orthopedics,2026-05-20,2026-06-19,No preference,15 to 40 miles,No,,No,37,19,-7.0,74,Morning,0.247,17,25,20,0,0,62,Moderate
WL-01571,Group A,Orthopedics,2026-05-16,2026-06-30,Morning,Under 15 miles,Yes,,No,41,19,4.0,74,Morning,0.247,17,22,20,10,5,74,High
WL-01572,Group D,Endocrinology,2026-05-02,2026-07-01,Afternoon,Under 15 miles,Yes,,No,55,38,5.0,77,Morning,0.267,17,22,6,10,5,60,Moderate
WL-01573,Group A,Orthopedics,2026-05-18,2026-07-02,Afternoon,Under 15 miles,Yes,,No,39,19,6.0,74,Morning,0.247,17,22,6,10,5,60,Moderate
WL-01574,Group C,Cardiology,2026-05-30,2026-06-13,Afternoon,Under 15 miles,No,2026-06-08,No,27,24,-13.0,89,Morning,0.309,26,25,6,0,10,67,High
WL-01575,Group A,Cardiology,2026-05-15,2026-08-13,Afternoon,15 to 40 miles,Yes,,No,42,24,48.0,89,Morning,0.309,26,4,6,10,0,46,Low
WL-01576,Group A,Cardiology,2026-04-22,2026-06-06,No preference,Under 15 miles,No,2026-05-03,Yes,65,24,-20.0,89,Morning,0.309,26,25,20,0,10,81,Critical
WL-01577,Group D,Cardiology,2026-05-30,2026-06-29,Morning,Under 15 miles,No,,No,27,24,3.0,89,Morning,0.309,26,22,20,0,5,73,High
WL-01578,Group C,Orthopedics,2026-05-03,2026-05-10,Morning,15 to 40 miles,Yes,,No,54,19,-47.0,74,Morning,0.247,17,25,20,10,0,72,High
WL-01579,Group C,Orthopedics,2026-05-22,2026-06-21,No preference,15 to 40 miles,No,,No,35,19,-5.0,74,Morning,0.247,17,25,20,0,0,62,Moderate
WL-01580,Group C,Endocrinology,2026-05-23,2026-07-22,Morning,Over 40 miles,Yes,,Unknown,34,38,26.0,77,Morning,0.267,17,9,20,10,0,56,Moderate
WL-01581,Group D,Orthopedics,2026-05-15,2026-06-05,Morning,Under 15 miles,Yes,2026-05-18,Yes,42,19,-21.0,74,Morning,0.247,17,25,20,10,10,82,Critical
WL-01582,Group C,Gastroenterology,2026-04-18,2026-05-18,Morning,Under 15 miles,No,2026-05-07,Yes,69,29,-39.0,88,Morning,0.272,17,25,20,0,10,72,High
WL-01583,Group D,Gastroenterology,2026-06-02,2026-07-17,Afternoon,Under 15 miles,No,,No,24,29,21.0,88,Morning,0.272,17,16,6,0,5,44,Low
WL-01584,Group C,Neurology,2026-04-07,2026-07-06,Morning,Under 15 miles,No,2026-04-19,No,80,41,10.0,74,Morning,0.256,17,16,20,0,10,63,Moderate
WL-01585,Group B,Cardiology,2026-04-05,2026-05-05,Afternoon,Under 15 miles,Yes,,No,82,24,-52.0,89,Morning,0.309,26,25,6,10,5,72,High
WL-01586,Group D,Gastroenterology,2026-04-24,2026-05-01,Morning,Under 15 miles,Yes,,No,63,29,-56.0,88,Morning,0.272,17,25,20,10,5,77,High
WL-01587,Group C,Cardiology,2026-05-05,2026-08-03,Morning,Over 40 miles,Yes,2026-05-17,No,52,24,38.0,89,Morning,0.309,26,9,20,10,5,70,High
WL-01588,Group B,Endocrinology,2026-05-12,2026-06-02,No preference,15 to 40 miles,No,,No,45,38,-24.0,77,Morning,0.267,17,25,20,0,0,62,Moderate
WL-01589,Group B,Endocrinology,2026-05-05,2026-06-04,Afternoon,Under 15 miles,Yes,,No,52,38,-22.0,77,Morning,0.267,17,25,6,10,5,63,Moderate
WL-01590,Group B,Cardiology,2026-05-14,2026-07-13,Afternoon,Under 15 miles,Yes,2026-06-02,Yes,43,24,17.0,89,Morning,0.309,26,16,6,10,10,68,High
WL-01591,Group B,Cardiology,2026-05-13,2026-05-27,Afternoon,Over 40 miles,Yes,,No,44,24,-30.0,89,Morning,0.309,26,25,6,10,0,67,High
WL-01592,Group D,Neurology,2026-04-18,2026-06-02,No preference,Under 15 miles,No,2026-05-14,No,69,41,-24.0,74,Morning,0.256,17,25,20,0,10,72,High
WL-01593,Group B,Neurology,2026-05-28,2026-06-18,No preference,Over 40 miles,Yes,,No,29,41,-8.0,74,Morning,0.256,17,25,20,10,0,72,High
WL-01594,Group C,Orthopedics,2026-06-17,2026-07-08,Afternoon,15 to 40 miles,Yes,2026-07-13,Yes,9,19,12.0,74,Morning,0.247,17,16,6,10,10,59,Moderate
WL-01595,Group B,Neurology,2026-04-12,2026-05-03,Afternoon,Under 15 miles,No,2026-04-24,Yes,75,41,-54.0,74,Morning,0.256,17,25,6,0,10,58,Moderate
WL-01596,Group C,Endocrinology,2026-06-18,2026-09-16,Afternoon,Under 15 miles,No,,No,8,38,82.0,77,Morning,0.267,17,4,6,0,5,32,Low
WL-01597,Group B,Orthopedics,2026-04-02,2026-06-01,Morning,15 to 40 miles,Yes,,No,85,19,-25.0,74,Morning,0.247,17,25,20,10,0,72,High
WL-01598,Group B,Cardiology,2026-05-14,2026-05-21,Afternoon,Under 15 miles,No,,No,43,24,-36.0,89,Morning,0.309,26,25,6,0,5,62,Moderate
WL-01599,Group C,Neurology,2026-06-14,2026-08-13,Afternoon,Under 15 miles,Yes,,No,12,41,48.0,74,Morning,0.256,17,4,6,10,5,42,Low
WL-01600,Group A,Endocrinology,2026-06-11,2026-07-11,Morning,Under 15 miles,Yes,,No,15,38,15.0,77,Morning,0.267,17,16,20,10,5,68,High
WL-01601,Group B,Gastroenterology,2026-04-26,2026-07-25,Afternoon,Over 40 miles,Yes,,No,61,29,29.0,88,Morning,0.272,17,9,6,10,0,42,Low
WL-01602,Group D,Endocrinology,2026-05-20,2026-05-27,Morning,Under 15 miles,Yes,,No,37,38,-30.0,77,Morning,0.267,17,25,20,10,5,77,High
WL-01603,Group D,Endocrinology,2026-06-19,2026-06-26,No preference,15 to 40 miles,Yes,,No,7,38,0.0,77,Morning,0.267,17,25,20,10,0,72,High
WL-01604,Group A,Pulmonology,2026-05-12,2026-06-26,No preference,Under 15 miles,Yes,2026-05-21,No,45,26,0.0,105,Morning,0.351,35,25,20,10,10,100,Critical
WL-01605,Group D,Neurology,2026-05-14,2026-08-12,No preference,Under 15 miles,Yes,,No,43,41,47.0,74,Morning,0.256,17,4,20,10,5,56,Moderate
WL-01606,Group A,Pulmonology,2026-05-26,2026-08-24,Afternoon,Under 15 miles,No,2026-06-02,Yes,31,26,59.0,105,Morning,0.351,35,4,6,0,10,55,Moderate
WL-01607,Group C,Cardiology,2026-04-27,2026-06-26,Morning,Over 40 miles,Yes,,No,60,24,0.0,89,Morning,0.309,26,25,20,10,0,81,Critical
WL-01608,Group D,Gastroenterology,2026-05-31,2026-07-15,Morning,Under 15 miles,Yes,,No,26,29,19.0,88,Morning,0.272,17,16,20,10,5,68,High
WL-01609,Group A,Gastroenterology,2026-06-03,2026-06-24,Morning,15 to 40 miles,Yes,2026-06-11,Yes,23,29,-2.0,88,Morning,0.272,17,25,20,10,10,82,Critical
WL-01610,Group A,Orthopedics,2026-06-09,2026-09-07,Morning,15 to 40 miles,Yes,,No,17,19,73.0,74,Morning,0.247,17,4,20,10,0,51,Moderate
WL-01611,Group A,Cardiology,2026-06-19,2026-08-18,No preference,Under 15 miles,Yes,,No,7,24,53.0,89,Morning,0.309,26,4,20,10,5,65,High
WL-01612,Group D,Endocrinology,2026-02-13,2026-05-14,Morning,15 to 40 miles,No,,No,133,38,-43.0,77,Morning,0.267,17,25,20,0,0,62,Moderate
WL-01613,Group B,Pulmonology,2026-05-24,2026-06-07,Morning,Under 15 miles,Yes,2026-06-05,Yes,33,26,-19.0,105,Morning,0.351,35,25,20,10,10,100,Critical
WL-01614,Group B,Endocrinology,2026-04-28,2026-06-27,Morning,Under 15 miles,Yes,,No,59,38,1.0,77,Morning,0.267,17,22,20,10,5,74,High
WL-01615,Group A,Endocrinology,2026-04-10,2026-05-10,No preference,Over 40 miles,No,,No,77,38,-47.0,77,Morning,0.267,17,25,20,0,0,62,Moderate
WL-01616,Group D,Endocrinology,2026-04-26,2026-05-03,Morning,Over 40 miles,No,,No,61,38,-54.0,77,Morning,0.267,17,25,20,0,0,62,Moderate
WL-01617,Group B,Endocrinology,2026-05-27,2026-07-11,Morning,Under 15 miles,Yes,,No,30,38,15.0,77,Morning,0.267,17,16,20,10,5,68,High
WL-01618,Group B,Endocrinology,2026-06-17,2026-08-16,Morning,Under 15 miles,Yes,,No,9,38,51.0,77,Morning,0.267,17,4,20,10,5,56,Moderate
WL-01619,Group C,Orthopedics,2026-04-16,2026-05-07,Morning,Over 40 miles,Yes,,No,71,19,-50.0,74,Morning,0.247,17,25,20,10,0,72,High
WL-01620,Group A,Cardiology,2026-03-31,2026-04-21,Morning,15 to 40 miles,No,,No,87,24,-66.0,89,Morning,0.309,26,25,20,0,0,71,High
WL-01621,Group B,Neurology,2026-06-07,2026-08-06,Morning,15 to 40 miles,No,,No,19,41,41.0,74,Morning,0.256,17,9,20,0,0,46,Low
WL-01622,Group C,Gastroenterology,2026-06-08,,Morning,15 to 40 miles,Yes,,No,18,29,,88,Morning,0.272,17,8,20,10,0,55,Moderate
WL-01623,Group A,Pulmonology,2026-05-15,2026-06-05,Afternoon,15 to 40 miles,No,,No,42,26,-21.0,105,Morning,0.351,35,25,6,0,0,66,High
WL-01624,Group A,Orthopedics,2026-05-27,2026-06-03,Afternoon,Under 15 miles,No,,No,30,19,-23.0,74,Morning,0.247,17,25,6,0,5,53,Moderate
WL-01625,Group D,Orthopedics,2026-05-06,2026-05-20,Morning,Under 15 miles,Yes,2026-05-27,No,51,19,-37.0,74,Morning,0.247,17,25,20,10,10,82,Critical
WL-01626,Group B,Orthopedics,2026-04-18,2026-07-17,Afternoon,Under 15 miles,Yes,2026-04-25,Yes,69,19,21.0,74,Morning,0.247,17,16,6,10,10,59,Moderate
WL-01627,Group A,Gastroenterology,2026-04-27,2026-05-18,No preference,Over 40 miles,No,,No,60,29,-39.0,88,Morning,0.272,17,25,20,0,0,62,Moderate
WL-01628,Group D,Endocrinology,2026-05-05,2026-05-26,Morning,Over 40 miles,Yes,,No,52,38,-31.0,77,Morning,0.267,17,25,20,10,0,72,High
WL-01629,Group D,Pulmonology,2026-03-29,2026-05-28,Morning,15 to 40 miles,No,,No,89,26,-29.0,105,Morning,0.351,35,25,20,0,0,80,Critical
WL-01630,Group B,Neurology,2026-04-24,2026-07-23,No preference,Under 15 miles,Yes,2026-05-22,No,63,41,27.0,74,Morning,0.256,17,9,20,10,10,66,High
WL-01631,Group B,Endocrinology,2026-06-08,2026-07-08,Morning,Under 15 miles,No,,No,18,38,12.0,77,Morning,0.267,17,16,20,0,5,58,Moderate
WL-01632,Group C,Gastroenterology,2026-05-24,2026-05-31,No preference,15 to 40 miles,No,,No,33,29,-26.0,88,Morning,0.272,17,25,20,0,0,62,Moderate
WL-01633,Group A,Pulmonology,2026-04-13,2026-05-13,Morning,15 to 40 miles,Yes,,No,74,26,-44.0,105,Morning,0.351,35,25,20,10,0,90,Critical
WL-01634,Group D,Endocrinology,2026-04-27,2026-05-11,Morning,Under 15 miles,Yes,,No,60,38,-46.0,77,Morning,0.267,17,25,20,10,5,77,High
WL-01635,Group A,Pulmonology,2026-06-12,2026-06-19,Afternoon,15 to 40 miles,Yes,,No,14,26,-7.0,105,Morning,0.351,35,25,6,10,0,76,High
WL-01636,Group A,Cardiology,2026-06-10,,No preference,Under 15 miles,Yes,2026-07-06,Yes,16,24,,89,Morning,0.309,26,8,20,10,10,74,High
WL-01637,Group C,Orthopedics,2026-05-23,2026-07-22,Afternoon,Under 15 miles,No,,No,34,19,26.0,74,Morning,0.247,17,9,6,0,5,37,Low
WL-01638,Group D,Endocrinology,2026-05-16,2026-08-14,Afternoon,Over 40 miles,Yes,2026-06-02,Yes,41,38,49.0,77,Morning,0.267,17,4,6,10,10,47,Low
WL-01639,Group C,Gastroenterology,2026-05-28,2026-08-26,Afternoon,15 to 40 miles,Yes,,No,29,29,61.0,88,Morning,0.272,17,4,6,10,0,37,Low
WL-01640,Group D,Gastroenterology,2026-05-28,2026-08-26,Morning,Under 15 miles,Yes,,No,29,29,61.0,88,Morning,0.272,17,4,20,10,5,56,Moderate
WL-01642,Group D,Cardiology,2026-05-07,2026-06-06,No preference,Under 15 miles,Yes,,No,50,24,-20.0,89,Morning,0.309,26,25,20,10,5,86,Critical
WL-01643,Group B,Cardiology,2026-05-01,2026-05-08,Morning,Under 15 miles,Yes,,No,56,24,-49.0,89,Morning,0.309,26,25,20,10,5,86,Critical
WL-01644,Group D,Orthopedics,2026-05-02,2026-07-01,Afternoon,15 to 40 miles,Yes,,No,55,19,5.0,74,Morning,0.247,17,22,6,10,0,55,Moderate
WL-01645,Group D,Endocrinology,2026-06-12,2026-08-11,Afternoon,Under 15 miles,No,,No,14,38,46.0,77,Morning,0.267,17,4,6,0,5,32,Low
WL-01646,Group D,Neurology,2026-06-04,2026-07-19,Morning,Under 15 miles,Yes,,Unknown,22,41,23.0,74,Morning,0.256,17,9,20,10,5,61,Moderate
WL-01647,Group B,Orthopedics,2026-06-05,2026-06-12,Morning,15 to 40 miles,No,2026-06-15,Yes,21,19,-14.0,74,Morning,0.247,17,25,20,0,10,72,High
WL-01648,Group C,Neurology,2026-05-24,2026-06-23,Morning,Over 40 miles,No,,No,33,41,-3.0,74,Morning,0.256,17,25,20,0,0,62,Moderate
WL-01649,Group B,Orthopedics,2026-05-25,2026-07-24,Afternoon,Under 15 miles,Yes,,No,32,19,28.0,74,Morning,0.247,17,9,6,10,5,47,Low
WL-01650,Group B,Pulmonology,2026-04-29,2026-05-20,Morning,15 to 40 miles,Yes,,No,58,26,-37.0,105,Morning,0.351,35,25,20,10,0,90,Critical
WL-01651,Group D,Neurology,2026-06-05,2026-06-12,Morning,15 to 40 miles,Yes,,No,21,41,-14.0,74,Morning,0.256,17,25,20,10,0,72,High
WL-01652,Group D,Pulmonology,2026-05-08,2026-07-07,Morning,15 to 40 miles,No,2026-05-30,No,49,26,11.0,105,Morning,0.351,35,16,20,0,5,76,High
WL-01653,Group A,Gastroenterology,2026-05-10,2026-08-08,Morning,15 to 40 miles,No,,No,47,29,43.0,88,Morning,0.272,17,9,20,0,0,46,Low
WL-01654,Group D,Neurology,2026-01-15,2026-02-14,Afternoon,Over 40 miles,Yes,,No,162,41,-132.0,74,Morning,0.256,17,25,6,10,0,58,Moderate
WL-01655,Group B,Gastroenterology,2026-05-17,2026-05-24,Morning,Under 15 miles,No,2026-06-08,No,40,29,-33.0,88,Morning,0.272,17,25,20,0,10,72,High
WL-01656,Group C,Endocrinology,2026-03-09,2026-03-30,Afternoon,Over 40 miles,No,,No,109,38,-88.0,77,Morning,0.267,17,25,6,0,0,48,Low
WL-01657,Group C,Endocrinology,2026-05-12,2026-06-11,No preference,Under 15 miles,Yes,2026-06-06,Yes,45,38,-15.0,77,Morning,0.267,17,25,20,10,10,82,Critical
WL-01658,Group B,Neurology,2026-06-01,2026-07-16,Morning,Over 40 miles,No,,No,25,41,20.0,74,Morning,0.256,17,16,20,0,0,53,Moderate
WL-01659,Group B,Neurology,2026-06-08,2026-06-22,Morning,Under 15 miles,Yes,2026-07-08,No,18,41,-4.0,74,Morning,0.256,17,25,20,10,10,82,Critical
WL-01660,Group B,Gastroenterology,2026-05-23,2026-07-22,No preference,15 to 40 miles,Yes,2026-05-27,Yes,34,29,26.0,88,Morning,0.272,17,9,20,10,10,66,High
WL-01661,Group A,Pulmonology,2026-06-03,2026-09-01,Afternoon,15 to 40 miles,Yes,,No,23,26,67.0,105,Morning,0.351,35,4,6,10,0,55,Moderate
WL-01662,Group C,Cardiology,2026-05-02,2026-06-01,Afternoon,Under 15 miles,Yes,,No,55,24,-25.0,89,Morning,0.309,26,25,6,10,5,72,High
WL-01663,Group B,Endocrinology,2026-05-05,2026-06-19,No preference,Over 40 miles,Yes,,No,52,38,-7.0,77,Morning,0.267,17,25,20,10,0,72,High
WL-01664,Group B,Neurology,2026-06-11,2026-07-11,Afternoon,Over 40 miles,Yes,,No,15,41,15.0,74,Morning,0.256,17,16,6,10,0,49,Low
WL-01665,Group C,Orthopedics,2026-06-05,2026-09-03,No preference,15 to 40 miles,No,,No,21,19,69.0,74,Morning,0.247,17,4,20,0,0,41,Low
WL-01666,Group A,Pulmonology,2026-04-08,2026-07-07,Afternoon,Over 40 miles,Yes,2026-04-12,No,79,26,11.0,105,Morning,0.351,35,16,6,10,5,72,High
WL-01667,Group D,Pulmonology,2026-05-08,2026-05-15,Afternoon,Over 40 miles,No,,No,49,26,-42.0,105,Morning,0.351,35,25,6,0,0,66,High
WL-01668,Group D,Endocrinology,2026-06-03,2026-06-10,Morning,Under 15 miles,Yes,,No,23,38,-16.0,77,Morning,0.267,17,25,20,10,5,77,High
WL-01669,Group A,Neurology,2026-06-22,2026-07-06,Afternoon,Under 15 miles,No,,No,4,41,10.0,74,Morning,0.256,17,16,6,0,5,44,Low
WL-01670,Group A,Pulmonology,2026-05-22,2026-07-06,Afternoon,Over 40 miles,No,,No,35,26,10.0,105,Morning,0.351,35,16,6,0,0,57,Moderate
WL-01671,Group C,Gastroenterology,2026-05-01,2026-06-15,Morning,15 to 40 miles,No,2026-05-18,No,56,29,-11.0,88,Morning,0.272,17,25,20,0,5,67,High
WL-01672,Group C,Neurology,2026-05-16,2026-06-06,No preference,Under 15 miles,Yes,,No,41,41,-20.0,74,Morning,0.256,17,25,20,10,5,77,High
WL-01673,Group D,Cardiology,2026-04-27,2026-05-18,Afternoon,Under 15 miles,Yes,,No,60,24,-39.0,89,Morning,0.309,26,25,6,10,5,72,High
WL-01674,Group A,Pulmonology,2026-06-08,2026-07-23,Morning,15 to 40 miles,Yes,2026-06-10,Yes,18,26,27.0,105,Morning,0.351,35,9,20,10,10,84,Critical
WL-01675,Group D,Cardiology,2026-05-29,2026-07-13,No preference,Under 15 miles,Yes,,No,28,24,17.0,89,Morning,0.309,26,16,20,10,5,77,High
WL-01676,Group B,Endocrinology,2026-04-10,2026-05-10,Morning,Under 15 miles,No,,No,77,38,-47.0,77,Morning,0.267,17,25,20,0,5,67,High
WL-01677,Group B,Endocrinology,2026-06-17,2026-07-08,Morning,Under 15 miles,No,2026-06-23,No,9,38,12.0,77,Morning,0.267,17,16,20,0,10,63,Moderate
WL-01678,Group C,Pulmonology,2026-05-01,2026-05-22,Morning,15 to 40 miles,Yes,,No,56,26,-35.0,105,Morning,0.351,35,25,20,10,0,90,Critical
WL-01679,Group B,Neurology,2026-05-02,2026-05-16,No preference,Under 15 miles,Yes,,No,55,41,-41.0,74,Morning,0.256,17,25,20,10,5,77,High
WL-01680,Group A,Endocrinology,2026-06-12,2026-06-19,No preference,Over 40 miles,No,2026-07-02,Yes,14,38,-7.0,77,Morning,0.267,17,25,20,0,10,72,High
WL-01681,Group D,Cardiology,2026-06-08,2026-06-15,Morning,Under 15 miles,No,,No,18,24,-11.0,89,Morning,0.309,26,25,20,0,5,76,High
WL-01682,Group C,Neurology,2026-06-18,2026-07-18,Morning,Under 15 miles,Yes,,No,8,41,22.0,74,Morning,0.256,17,9,20,10,5,61,Moderate
WL-01683,Group C,Endocrinology,2026-05-28,2026-07-12,Morning,Under 15 miles,Yes,,No,29,38,16.0,77,Morning,0.267,17,16,20,10,5,68,High
WL-01684,Group C,Gastroenterology,2026-05-08,2026-05-15,No preference,Over 40 miles,Yes,2026-05-26,Yes,49,29,-42.0,88,Morning,0.272,17,25,20,10,10,82,Critical
WL-01685,Group A,Gastroenterology,2026-04-21,2026-05-05,No preference,15 to 40 miles,No,,No,66,29,-52.0,88,Morning,0.272,17,25,20,0,0,62,Moderate
WL-01686,Group B,Cardiology,2026-06-09,2026-06-16,Morning,15 to 40 miles,No,,No,17,24,-10.0,89,Morning,0.309,26,25,20,0,0,71,High
WL-01687,Group B,Pulmonology,2026-05-02,2026-05-09,Morning,Under 15 miles,No,,No,55,26,-48.0,105,Morning,0.351,35,25,20,0,5,85,Critical
WL-01688,Group C,Orthopedics,2026-05-29,2026-06-28,Morning,15 to 40 miles,No,,No,28,19,2.0,74,Morning,0.247,17,22,20,0,0,59,Moderate
WL-01689,Group D,Neurology,2026-05-15,2026-06-29,Afternoon,15 to 40 miles,Yes,2026-06-10,Yes,42,41,3.0,74,Morning,0.256,17,22,6,10,10,65,High
WL-01690,Group C,Orthopedics,2026-05-08,2026-07-07,Morning,15 to 40 miles,Yes,2026-05-29,Yes,49,19,11.0,74,Morning,0.247,17,16,20,10,10,73,High
WL-01691,Group D,Cardiology,2026-06-01,2026-08-30,Afternoon,Under 15 miles,Yes,,No,25,24,65.0,89,Morning,0.309,26,4,6,10,5,51,Moderate
WL-01692,Group C,Pulmonology,2026-04-30,2026-05-21,Morning,15 to 40 miles,Yes,,No,57,26,-36.0,105,Morning,0.351,35,25,20,10,0,90,Critical
WL-01693,Group D,Orthopedics,2026-04-28,2026-05-12,Morning,Under 15 miles,Yes,,No,59,19,-45.0,74,Morning,0.247,17,25,20,10,5,77,High
WL-01694,Group B,Orthopedics,2026-04-10,2026-07-09,Morning,Under 15 miles,No,,No,77,19,13.0,74,Morning,0.247,17,16,20,0,5,58,Moderate
WL-01695,Group B,Pulmonology,2026-06-07,2026-06-28,Afternoon,15 to 40 miles,Yes,,No,19,26,2.0,105,Morning,0.351,35,22,6,10,0,73,High
WL-01696,Group C,Pulmonology,2026-05-08,2026-05-22,Morning,Over 40 miles,Yes,2026-05-27,Yes,49,26,-35.0,105,Morning,0.351,35,25,20,10,10,100,Critical
WL-01697,Group B,Gastroenterology,2026-06-15,2026-09-13,Afternoon,Over 40 miles,Yes,2026-07-07,Yes,11,29,79.0,88,Morning,0.272,17,4,6,10,10,47,Low
WL-01698,Group A,Gastroenterology,2026-05-10,2026-05-31,Afternoon,Under 15 miles,No,2026-05-11,Yes,47,29,-26.0,88,Morning,0.272,17,25,6,0,10,58,Moderate
WL-01699,Group A,Neurology,2026-04-23,2026-05-23,Afternoon,Under 15 miles,Yes,2026-05-13,Yes,64,41,-34.0,74,Morning,0.256,17,25,6,10,10,68,High
WL-01700,Group D,Gastroenterology,2026-06-09,2026-07-09,Morning,15 to 40 miles,No,,No,17,29,13.0,88,Morning,0.272,17,16,20,0,0,53,Moderate
WL-01701,Group A,Neurology,2026-05-27,2026-07-11,Morning,Over 40 miles,Yes,,No,30,41,15.0,74,Morning,0.256,17,16,20,10,0,63,Moderate
WL-01702,Group A,Cardiology,2026-06-17,2026-07-08,No preference,15 to 40 miles,Yes,2026-06-20,Yes,9,24,12.0,89,Morning,0.309,26,16,20,10,10,82,Critical
WL-01703,Group A,Cardiology,2026-06-06,2026-06-27,Morning,15 to 40 miles,Yes,,No,20,24,1.0,89,Morning,0.309,26,22,20,10,0,78,High
WL-01704,Group A,Endocrinology,2026-05-14,2026-06-04,Morning,Under 15 miles,Yes,2026-05-28,Yes,43,38,-22.0,77,Morning,0.267,17,25,20,10,10,82,Critical
WL-01705,Group A,Gastroenterology,2026-06-18,2026-07-18,No preference,Under 15 miles,Yes,,No,8,29,22.0,88,Morning,0.272,17,9,20,10,5,61,Moderate
WL-01706,Group C,Pulmonology,2026-04-26,2026-07-25,Afternoon,Under 15 miles,Yes,,No,61,26,29.0,105,Morning,0.351,35,9,6,10,5,65,High
WL-01707,Group B,Pulmonology,2026-04-29,2026-05-29,Afternoon,Under 15 miles,Yes,,No,58,26,-28.0,105,Morning,0.351,35,25,6,10,5,81,Critical
WL-01708,Group C,Neurology,2026-05-25,2026-07-24,Afternoon,Under 15 miles,Yes,2026-05-27,No,32,41,28.0,74,Morning,0.256,17,9,6,10,10,52,Moderate
WL-01709,Group A,Gastroenterology,2026-05-30,2026-06-06,Morning,Under 15 miles,Yes,,No,27,29,-20.0,88,Morning,0.272,17,25,20,10,5,77,High
WL-01710,Group B,Orthopedics,2026-06-03,2026-07-18,Morning,Under 15 miles,Yes,2026-07-03,No,23,19,22.0,74,Morning,0.247,17,9,20,10,10,66,High
WL-01711,Group D,Orthopedics,2026-04-06,2026-04-20,No preference,Under 15 miles,No,,No,81,19,-67.0,74,Morning,0.247,17,25,20,0,5,67,High
WL-01712,Group B,Gastroenterology,2026-04-05,2026-05-05,No preference,Under 15 miles,Yes,,No,82,29,-52.0,88,Morning,0.272,17,25,20,10,5,77,High
WL-01713,Group A,Cardiology,2026-04-06,2026-04-27,Morning,Under 15 miles,Yes,,No,81,24,-60.0,89,Morning,0.309,26,25,20,10,5,86,Critical
WL-01714,Group C,Neurology,2026-05-07,2026-06-06,No preference,15 to 40 miles,No,,No,50,41,-20.0,74,Morning,0.256,17,25,20,0,0,62,Moderate
WL-01715,Group D,Pulmonology,2026-06-02,2026-08-31,Morning,15 to 40 miles,Yes,,No,24,26,66.0,105,Morning,0.351,35,4,20,10,0,69,High
WL-01716,Group A,Orthopedics,2026-05-14,2026-08-12,No preference,Under 15 miles,Yes,,No,43,19,47.0,74,Morning,0.247,17,4,20,10,5,56,Moderate
WL-01717,Group C,Cardiology,2026-04-08,2026-04-15,Morning,Under 15 miles,Yes,,No,79,24,-72.0,89,Morning,0.309,26,25,20,10,5,86,Critical
WL-01718,Group C,Gastroenterology,2026-05-14,2026-05-28,Afternoon,Under 15 miles,Yes,,No,43,29,-29.0,88,Morning,0.272,17,25,6,10,5,63,Moderate
WL-01719,Group B,Neurology,2026-03-24,2026-06-22,Afternoon,Under 15 miles,Yes,,No,94,41,-4.0,74,Morning,0.256,17,25,6,10,5,63,Moderate
WL-01720,Group A,Cardiology,2026-05-24,2026-05-31,Afternoon,Under 15 miles,Yes,,No,33,24,-26.0,89,Morning,0.309,26,25,6,10,5,72,High
WL-01721,Group D,Pulmonology,2026-06-24,2026-09-22,Morning,Under 15 miles,Yes,,No,2,26,88.0,105,Morning,0.351,35,4,20,10,5,74,High
WL-01722,Group A,Endocrinology,2026-01-31,2026-03-17,Morning,15 to 40 miles,Yes,2026-02-08,No,146,38,-101.0,77,Morning,0.267,17,25,20,10,5,77,High
WL-01723,Group C,Pulmonology,2026-05-08,2026-08-06,No preference,Under 15 miles,Yes,,No,49,26,41.0,105,Morning,0.351,35,9,20,10,5,79,High
WL-01724,Group D,Orthopedics,2026-04-29,2026-06-13,Afternoon,15 to 40 miles,No,,No,58,19,-13.0,74,Morning,0.247,17,25,6,0,0,48,Low
WL-01725,Group A,Orthopedics,2026-05-09,2026-05-30,Afternoon,Under 15 miles,No,2026-05-20,Yes,48,19,-27.0,74,Morning,0.247,17,25,6,0,10,58,Moderate
WL-01726,Group A,Orthopedics,2026-04-05,2026-06-04,Morning,15 to 40 miles,Yes,2026-04-27,No,82,19,-22.0,74,Morning,0.247,17,25,20,10,5,77,High
WL-01727,Group A,Gastroenterology,2026-06-10,2026-09-08,Morning,Over 40 miles,Yes,,No,16,29,74.0,88,Morning,0.272,17,4,20,10,0,51,Moderate
WL-01728,Group B,Pulmonology,2026-05-04,2026-05-18,Morning,15 to 40 miles,No,,No,53,26,-39.0,105,Morning,0.351,35,25,20,0,0,80,Critical
WL-01729,Group C,Gastroenterology,2026-05-01,2026-06-15,No preference,15 to 40 miles,Yes,,No,56,29,-11.0,88,Morning,0.272,17,25,20,10,0,72,High
WL-01730,Group B,Cardiology,2026-04-04,2026-04-18,Afternoon,15 to 40 miles,Yes,,No,83,24,-69.0,89,Morning,0.309,26,25,6,10,0,67,High
WL-01731,Group C,Pulmonology,2026-06-13,2026-06-27,Afternoon,Over 40 miles,No,,No,13,26,1.0,105,Morning,0.351,35,22,6,0,0,63,Moderate
WL-01732,Group A,Neurology,2026-05-01,2026-05-31,Morning,15 to 40 miles,No,2026-05-21,Yes,56,41,-26.0,74,Morning,0.256,17,25,20,0,10,72,High
WL-01733,Group A,Pulmonology,2026-04-23,2026-06-07,Afternoon,Under 15 miles,No,,No,64,26,-19.0,105,Morning,0.351,35,25,6,0,5,71,High
WL-01734,Group C,Cardiology,2026-04-27,2026-05-04,Afternoon,15 to 40 miles,Yes,,No,60,24,-53.0,89,Morning,0.309,26,25,6,10,0,67,High
WL-01735,Group D,Orthopedics,2026-03-07,2026-03-14,No preference,15 to 40 miles,Yes,2026-03-18,Yes,111,19,-104.0,74,Morning,0.247,17,25,20,10,10,82,Critical
WL-01736,Group D,Gastroenterology,2026-05-23,2026-06-13,No preference,15 to 40 miles,Yes,2026-06-08,Yes,34,29,-13.0,88,Morning,0.272,17,25,20,10,10,82,Critical
WL-01737,Group A,Pulmonology,2026-06-14,2026-06-28,Morning,Under 15 miles,No,,No,12,26,2.0,105,Morning,0.351,35,22,20,0,5,82,Critical
WL-01738,Group B,Cardiology,2026-04-14,2026-05-05,No preference,Under 15 miles,Yes,,No,73,24,-52.0,89,Morning,0.309,26,25,20,10,5,86,Critical
WL-01739,Group C,Gastroenterology,2026-05-24,2026-06-07,No preference,Under 15 miles,No,,No,33,29,-19.0,88,Morning,0.272,17,25,20,0,5,67,High
WL-01740,Group D,Gastroenterology,2026-06-09,2026-08-08,Morning,Under 15 miles,No,2026-06-14,No,17,29,43.0,88,Morning,0.272,17,9,20,0,10,56,Moderate
WL-01741,Group B,Orthopedics,2026-06-22,2026-08-06,Morning,Under 15 miles,Yes,,No,4,19,41.0,74,Morning,0.247,17,9,20,10,5,61,Moderate
WL-01742,Group D,Pulmonology,2026-04-11,2026-05-02,Afternoon,15 to 40 miles,No,,No,76,26,-55.0,105,Morning,0.351,35,25,6,0,0,66,High
WL-01743,Group D,Neurology,2026-04-18,2026-05-09,No preference,Under 15 miles,Yes,2026-05-03,Yes,69,41,-48.0,74,Morning,0.256,17,25,20,10,10,82,Critical
WL-01744,Group A,Orthopedics,2026-04-16,2026-05-07,No preference,Over 40 miles,Yes,,No,71,19,-50.0,74,Morning,0.247,17,25,20,10,0,72,High
WL-01745,Group B,Neurology,2026-05-24,2026-07-23,Morning,Under 15 miles,Yes,2026-06-19,Yes,33,41,27.0,74,Morning,0.256,17,9,20,10,10,66,High
WL-01746,Group B,Neurology,2026-05-25,2026-06-15,Morning,Under 15 miles,Yes,,No,32,41,-11.0,74,Morning,0.256,17,25,20,10,5,77,High
WL-01747,Group D,Orthopedics,2026-04-08,2026-04-15,No preference,Under 15 miles,Yes,2026-04-23,Yes,79,19,-72.0,74,Morning,0.247,17,25,20,10,10,82,Critical
WL-01748,Group C,Endocrinology,2026-05-26,2026-06-02,Afternoon,15 to 40 miles,No,,No,31,38,-24.0,77,Morning,0.267,17,25,6,0,0,48,Low
WL-01749,Group D,Neurology,2026-06-03,2026-06-24,No preference,Under 15 miles,Yes,,No,23,41,-2.0,74,Morning,0.256,17,25,20,10,5,77,High
WL-01750,Group A,Cardiology,2026-02-28,2026-05-29,Afternoon,15 to 40 miles,Yes,2026-03-21,Yes,118,24,-28.0,89,Morning,0.309,26,25,6,10,10,77,High
WL-01751,Group C,Endocrinology,2026-04-26,2026-05-26,Morning,15 to 40 miles,Yes,2026-05-16,No,61,38,-31.0,77,Morning,0.267,17,25,20,10,5,77,High
WL-01752,Group B,Pulmonology,2026-03-02,2026-05-01,Afternoon,15 to 40 miles,No,,No,116,26,-56.0,105,Morning,0.351,35,25,6,0,0,66,High
WL-01753,Group D,Gastroenterology,2026-05-07,2026-08-05,No preference,15 to 40 miles,Yes,,No,50,29,40.0,88,Morning,0.272,17,9,20,10,0,56,Moderate
WL-01754,Group D,Orthopedics,2026-05-12,2026-05-26,Afternoon,Under 15 miles,Yes,,No,45,19,-31.0,74,Morning,0.247,17,25,6,10,5,63,Moderate
WL-01755,Group A,Cardiology,2026-04-18,2026-07-17,No preference,15 to 40 miles,Yes,,No,69,24,21.0,89,Morning,0.309,26,16,20,10,0,72,High
WL-01756,Group B,Pulmonology,2026-04-03,2026-04-17,No preference,Under 15 miles,Yes,,No,84,26,-70.0,105,Morning,0.351,35,25,20,10,5,95,Critical
WL-01757,Group A,Gastroenterology,2026-04-12,2026-04-26,Morning,Under 15 miles,Yes,2026-04-28,No,75,29,-61.0,88,Morning,0.272,17,25,20,10,10,82,Critical
WL-01758,Group C,Gastroenterology,2026-04-22,2026-06-21,Morning,15 to 40 miles,Yes,,No,65,29,-5.0,88,Morning,0.272,17,25,20,10,0,72,High
WL-01759,Group A,Gastroenterology,2026-03-08,2026-04-07,No preference,Over 40 miles,Yes,2026-04-07,Yes,110,29,-80.0,88,Morning,0.272,17,25,20,10,10,82,Critical
WL-01760,Group A,Cardiology,2026-05-02,2026-05-09,Afternoon,Under 15 miles,No,,No,55,24,-48.0,89,Morning,0.309,26,25,6,0,5,62,Moderate
WL-01761,Group B,Neurology,2026-06-11,2026-06-18,Afternoon,15 to 40 miles,No,,No,15,41,-8.0,74,Morning,0.256,17,25,6,0,0,48,Low
WL-01762,Group D,Pulmonology,2026-03-08,2026-06-06,No preference,Under 15 miles,Yes,,No,110,26,-20.0,105,Morning,0.351,35,25,20,10,5,95,Critical
WL-01763,Group A,Orthopedics,2026-06-20,2026-08-04,No preference,Under 15 miles,Yes,,No,6,19,39.0,74,Morning,0.247,17,9,20,10,5,61,Moderate
WL-01764,Group D,Pulmonology,2026-05-27,2026-06-17,No preference,Over 40 miles,Yes,2026-06-07,Yes,30,26,-9.0,105,Morning,0.351,35,25,20,10,10,100,Critical
WL-01765,Group D,Neurology,2026-06-10,2026-08-09,Morning,Under 15 miles,Yes,,No,16,41,44.0,74,Morning,0.256,17,9,20,10,5,61,Moderate
WL-01766,Group B,Neurology,2026-05-31,2026-06-07,Morning,Under 15 miles,Yes,,No,26,41,-19.0,74,Morning,0.256,17,25,20,10,5,77,High
WL-01767,Group A,Endocrinology,2026-04-26,2026-05-10,Afternoon,Under 15 miles,Yes,,No,61,38,-47.0,77,Morning,0.267,17,25,6,10,5,63,Moderate
WL-01768,Group A,Neurology,2026-06-06,2026-06-20,Morning,Over 40 miles,No,2026-06-18,Yes,20,41,-6.0,74,Morning,0.256,17,25,20,0,10,72,High
WL-01769,Group B,Neurology,2026-05-29,2026-06-12,Afternoon,Under 15 miles,Yes,2026-06-24,No,28,41,-14.0,74,Morning,0.256,17,25,6,10,10,68,High
WL-01770,Group A,Endocrinology,2026-05-06,2026-06-05,No preference,15 to 40 miles,Yes,2026-05-27,Yes,51,38,-21.0,77,Morning,0.267,17,25,20,10,10,82,Critical
WL-01771,Group B,Orthopedics,2026-05-30,2026-08-28,Afternoon,Under 15 miles,Yes,2026-06-01,Yes,27,19,63.0,74,Morning,0.247,17,4,6,10,10,47,Low
WL-01772,Group D,Cardiology,2026-04-22,2026-07-21,Morning,Under 15 miles,No,,No,65,24,25.0,89,Morning,0.309,26,9,20,0,5,60,Moderate
WL-01773,Group A,Orthopedics,2026-04-18,2026-07-17,Afternoon,15 to 40 miles,Yes,2026-05-04,Yes,69,19,21.0,74,Morning,0.247,17,16,6,10,10,59,Moderate
WL-01774,Group D,Pulmonology,2026-04-20,2026-05-04,Afternoon,Under 15 miles,Yes,,No,67,26,-53.0,105,Morning,0.351,35,25,6,10,5,81,Critical
WL-01775,Group B,Endocrinology,2026-06-17,2026-09-15,Afternoon,Under 15 miles,Yes,2026-07-09,Yes,9,38,81.0,77,Morning,0.267,17,4,6,10,10,47,Low
WL-01776,Group C,Cardiology,2026-06-13,2026-06-27,No preference,15 to 40 miles,Yes,2026-07-08,Yes,13,24,1.0,89,Morning,0.309,26,22,20,10,10,88,Critical
WL-01777,Group C,Cardiology,2026-05-10,2026-06-24,Afternoon,Under 15 miles,Yes,,No,47,24,-2.0,89,Morning,0.309,26,25,6,10,5,72,High
WL-01778,Group B,Neurology,2026-06-15,2026-07-15,Morning,Under 15 miles,Yes,2026-06-26,No,11,41,19.0,74,Morning,0.256,17,16,20,10,10,73,High
WL-01779,Group B,Neurology,2026-05-19,2026-06-09,Afternoon,15 to 40 miles,Yes,,No,38,41,-17.0,74,Morning,0.256,17,25,6,10,0,58,Moderate
WL-01780,Group A,Neurology,2026-06-22,2026-07-22,Morning,15 to 40 miles,Yes,2026-07-11,No,4,41,26.0,74,Morning,0.256,17,9,20,10,5,61,Moderate
WL-01781,Group C,Neurology,2026-06-20,2026-07-20,No preference,Under 15 miles,Yes,,No,6,41,24.0,74,Morning,0.256,17,9,20,10,5,61,Moderate
WL-01782,Group D,Endocrinology,2026-06-19,2026-07-19,Morning,Under 15 miles,Yes,2026-07-15,No,7,38,23.0,77,Morning,0.267,17,9,20,10,10,66,High
WL-01783,Group C,Cardiology,2026-06-08,,No preference,15 to 40 miles,No,2026-07-03,Yes,18,24,,89,Morning,0.309,26,8,20,0,10,64,Moderate
WL-01784,Group D,Neurology,2026-05-29,2026-07-28,No preference,Over 40 miles,No,2026-06-02,Yes,28,41,32.0,74,Morning,0.256,17,9,20,0,10,56,Moderate
WL-01785,Group C,Cardiology,2026-04-17,2026-05-01,Morning,Over 40 miles,Yes,,No,70,24,-56.0,89,Morning,0.309,26,25,20,10,0,81,Critical
WL-01786,Group B,Neurology,2026-06-11,2026-07-11,Afternoon,Under 15 miles,Yes,2026-07-07,Yes,15,41,15.0,74,Morning,0.256,17,16,6,10,10,59,Moderate
WL-01787,Group C,Gastroenterology,2026-06-03,2026-06-24,Afternoon,15 to 40 miles,No,,No,23,29,-2.0,88,Morning,0.272,17,25,6,0,0,48,Low
WL-01788,Group D,Orthopedics,2026-06-18,2026-09-16,Morning,Under 15 miles,Yes,2026-06-19,No,8,19,82.0,74,Morning,0.247,17,4,20,10,10,61,Moderate
WL-01789,Group A,Orthopedics,2026-06-08,2026-09-06,Morning,Under 15 miles,Yes,,No,18,19,72.0,74,Morning,0.247,17,4,20,10,5,56,Moderate
WL-01790,Group D,Gastroenterology,2026-06-15,2026-07-15,No preference,Under 15 miles,Yes,,No,11,29,19.0,88,Morning,0.272,17,16,20,10,5,68,High
WL-01791,Group B,Gastroenterology,2026-05-21,2026-05-28,Morning,Under 15 miles,No,,No,36,29,-29.0,88,Morning,0.272,17,25,20,0,5,67,High
WL-01792,Group D,Orthopedics,2026-06-05,2026-07-05,Afternoon,Under 15 miles,Yes,,No,21,19,9.0,74,Morning,0.247,17,16,6,10,5,54,Moderate
WL-01793,Group B,Cardiology,2026-05-07,2026-06-06,Morning,Under 15 miles,No,,No,50,24,-20.0,89,Morning,0.309,26,25,20,0,5,76,High
WL-01794,Group C,Endocrinology,2026-04-07,2026-04-28,Morning,Under 15 miles,Yes,2026-05-06,No,80,38,-59.0,77,Morning,0.267,17,25,20,10,10,82,Critical
WL-01795,Group C,Cardiology,2026-05-12,2026-06-26,Afternoon,Under 15 miles,No,,No,45,24,0.0,89,Morning,0.309,26,25,6,0,5,62,Moderate
WL-01796,Group A,Cardiology,2026-05-22,2026-05-29,Morning,Under 15 miles,No,,No,35,24,-28.0,89,Morning,0.309,26,25,20,0,5,76,High
WL-01797,Group D,Pulmonology,2026-04-20,2026-04-27,Afternoon,Under 15 miles,Yes,,No,67,26,-60.0,105,Morning,0.351,35,25,6,10,5,81,Critical
WL-01798,Group C,Neurology,2026-04-06,2026-04-13,Morning,Under 15 miles,No,,No,81,41,-74.0,74,Morning,0.256,17,25,20,0,5,67,High
WL-01799,Group A,Gastroenterology,2026-05-05,2026-07-04,Afternoon,15 to 40 miles,No,2026-05-08,Yes,52,29,8.0,88,Morning,0.272,17,16,6,0,10,49,Low
WL-01800,Group D,Orthopedics,2026-05-16,2026-06-30,Afternoon,Over 40 miles,Yes,2026-06-14,Yes,41,19,4.0,74,Morning,0.247,17,22,6,10,10,65,High
