Provider_ID,Date,Specialty,Available_Slots,Booked_Slots,Completed_Slots,Cancelled_Slots,No_Show_Slots
PRV-009,2026-01-08,Orthopedics,1,1,1,0,0
PRV-001,2026-01-10,Cardiology,1,1,1,0,0
PRV-010,2026-01-10,Orthopedics,2,2,2,0,0
PRV-011,2026-01-10,Orthopedics,1,1,1,0,0
PRV-020,2026-01-10,Pulmonology,1,1,0,0,1
PRV-006,2026-01-11,Endocrinology,1,1,1,0,0
PRV-009,2026-01-11,Orthopedics,1,1,1,0,0
PRV-010,2026-01-11,Orthopedics,1,1,1,0,0
PRV-018,2026-01-11,Gastroenterology,1,1,0,0,1
PRV-020,2026-01-11,Pulmonology,1,1,1,0,0
PRV-009,2026-01-12,Orthopedics,1,1,1,0,0
PRV-011,2026-01-12,Orthopedics,1,1,1,0,0
PRV-017,2026-01-12,Gastroenterology,1,1,1,0,0
PRV-018,2026-01-12,Gastroenterology,1,1,0,1,0
PRV-019,2026-01-12,Pulmonology,1,1,1,0,0
PRV-010,2026-01-13,Orthopedics,1,1,1,0,0
PRV-021,2026-01-13,Pulmonology,2,2,2,0,0
PRV-004,2026-01-14,Cardiology,1,1,0,0,1
PRV-006,2026-01-14,Endocrinology,2,2,2,0,0
PRV-009,2026-01-14,Orthopedics,1,1,1,0,0
PRV-010,2026-01-14,Orthopedics,2,2,2,0,0
PRV-011,2026-01-14,Orthopedics,4,3,3,0,0
PRV-016,2026-01-14,Gastroenterology,1,1,1,0,0
PRV-020,2026-01-14,Pulmonology,1,1,1,0,0
PRV-022,2026-01-14,Pulmonology,1,1,1,0,0
PRV-003,2026-01-15,Cardiology,1,1,1,0,0
PRV-008,2026-01-15,Orthopedics,4,3,3,0,0
PRV-009,2026-01-15,Orthopedics,1,1,0,1,0
PRV-010,2026-01-15,Orthopedics,2,2,2,0,0
PRV-011,2026-01-15,Orthopedics,1,1,1,0,0
PRV-013,2026-01-15,Neurology,1,1,0,1,0
PRV-015,2026-01-15,Gastroenterology,1,1,1,0,0
PRV-017,2026-01-15,Gastroenterology,1,1,1,0,0
PRV-020,2026-01-15,Pulmonology,1,1,1,0,0
PRV-021,2026-01-15,Pulmonology,1,1,1,0,0
PRV-022,2026-01-15,Pulmonology,4,3,3,0,0
PRV-003,2026-01-16,Cardiology,1,1,1,0,0
PRV-004,2026-01-16,Cardiology,2,2,1,1,0
PRV-005,2026-01-16,Endocrinology,1,1,1,0,0
PRV-008,2026-01-16,Orthopedics,3,2,2,0,0
PRV-009,2026-01-16,Orthopedics,1,1,1,0,0
PRV-013,2026-01-16,Neurology,1,1,1,0,0
PRV-015,2026-01-16,Gastroenterology,2,2,2,0,0
PRV-019,2026-01-16,Pulmonology,4,3,3,0,0
PRV-003,2026-01-17,Cardiology,1,1,1,0,0
PRV-005,2026-01-17,Endocrinology,1,1,1,0,0
PRV-008,2026-01-17,Orthopedics,1,1,1,0,0
PRV-010,2026-01-17,Orthopedics,4,4,3,0,1
PRV-011,2026-01-17,Orthopedics,3,2,2,0,0
PRV-012,2026-01-17,Neurology,2,2,1,0,1
PRV-014,2026-01-17,Neurology,2,2,2,0,0
PRV-018,2026-01-17,Gastroenterology,1,1,1,0,0
PRV-019,2026-01-17,Pulmonology,3,2,2,0,0
PRV-022,2026-01-17,Pulmonology,1,1,1,0,0
PRV-003,2026-01-18,Cardiology,2,2,2,0,0
PRV-005,2026-01-18,Endocrinology,2,2,1,1,0
PRV-007,2026-01-18,Endocrinology,1,1,1,0,0
PRV-008,2026-01-18,Orthopedics,1,1,1,0,0
PRV-009,2026-01-18,Orthopedics,1,1,1,0,0
PRV-010,2026-01-18,Orthopedics,1,1,1,0,0
PRV-011,2026-01-18,Orthopedics,3,2,2,0,0
PRV-012,2026-01-18,Neurology,1,1,1,0,0
PRV-013,2026-01-18,Neurology,1,1,0,1,0
PRV-016,2026-01-18,Gastroenterology,1,1,1,0,0
PRV-018,2026-01-18,Gastroenterology,1,1,1,0,0
PRV-019,2026-01-18,Pulmonology,3,2,1,1,0
PRV-020,2026-01-18,Pulmonology,1,1,1,0,0
PRV-021,2026-01-18,Pulmonology,1,1,0,1,0
PRV-022,2026-01-18,Pulmonology,1,1,1,0,0
PRV-003,2026-01-19,Cardiology,2,2,1,0,1
PRV-006,2026-01-19,Endocrinology,1,1,1,0,0
PRV-009,2026-01-19,Orthopedics,4,3,3,0,0
PRV-011,2026-01-19,Orthopedics,3,2,2,0,0
PRV-014,2026-01-19,Neurology,1,1,0,1,0
PRV-016,2026-01-19,Gastroenterology,1,1,1,0,0
PRV-017,2026-01-19,Gastroenterology,1,1,0,1,0
PRV-019,2026-01-19,Pulmonology,3,2,1,1,0
PRV-020,2026-01-19,Pulmonology,2,2,2,0,0
PRV-021,2026-01-19,Pulmonology,1,1,1,0,0
PRV-022,2026-01-19,Pulmonology,4,3,1,1,1
PRV-001,2026-01-20,Cardiology,1,1,1,0,0
PRV-003,2026-01-20,Cardiology,2,2,2,0,0
PRV-004,2026-01-20,Cardiology,1,1,1,0,0
PRV-005,2026-01-20,Endocrinology,1,1,1,0,0
PRV-006,2026-01-20,Endocrinology,1,1,1,0,0
PRV-010,2026-01-20,Orthopedics,2,2,1,1,0
PRV-011,2026-01-20,Orthopedics,6,5,4,0,1
PRV-013,2026-01-20,Neurology,1,1,1,0,0
PRV-014,2026-01-20,Neurology,1,1,0,0,1
PRV-019,2026-01-20,Pulmonology,1,1,1,0,0
PRV-020,2026-01-20,Pulmonology,2,2,2,0,0
PRV-021,2026-01-20,Pulmonology,2,2,1,1,0
PRV-003,2026-01-21,Cardiology,2,2,2,0,0
PRV-004,2026-01-21,Cardiology,1,1,1,0,0
PRV-008,2026-01-21,Orthopedics,3,2,2,0,0
PRV-009,2026-01-21,Orthopedics,1,1,0,1,0
PRV-010,2026-01-21,Orthopedics,3,3,3,0,0
PRV-011,2026-01-21,Orthopedics,3,2,2,0,0
PRV-015,2026-01-21,Gastroenterology,1,1,1,0,0
PRV-016,2026-01-21,Gastroenterology,1,1,1,0,0
PRV-017,2026-01-21,Gastroenterology,1,1,1,0,0
PRV-018,2026-01-21,Gastroenterology,1,1,1,0,0
PRV-020,2026-01-21,Pulmonology,2,2,2,0,0
PRV-021,2026-01-21,Pulmonology,3,3,3,0,0
PRV-022,2026-01-21,Pulmonology,4,3,3,0,0
PRV-001,2026-01-22,Cardiology,1,1,0,0,1
PRV-003,2026-01-22,Cardiology,2,2,2,0,0
PRV-004,2026-01-22,Cardiology,1,1,1,0,0
PRV-005,2026-01-22,Endocrinology,2,2,2,0,0
PRV-007,2026-01-22,Endocrinology,1,1,1,0,0
PRV-008,2026-01-22,Orthopedics,1,1,1,0,0
PRV-009,2026-01-22,Orthopedics,1,1,1,0,0
PRV-010,2026-01-22,Orthopedics,1,1,1,0,0
PRV-011,2026-01-22,Orthopedics,5,4,4,0,0
PRV-015,2026-01-22,Gastroenterology,2,2,2,0,0
PRV-016,2026-01-22,Gastroenterology,1,1,1,0,0
PRV-017,2026-01-22,Gastroenterology,2,2,1,0,1
PRV-018,2026-01-22,Gastroenterology,2,2,2,0,0
PRV-019,2026-01-22,Pulmonology,3,2,2,0,0
PRV-020,2026-01-22,Pulmonology,1,1,1,0,0
PRV-021,2026-01-22,Pulmonology,2,2,1,0,1
PRV-022,2026-01-22,Pulmonology,2,2,2,0,0
PRV-001,2026-01-23,Cardiology,4,3,3,0,0
PRV-002,2026-01-23,Cardiology,4,3,3,0,0
PRV-003,2026-01-23,Cardiology,4,4,3,0,1
PRV-005,2026-01-23,Endocrinology,3,3,3,0,0
PRV-006,2026-01-23,Endocrinology,3,3,2,0,1
PRV-007,2026-01-23,Endocrinology,1,1,1,0,0
PRV-008,2026-01-23,Orthopedics,1,1,1,0,0
PRV-010,2026-01-23,Orthopedics,2,2,2,0,0
PRV-011,2026-01-23,Orthopedics,3,2,2,0,0
PRV-013,2026-01-23,Neurology,1,1,1,0,0
PRV-014,2026-01-23,Neurology,2,2,1,1,0
PRV-015,2026-01-23,Gastroenterology,3,3,3,0,0
PRV-016,2026-01-23,Gastroenterology,1,1,1,0,0
PRV-017,2026-01-23,Gastroenterology,1,1,1,0,0
PRV-018,2026-01-23,Gastroenterology,1,1,0,1,0
PRV-019,2026-01-23,Pulmonology,4,3,3,0,0
PRV-021,2026-01-23,Pulmonology,3,3,1,2,0
PRV-022,2026-01-23,Pulmonology,4,3,3,0,0
PRV-001,2026-01-24,Cardiology,1,1,1,0,0
PRV-004,2026-01-24,Cardiology,1,1,1,0,0
PRV-005,2026-01-24,Endocrinology,1,1,0,1,0
PRV-006,2026-01-24,Endocrinology,3,3,3,0,0
PRV-007,2026-01-24,Endocrinology,2,2,2,0,0
PRV-008,2026-01-24,Orthopedics,5,4,3,1,0
PRV-010,2026-01-24,Orthopedics,5,5,5,0,0
PRV-011,2026-01-24,Orthopedics,3,2,2,0,0
PRV-013,2026-01-24,Neurology,1,1,0,1,0
PRV-014,2026-01-24,Neurology,2,2,1,0,1
PRV-015,2026-01-24,Gastroenterology,1,1,1,0,0
PRV-016,2026-01-24,Gastroenterology,1,1,1,0,0
PRV-019,2026-01-24,Pulmonology,4,3,3,0,0
PRV-020,2026-01-24,Pulmonology,1,1,1,0,0
PRV-021,2026-01-24,Pulmonology,2,2,1,1,0
PRV-022,2026-01-24,Pulmonology,2,2,2,0,0
PRV-002,2026-01-25,Cardiology,2,2,2,0,0
PRV-003,2026-01-25,Cardiology,3,3,3,0,0
PRV-004,2026-01-25,Cardiology,2,2,2,0,0
PRV-005,2026-01-25,Endocrinology,1,1,1,0,0
PRV-007,2026-01-25,Endocrinology,1,1,1,0,0
PRV-008,2026-01-25,Orthopedics,3,2,2,0,0
PRV-010,2026-01-25,Orthopedics,1,1,1,0,0
PRV-011,2026-01-25,Orthopedics,3,2,2,0,0
PRV-013,2026-01-25,Neurology,2,2,1,1,0
PRV-015,2026-01-25,Gastroenterology,2,2,1,0,1
PRV-016,2026-01-25,Gastroenterology,1,1,1,0,0
PRV-017,2026-01-25,Gastroenterology,4,4,2,1,1
PRV-019,2026-01-25,Pulmonology,3,2,1,1,0
PRV-020,2026-01-25,Pulmonology,6,5,5,0,0
PRV-021,2026-01-25,Pulmonology,1,1,1,0,0
PRV-022,2026-01-25,Pulmonology,4,3,3,0,0
PRV-002,2026-01-26,Cardiology,4,3,3,0,0
PRV-003,2026-01-26,Cardiology,1,1,1,0,0
PRV-004,2026-01-26,Cardiology,1,1,0,0,1
PRV-005,2026-01-26,Endocrinology,3,3,2,0,1
PRV-006,2026-01-26,Endocrinology,2,2,2,0,0
PRV-007,2026-01-26,Endocrinology,2,2,1,0,1
PRV-008,2026-01-26,Orthopedics,1,1,1,0,0
PRV-009,2026-01-26,Orthopedics,1,1,1,0,0
PRV-010,2026-01-26,Orthopedics,6,6,6,0,0
PRV-011,2026-01-26,Orthopedics,9,7,7,0,0
PRV-012,2026-01-26,Neurology,1,1,1,0,0
PRV-014,2026-01-26,Neurology,2,2,2,0,0
PRV-015,2026-01-26,Gastroenterology,2,2,2,0,0
PRV-016,2026-01-26,Gastroenterology,2,2,2,0,0
PRV-017,2026-01-26,Gastroenterology,2,2,1,1,0
PRV-019,2026-01-26,Pulmonology,1,1,1,0,0
PRV-020,2026-01-26,Pulmonology,1,1,1,0,0
PRV-021,2026-01-26,Pulmonology,3,3,3,0,0
PRV-022,2026-01-26,Pulmonology,1,1,1,0,0
PRV-001,2026-01-27,Cardiology,3,2,2,0,0
PRV-002,2026-01-27,Cardiology,2,2,2,0,0
PRV-003,2026-01-27,Cardiology,1,1,1,0,0
PRV-004,2026-01-27,Cardiology,3,3,2,1,0
PRV-005,2026-01-27,Endocrinology,1,1,1,0,0
PRV-007,2026-01-27,Endocrinology,2,2,2,0,0
PRV-010,2026-01-27,Orthopedics,4,4,4,0,0
PRV-011,2026-01-27,Orthopedics,5,4,4,0,0
PRV-012,2026-01-27,Neurology,1,1,0,1,0
PRV-013,2026-01-27,Neurology,1,1,1,0,0
PRV-015,2026-01-27,Gastroenterology,2,2,1,1,0
PRV-016,2026-01-27,Gastroenterology,1,1,0,0,1
PRV-017,2026-01-27,Gastroenterology,1,1,1,0,0
PRV-019,2026-01-27,Pulmonology,1,1,1,0,0
PRV-020,2026-01-27,Pulmonology,1,1,1,0,0
PRV-021,2026-01-27,Pulmonology,2,2,1,1,0
PRV-022,2026-01-27,Pulmonology,6,5,4,0,1
PRV-002,2026-01-28,Cardiology,4,3,3,0,0
PRV-003,2026-01-28,Cardiology,2,2,2,0,0
PRV-004,2026-01-28,Cardiology,2,2,2,0,0
PRV-005,2026-01-28,Endocrinology,1,1,0,0,1
PRV-006,2026-01-28,Endocrinology,1,1,1,0,0
PRV-008,2026-01-28,Orthopedics,4,3,3,0,0
PRV-009,2026-01-28,Orthopedics,3,2,2,0,0
PRV-010,2026-01-28,Orthopedics,2,2,1,0,1
PRV-011,2026-01-28,Orthopedics,3,2,2,0,0
PRV-013,2026-01-28,Neurology,2,2,1,0,1
PRV-014,2026-01-28,Neurology,2,2,2,0,0
PRV-016,2026-01-28,Gastroenterology,3,3,3,0,0
PRV-019,2026-01-28,Pulmonology,6,4,4,0,0
PRV-020,2026-01-28,Pulmonology,5,4,3,1,0
PRV-021,2026-01-28,Pulmonology,1,1,1,0,0
PRV-022,2026-01-28,Pulmonology,6,5,4,0,1
PRV-001,2026-01-29,Cardiology,3,2,1,0,1
PRV-002,2026-01-29,Cardiology,1,1,1,0,0
PRV-003,2026-01-29,Cardiology,3,3,3,0,0
PRV-005,2026-01-29,Endocrinology,1,1,1,0,0
PRV-006,2026-01-29,Endocrinology,2,2,1,1,0
PRV-007,2026-01-29,Endocrinology,1,1,0,1,0
PRV-008,2026-01-29,Orthopedics,4,3,3,0,0
PRV-009,2026-01-29,Orthopedics,4,3,3,0,0
PRV-010,2026-01-29,Orthopedics,4,4,4,0,0
PRV-011,2026-01-29,Orthopedics,8,6,6,0,0
PRV-014,2026-01-29,Neurology,3,3,3,0,0
PRV-017,2026-01-29,Gastroenterology,5,5,5,0,0
PRV-018,2026-01-29,Gastroenterology,1,1,1,0,0
PRV-019,2026-01-29,Pulmonology,3,2,2,0,0
PRV-020,2026-01-29,Pulmonology,2,2,1,0,1
PRV-021,2026-01-29,Pulmonology,2,2,2,0,0
PRV-022,2026-01-29,Pulmonology,5,4,3,0,1
PRV-002,2026-01-30,Cardiology,2,2,2,0,0
PRV-003,2026-01-30,Cardiology,2,2,2,0,0
PRV-004,2026-01-30,Cardiology,1,1,1,0,0
PRV-007,2026-01-30,Endocrinology,1,1,1,0,0
PRV-008,2026-01-30,Orthopedics,3,2,2,0,0
PRV-009,2026-01-30,Orthopedics,3,2,2,0,0
PRV-010,2026-01-30,Orthopedics,5,5,5,0,0
PRV-011,2026-01-30,Orthopedics,5,4,3,1,0
PRV-013,2026-01-30,Neurology,1,1,1,0,0
PRV-014,2026-01-30,Neurology,1,1,1,0,0
PRV-015,2026-01-30,Gastroenterology,1,1,1,0,0
PRV-017,2026-01-30,Gastroenterology,4,4,3,0,1
PRV-018,2026-01-30,Gastroenterology,2,2,2,0,0
PRV-019,2026-01-30,Pulmonology,1,1,0,0,1
PRV-020,2026-01-30,Pulmonology,2,2,1,1,0
PRV-021,2026-01-30,Pulmonology,1,1,1,0,0
PRV-022,2026-01-30,Pulmonology,6,5,5,0,0
PRV-001,2026-01-31,Cardiology,4,3,2,1,0
PRV-002,2026-01-31,Cardiology,2,2,2,0,0
PRV-003,2026-01-31,Cardiology,4,4,4,0,0
PRV-004,2026-01-31,Cardiology,3,3,2,1,0
PRV-005,2026-01-31,Endocrinology,3,3,3,0,0
PRV-007,2026-01-31,Endocrinology,1,1,1,0,0
PRV-008,2026-01-31,Orthopedics,1,1,0,1,0
PRV-009,2026-01-31,Orthopedics,1,1,1,0,0
PRV-010,2026-01-31,Orthopedics,3,3,3,0,0
PRV-011,2026-01-31,Orthopedics,5,4,3,1,0
PRV-013,2026-01-31,Neurology,2,2,2,0,0
PRV-014,2026-01-31,Neurology,1,1,1,0,0
PRV-016,2026-01-31,Gastroenterology,2,2,2,0,0
PRV-017,2026-01-31,Gastroenterology,1,1,1,0,0
PRV-018,2026-01-31,Gastroenterology,5,5,4,1,0
PRV-019,2026-01-31,Pulmonology,4,3,2,1,0
PRV-020,2026-01-31,Pulmonology,4,3,2,1,0
PRV-021,2026-01-31,Pulmonology,2,2,2,0,0
PRV-022,2026-01-31,Pulmonology,4,3,3,0,0
PRV-001,2026-02-01,Cardiology,1,1,1,0,0
PRV-002,2026-02-01,Cardiology,6,5,3,0,2
PRV-003,2026-02-01,Cardiology,2,2,2,0,0
PRV-004,2026-02-01,Cardiology,2,2,2,0,0
PRV-005,2026-02-01,Endocrinology,1,1,1,0,0
PRV-006,2026-02-01,Endocrinology,2,2,2,0,0
PRV-007,2026-02-01,Endocrinology,2,2,1,1,0
PRV-008,2026-02-01,Orthopedics,8,6,5,1,0
PRV-009,2026-02-01,Orthopedics,3,2,1,0,1
PRV-010,2026-02-01,Orthopedics,5,5,4,1,0
PRV-012,2026-02-01,Neurology,1,1,0,0,1
PRV-013,2026-02-01,Neurology,1,1,0,0,1
PRV-014,2026-02-01,Neurology,3,3,3,0,0
PRV-015,2026-02-01,Gastroenterology,1,1,1,0,0
PRV-017,2026-02-01,Gastroenterology,1,1,1,0,0
PRV-018,2026-02-01,Gastroenterology,3,3,1,2,0
PRV-019,2026-02-01,Pulmonology,7,5,4,0,1
PRV-020,2026-02-01,Pulmonology,2,2,2,0,0
PRV-021,2026-02-01,Pulmonology,4,4,4,0,0
PRV-022,2026-02-01,Pulmonology,2,2,1,1,0
PRV-002,2026-02-02,Cardiology,1,1,1,0,0
PRV-003,2026-02-02,Cardiology,2,2,2,0,0
PRV-004,2026-02-02,Cardiology,3,3,2,1,0
PRV-005,2026-02-02,Endocrinology,1,1,1,0,0
PRV-006,2026-02-02,Endocrinology,3,3,3,0,0
PRV-007,2026-02-02,Endocrinology,2,2,2,0,0
PRV-008,2026-02-02,Orthopedics,5,4,3,1,0
PRV-009,2026-02-02,Orthopedics,3,2,1,1,0
PRV-010,2026-02-02,Orthopedics,2,2,2,0,0
PRV-011,2026-02-02,Orthopedics,1,1,1,0,0
PRV-013,2026-02-02,Neurology,1,1,1,0,0
PRV-014,2026-02-02,Neurology,1,1,1,0,0
PRV-015,2026-02-02,Gastroenterology,4,4,3,1,0
PRV-016,2026-02-02,Gastroenterology,1,1,1,0,0
PRV-017,2026-02-02,Gastroenterology,3,3,3,0,0
PRV-019,2026-02-02,Pulmonology,3,2,2,0,0
PRV-020,2026-02-02,Pulmonology,2,2,2,0,0
PRV-021,2026-02-02,Pulmonology,1,1,1,0,0
PRV-022,2026-02-02,Pulmonology,6,5,4,1,0
PRV-003,2026-02-03,Cardiology,1,1,0,1,0
PRV-004,2026-02-03,Cardiology,3,3,3,0,0
PRV-007,2026-02-03,Endocrinology,1,1,0,1,0
PRV-008,2026-02-03,Orthopedics,5,4,4,0,0
PRV-009,2026-02-03,Orthopedics,1,1,1,0,0
PRV-010,2026-02-03,Orthopedics,3,3,3,0,0
PRV-011,2026-02-03,Orthopedics,1,1,1,0,0
PRV-014,2026-02-03,Neurology,1,1,0,0,1
PRV-015,2026-02-03,Gastroenterology,2,2,1,0,1
PRV-016,2026-02-03,Gastroenterology,2,2,2,0,0
PRV-017,2026-02-03,Gastroenterology,7,6,5,1,0
PRV-019,2026-02-03,Pulmonology,6,4,4,0,0
PRV-020,2026-02-03,Pulmonology,4,3,3,0,0
PRV-021,2026-02-03,Pulmonology,2,2,2,0,0
PRV-022,2026-02-03,Pulmonology,1,1,1,0,0
PRV-001,2026-02-04,Cardiology,3,2,2,0,0
PRV-002,2026-02-04,Cardiology,2,2,2,0,0
PRV-003,2026-02-04,Cardiology,4,4,4,0,0
PRV-004,2026-02-04,Cardiology,2,2,1,0,1
PRV-005,2026-02-04,Endocrinology,2,2,2,0,0
PRV-006,2026-02-04,Endocrinology,3,3,3,0,0
PRV-007,2026-02-04,Endocrinology,1,1,0,1,0
PRV-008,2026-02-04,Orthopedics,5,4,4,0,0
PRV-009,2026-02-04,Orthopedics,3,2,2,0,0
PRV-010,2026-02-04,Orthopedics,7,7,7,0,0
PRV-011,2026-02-04,Orthopedics,6,5,4,0,1
PRV-012,2026-02-04,Neurology,4,3,2,1,0
PRV-013,2026-02-04,Neurology,1,1,1,0,0
PRV-015,2026-02-04,Gastroenterology,2,2,2,0,0
PRV-016,2026-02-04,Gastroenterology,2,2,1,0,1
PRV-017,2026-02-04,Gastroenterology,3,3,2,1,0
PRV-018,2026-02-04,Gastroenterology,1,1,1,0,0
PRV-019,2026-02-04,Pulmonology,4,3,3,0,0
PRV-020,2026-02-04,Pulmonology,9,7,6,1,0
PRV-021,2026-02-04,Pulmonology,2,2,2,0,0
PRV-022,2026-02-04,Pulmonology,2,2,2,0,0
PRV-001,2026-02-05,Cardiology,1,1,1,0,0
PRV-002,2026-02-05,Cardiology,4,3,3,0,0
PRV-003,2026-02-05,Cardiology,3,3,2,1,0
PRV-005,2026-02-05,Endocrinology,1,1,1,0,0
PRV-006,2026-02-05,Endocrinology,4,4,4,0,0
PRV-007,2026-02-05,Endocrinology,1,1,1,0,0
PRV-008,2026-02-05,Orthopedics,6,5,5,0,0
PRV-010,2026-02-05,Orthopedics,2,2,1,0,1
PRV-011,2026-02-05,Orthopedics,5,4,4,0,0
PRV-012,2026-02-05,Neurology,1,1,1,0,0
PRV-013,2026-02-05,Neurology,2,2,1,1,0
PRV-014,2026-02-05,Neurology,1,1,1,0,0
PRV-015,2026-02-05,Gastroenterology,2,2,2,0,0
PRV-016,2026-02-05,Gastroenterology,1,1,1,0,0
PRV-017,2026-02-05,Gastroenterology,1,1,1,0,0
PRV-018,2026-02-05,Gastroenterology,1,1,0,0,1
PRV-019,2026-02-05,Pulmonology,4,3,2,1,0
PRV-020,2026-02-05,Pulmonology,7,6,5,1,0
PRV-021,2026-02-05,Pulmonology,2,2,2,0,0
PRV-022,2026-02-05,Pulmonology,2,2,2,0,0
PRV-001,2026-02-06,Cardiology,5,4,2,2,0
PRV-002,2026-02-06,Cardiology,1,1,1,0,0
PRV-003,2026-02-06,Cardiology,1,1,1,0,0
PRV-004,2026-02-06,Cardiology,1,1,0,1,0
PRV-006,2026-02-06,Endocrinology,3,3,3,0,0
PRV-007,2026-02-06,Endocrinology,1,1,1,0,0
PRV-008,2026-02-06,Orthopedics,3,2,2,0,0
PRV-009,2026-02-06,Orthopedics,4,3,2,1,0
PRV-010,2026-02-06,Orthopedics,3,3,3,0,0
PRV-011,2026-02-06,Orthopedics,4,3,3,0,0
PRV-013,2026-02-06,Neurology,2,2,1,0,1
PRV-015,2026-02-06,Gastroenterology,1,1,1,0,0
PRV-016,2026-02-06,Gastroenterology,4,4,2,2,0
PRV-017,2026-02-06,Gastroenterology,2,2,2,0,0
PRV-018,2026-02-06,Gastroenterology,4,4,2,1,1
PRV-019,2026-02-06,Pulmonology,1,1,1,0,0
PRV-020,2026-02-06,Pulmonology,2,2,1,0,1
PRV-021,2026-02-06,Pulmonology,2,2,2,0,0
PRV-022,2026-02-06,Pulmonology,5,4,3,1,0
PRV-001,2026-02-07,Cardiology,1,1,1,0,0
PRV-003,2026-02-07,Cardiology,4,4,2,2,0
PRV-004,2026-02-07,Cardiology,4,4,1,3,0
PRV-005,2026-02-07,Endocrinology,5,4,3,1,0
PRV-006,2026-02-07,Endocrinology,2,2,2,0,0
PRV-007,2026-02-07,Endocrinology,1,1,1,0,0
PRV-008,2026-02-07,Orthopedics,5,4,4,0,0
PRV-009,2026-02-07,Orthopedics,4,3,2,1,0
PRV-011,2026-02-07,Orthopedics,8,6,6,0,0
PRV-013,2026-02-07,Neurology,1,1,1,0,0
PRV-014,2026-02-07,Neurology,5,4,2,2,0
PRV-016,2026-02-07,Gastroenterology,2,2,2,0,0
PRV-018,2026-02-07,Gastroenterology,4,4,3,1,0
PRV-019,2026-02-07,Pulmonology,1,1,1,0,0
PRV-020,2026-02-07,Pulmonology,2,2,2,0,0
PRV-021,2026-02-07,Pulmonology,3,3,2,1,0
PRV-022,2026-02-07,Pulmonology,2,2,2,0,0
PRV-001,2026-02-08,Cardiology,3,2,2,0,0
PRV-002,2026-02-08,Cardiology,1,1,1,0,0
PRV-003,2026-02-08,Cardiology,3,3,3,0,0
PRV-004,2026-02-08,Cardiology,4,4,3,1,0
PRV-005,2026-02-08,Endocrinology,2,2,2,0,0
PRV-007,2026-02-08,Endocrinology,2,2,1,0,1
PRV-008,2026-02-08,Orthopedics,5,4,4,0,0
PRV-009,2026-02-08,Orthopedics,5,4,4,0,0
PRV-010,2026-02-08,Orthopedics,7,7,5,2,0
PRV-011,2026-02-08,Orthopedics,4,3,2,1,0
PRV-013,2026-02-08,Neurology,1,1,1,0,0
PRV-014,2026-02-08,Neurology,2,2,1,1,0
PRV-015,2026-02-08,Gastroenterology,4,4,4,0,0
PRV-016,2026-02-08,Gastroenterology,2,2,2,0,0
PRV-017,2026-02-08,Gastroenterology,1,1,1,0,0
PRV-018,2026-02-08,Gastroenterology,1,1,1,0,0
PRV-019,2026-02-08,Pulmonology,6,4,4,0,0
PRV-020,2026-02-08,Pulmonology,11,9,5,4,0
PRV-021,2026-02-08,Pulmonology,4,4,3,1,0
PRV-022,2026-02-08,Pulmonology,4,3,3,0,0
PRV-002,2026-02-09,Cardiology,2,2,1,1,0
PRV-003,2026-02-09,Cardiology,3,3,2,1,0
PRV-004,2026-02-09,Cardiology,2,2,2,0,0
PRV-005,2026-02-09,Endocrinology,3,3,3,0,0
PRV-007,2026-02-09,Endocrinology,2,2,1,0,1
PRV-008,2026-02-09,Orthopedics,3,2,2,0,0
PRV-009,2026-02-09,Orthopedics,1,1,1,0,0
PRV-010,2026-02-09,Orthopedics,3,3,2,1,0
PRV-011,2026-02-09,Orthopedics,6,5,5,0,0
PRV-012,2026-02-09,Neurology,1,1,1,0,0
PRV-013,2026-02-09,Neurology,1,1,1,0,0
PRV-014,2026-02-09,Neurology,1,1,1,0,0
PRV-015,2026-02-09,Gastroenterology,1,1,1,0,0
PRV-016,2026-02-09,Gastroenterology,1,1,1,0,0
PRV-017,2026-02-09,Gastroenterology,3,3,3,0,0
PRV-018,2026-02-09,Gastroenterology,2,2,2,0,0
PRV-019,2026-02-09,Pulmonology,3,2,1,1,0
PRV-020,2026-02-09,Pulmonology,2,2,2,0,0
PRV-021,2026-02-09,Pulmonology,2,2,2,0,0
PRV-022,2026-02-09,Pulmonology,9,7,6,0,1
PRV-001,2026-02-10,Cardiology,4,3,3,0,0
PRV-002,2026-02-10,Cardiology,4,3,2,1,0
PRV-003,2026-02-10,Cardiology,1,1,1,0,0
PRV-004,2026-02-10,Cardiology,2,2,1,1,0
PRV-005,2026-02-10,Endocrinology,1,1,1,0,0
PRV-006,2026-02-10,Endocrinology,2,2,0,1,1
PRV-007,2026-02-10,Endocrinology,5,4,4,0,0
PRV-008,2026-02-10,Orthopedics,6,5,4,1,0
PRV-009,2026-02-10,Orthopedics,4,3,3,0,0
PRV-010,2026-02-10,Orthopedics,4,4,1,3,0
PRV-011,2026-02-10,Orthopedics,5,4,3,0,1
PRV-012,2026-02-10,Neurology,2,2,2,0,0
PRV-014,2026-02-10,Neurology,1,1,1,0,0
PRV-015,2026-02-10,Gastroenterology,3,3,3,0,0
PRV-016,2026-02-10,Gastroenterology,4,4,1,1,2
PRV-017,2026-02-10,Gastroenterology,3,3,2,1,0
PRV-018,2026-02-10,Gastroenterology,3,3,1,1,1
PRV-019,2026-02-10,Pulmonology,4,3,3,0,0
PRV-020,2026-02-10,Pulmonology,1,1,1,0,0
PRV-021,2026-02-10,Pulmonology,3,3,3,0,0
PRV-022,2026-02-10,Pulmonology,4,3,3,0,0
PRV-001,2026-02-11,Cardiology,3,2,1,0,1
PRV-002,2026-02-11,Cardiology,9,7,6,1,0
PRV-003,2026-02-11,Cardiology,5,5,5,0,0
PRV-004,2026-02-11,Cardiology,3,3,3,0,0
PRV-005,2026-02-11,Endocrinology,6,5,4,1,0
PRV-007,2026-02-11,Endocrinology,1,1,0,1,0
PRV-008,2026-02-11,Orthopedics,4,3,3,0,0
PRV-009,2026-02-11,Orthopedics,1,1,1,0,0
PRV-010,2026-02-11,Orthopedics,2,2,2,0,0
PRV-011,2026-02-11,Orthopedics,4,3,2,1,0
PRV-013,2026-02-11,Neurology,6,5,4,1,0
PRV-014,2026-02-11,Neurology,1,1,1,0,0
PRV-015,2026-02-11,Gastroenterology,1,1,1,0,0
PRV-016,2026-02-11,Gastroenterology,4,4,4,0,0
PRV-018,2026-02-11,Gastroenterology,2,2,2,0,0
PRV-019,2026-02-11,Pulmonology,6,4,4,0,0
PRV-020,2026-02-11,Pulmonology,2,2,1,0,1
PRV-021,2026-02-11,Pulmonology,3,3,2,1,0
PRV-022,2026-02-11,Pulmonology,2,2,2,0,0
PRV-001,2026-02-12,Cardiology,4,3,3,0,0
PRV-002,2026-02-12,Cardiology,5,4,3,1,0
PRV-003,2026-02-12,Cardiology,3,3,2,1,0
PRV-004,2026-02-12,Cardiology,4,4,2,0,2
PRV-005,2026-02-12,Endocrinology,3,3,0,2,1
PRV-006,2026-02-12,Endocrinology,3,3,3,0,0
PRV-007,2026-02-12,Endocrinology,1,1,1,0,0
PRV-008,2026-02-12,Orthopedics,1,1,0,0,1
PRV-009,2026-02-12,Orthopedics,1,1,1,0,0
PRV-010,2026-02-12,Orthopedics,4,4,3,1,0
PRV-011,2026-02-12,Orthopedics,4,3,3,0,0
PRV-012,2026-02-12,Neurology,1,1,1,0,0
PRV-013,2026-02-12,Neurology,2,2,2,0,0
PRV-014,2026-02-12,Neurology,3,3,2,1,0
PRV-015,2026-02-12,Gastroenterology,3,3,3,0,0
PRV-017,2026-02-12,Gastroenterology,3,3,3,0,0
PRV-018,2026-02-12,Gastroenterology,2,2,2,0,0
PRV-019,2026-02-12,Pulmonology,4,3,3,0,0
PRV-020,2026-02-12,Pulmonology,9,7,5,1,1
PRV-021,2026-02-12,Pulmonology,1,1,1,0,0
PRV-022,2026-02-12,Pulmonology,1,1,1,0,0
PRV-001,2026-02-13,Cardiology,1,1,0,1,0
PRV-003,2026-02-13,Cardiology,3,3,3,0,0
PRV-004,2026-02-13,Cardiology,3,3,3,0,0
PRV-005,2026-02-13,Endocrinology,8,7,5,1,1
PRV-006,2026-02-13,Endocrinology,2,2,1,1,0
PRV-007,2026-02-13,Endocrinology,3,3,3,0,0
PRV-008,2026-02-13,Orthopedics,10,8,8,0,0
PRV-009,2026-02-13,Orthopedics,3,2,2,0,0
PRV-010,2026-02-13,Orthopedics,4,4,4,0,0
PRV-011,2026-02-13,Orthopedics,5,4,4,0,0
PRV-012,2026-02-13,Neurology,1,1,0,0,1
PRV-013,2026-02-13,Neurology,7,6,6,0,0
PRV-014,2026-02-13,Neurology,1,1,1,0,0
PRV-015,2026-02-13,Gastroenterology,5,5,4,0,1
PRV-016,2026-02-13,Gastroenterology,2,2,2,0,0
PRV-017,2026-02-13,Gastroenterology,1,1,1,0,0
PRV-018,2026-02-13,Gastroenterology,3,3,3,0,0
PRV-019,2026-02-13,Pulmonology,6,4,3,1,0
PRV-020,2026-02-13,Pulmonology,9,7,5,1,1
PRV-021,2026-02-13,Pulmonology,3,3,2,1,0
PRV-022,2026-02-13,Pulmonology,5,4,4,0,0
PRV-002,2026-02-14,Cardiology,1,1,0,0,1
PRV-003,2026-02-14,Cardiology,4,4,3,1,0
PRV-004,2026-02-14,Cardiology,2,2,2,0,0
PRV-005,2026-02-14,Endocrinology,5,4,4,0,0
PRV-006,2026-02-14,Endocrinology,6,6,5,1,0
PRV-007,2026-02-14,Endocrinology,1,1,0,1,0
PRV-008,2026-02-14,Orthopedics,4,3,3,0,0
PRV-009,2026-02-14,Orthopedics,3,2,1,1,0
PRV-010,2026-02-14,Orthopedics,1,1,0,0,1
PRV-011,2026-02-14,Orthopedics,5,4,3,1,0
PRV-013,2026-02-14,Neurology,2,2,2,0,0
PRV-014,2026-02-14,Neurology,3,3,2,1,0
PRV-015,2026-02-14,Gastroenterology,1,1,1,0,0
PRV-016,2026-02-14,Gastroenterology,1,1,1,0,0
PRV-018,2026-02-14,Gastroenterology,3,3,3,0,0
PRV-020,2026-02-14,Pulmonology,2,2,1,1,0
PRV-021,2026-02-14,Pulmonology,2,2,2,0,0
PRV-022,2026-02-14,Pulmonology,9,7,5,1,1
PRV-001,2026-02-15,Cardiology,5,4,3,0,1
PRV-002,2026-02-15,Cardiology,1,1,1,0,0
PRV-003,2026-02-15,Cardiology,1,1,1,0,0
PRV-004,2026-02-15,Cardiology,3,3,3,0,0
PRV-005,2026-02-15,Endocrinology,3,3,3,0,0
PRV-006,2026-02-15,Endocrinology,2,2,1,1,0
PRV-007,2026-02-15,Endocrinology,6,5,3,0,2
PRV-008,2026-02-15,Orthopedics,4,3,3,0,0
PRV-010,2026-02-15,Orthopedics,2,2,2,0,0
PRV-011,2026-02-15,Orthopedics,4,3,3,0,0
PRV-012,2026-02-15,Neurology,2,2,2,0,0
PRV-013,2026-02-15,Neurology,5,4,2,0,2
PRV-015,2026-02-15,Gastroenterology,1,1,0,1,0
PRV-016,2026-02-15,Gastroenterology,4,4,3,0,1
PRV-017,2026-02-15,Gastroenterology,1,1,1,0,0
PRV-018,2026-02-15,Gastroenterology,5,5,5,0,0
PRV-019,2026-02-15,Pulmonology,7,5,3,2,0
PRV-020,2026-02-15,Pulmonology,11,9,9,0,0
PRV-021,2026-02-15,Pulmonology,5,5,5,0,0
PRV-022,2026-02-15,Pulmonology,8,6,4,0,2
PRV-001,2026-02-16,Cardiology,4,3,3,0,0
PRV-002,2026-02-16,Cardiology,5,4,2,1,1
PRV-003,2026-02-16,Cardiology,3,3,3,0,0
PRV-004,2026-02-16,Cardiology,2,2,2,0,0
PRV-005,2026-02-16,Endocrinology,1,1,1,0,0
PRV-006,2026-02-16,Endocrinology,2,2,1,1,0
PRV-007,2026-02-16,Endocrinology,2,2,2,0,0
PRV-008,2026-02-16,Orthopedics,8,6,5,1,0
PRV-009,2026-02-16,Orthopedics,3,2,2,0,0
PRV-010,2026-02-16,Orthopedics,4,4,3,1,0
PRV-011,2026-02-16,Orthopedics,4,3,3,0,0
PRV-012,2026-02-16,Neurology,1,1,1,0,0
PRV-013,2026-02-16,Neurology,4,3,3,0,0
PRV-014,2026-02-16,Neurology,2,2,1,0,1
PRV-015,2026-02-16,Gastroenterology,2,2,2,0,0
PRV-016,2026-02-16,Gastroenterology,2,2,2,0,0
PRV-018,2026-02-16,Gastroenterology,3,3,2,1,0
PRV-019,2026-02-16,Pulmonology,4,3,3,0,0
PRV-020,2026-02-16,Pulmonology,6,5,3,0,2
PRV-021,2026-02-16,Pulmonology,4,4,3,0,1
PRV-022,2026-02-16,Pulmonology,6,5,3,0,2
PRV-001,2026-02-17,Cardiology,3,2,2,0,0
PRV-002,2026-02-17,Cardiology,1,1,1,0,0
PRV-003,2026-02-17,Cardiology,7,6,5,1,0
PRV-004,2026-02-17,Cardiology,2,2,2,0,0
PRV-006,2026-02-17,Endocrinology,4,4,4,0,0
PRV-007,2026-02-17,Endocrinology,2,2,1,1,0
PRV-008,2026-02-17,Orthopedics,8,6,5,1,0
PRV-010,2026-02-17,Orthopedics,4,4,4,0,0
PRV-011,2026-02-17,Orthopedics,12,9,8,0,1
PRV-012,2026-02-17,Neurology,2,2,1,1,0
PRV-013,2026-02-17,Neurology,2,2,1,1,0
PRV-014,2026-02-17,Neurology,3,3,1,1,1
PRV-015,2026-02-17,Gastroenterology,4,4,4,0,0
PRV-016,2026-02-17,Gastroenterology,1,1,1,0,0
PRV-017,2026-02-17,Gastroenterology,2,2,2,0,0
PRV-018,2026-02-17,Gastroenterology,5,5,3,1,1
PRV-019,2026-02-17,Pulmonology,7,5,4,1,0
PRV-020,2026-02-17,Pulmonology,6,5,4,1,0
PRV-021,2026-02-17,Pulmonology,6,6,6,0,0
PRV-022,2026-02-17,Pulmonology,8,6,5,0,1
PRV-001,2026-02-18,Cardiology,5,4,4,0,0
PRV-002,2026-02-18,Cardiology,1,1,1,0,0
PRV-003,2026-02-18,Cardiology,2,2,2,0,0
PRV-004,2026-02-18,Cardiology,3,3,1,2,0
PRV-005,2026-02-18,Endocrinology,5,4,4,0,0
PRV-006,2026-02-18,Endocrinology,5,5,3,2,0
PRV-007,2026-02-18,Endocrinology,2,2,0,2,0
PRV-008,2026-02-18,Orthopedics,4,3,2,1,0
PRV-009,2026-02-18,Orthopedics,4,3,3,0,0
PRV-010,2026-02-18,Orthopedics,4,4,3,1,0
PRV-011,2026-02-18,Orthopedics,12,9,9,0,0
PRV-012,2026-02-18,Neurology,4,3,2,1,0
PRV-014,2026-02-18,Neurology,2,2,2,0,0
PRV-015,2026-02-18,Gastroenterology,2,2,1,0,1
PRV-016,2026-02-18,Gastroenterology,2,2,1,1,0
PRV-017,2026-02-18,Gastroenterology,4,4,4,0,0
PRV-018,2026-02-18,Gastroenterology,4,4,3,1,0
PRV-019,2026-02-18,Pulmonology,11,8,6,1,1
PRV-020,2026-02-18,Pulmonology,7,6,5,0,1
PRV-021,2026-02-18,Pulmonology,4,4,3,0,1
PRV-022,2026-02-18,Pulmonology,5,4,4,0,0
PRV-001,2026-02-19,Cardiology,1,1,1,0,0
PRV-002,2026-02-19,Cardiology,2,2,2,0,0
PRV-003,2026-02-19,Cardiology,3,3,2,1,0
PRV-004,2026-02-19,Cardiology,2,2,2,0,0
PRV-005,2026-02-19,Endocrinology,3,3,3,0,0
PRV-006,2026-02-19,Endocrinology,7,7,5,2,0
PRV-007,2026-02-19,Endocrinology,5,4,3,1,0
PRV-008,2026-02-19,Orthopedics,4,3,3,0,0
PRV-009,2026-02-19,Orthopedics,5,4,2,1,1
PRV-010,2026-02-19,Orthopedics,4,4,3,1,0
PRV-011,2026-02-19,Orthopedics,5,4,4,0,0
PRV-012,2026-02-19,Neurology,2,2,1,0,1
PRV-013,2026-02-19,Neurology,2,2,2,0,0
PRV-014,2026-02-19,Neurology,1,1,1,0,0
PRV-015,2026-02-19,Gastroenterology,4,4,4,0,0
PRV-016,2026-02-19,Gastroenterology,2,2,2,0,0
PRV-017,2026-02-19,Gastroenterology,2,2,2,0,0
PRV-018,2026-02-19,Gastroenterology,1,1,1,0,0
PRV-019,2026-02-19,Pulmonology,7,5,5,0,0
PRV-020,2026-02-19,Pulmonology,7,6,5,1,0
PRV-021,2026-02-19,Pulmonology,6,6,6,0,0
PRV-022,2026-02-19,Pulmonology,1,1,1,0,0
PRV-001,2026-02-20,Cardiology,5,4,4,0,0
PRV-003,2026-02-20,Cardiology,4,4,3,0,1
PRV-004,2026-02-20,Cardiology,4,4,4,0,0
PRV-005,2026-02-20,Endocrinology,1,1,1,0,0
PRV-006,2026-02-20,Endocrinology,2,2,1,1,0
PRV-007,2026-02-20,Endocrinology,2,2,2,0,0
PRV-008,2026-02-20,Orthopedics,1,1,1,0,0
PRV-009,2026-02-20,Orthopedics,4,3,3,0,0
PRV-010,2026-02-20,Orthopedics,7,7,4,2,1
PRV-011,2026-02-20,Orthopedics,5,4,3,1,0
PRV-012,2026-02-20,Neurology,4,3,3,0,0
PRV-013,2026-02-20,Neurology,1,1,0,0,1
PRV-014,2026-02-20,Neurology,2,2,2,0,0
PRV-015,2026-02-20,Gastroenterology,1,1,1,0,0
PRV-016,2026-02-20,Gastroenterology,3,3,2,1,0
PRV-018,2026-02-20,Gastroenterology,4,4,2,2,0
PRV-019,2026-02-20,Pulmonology,6,4,3,1,0
PRV-020,2026-02-20,Pulmonology,5,4,4,0,0
PRV-021,2026-02-20,Pulmonology,3,3,3,0,0
PRV-022,2026-02-20,Pulmonology,6,5,4,0,1
PRV-001,2026-02-21,Cardiology,1,1,1,0,0
PRV-002,2026-02-21,Cardiology,1,1,1,0,0
PRV-003,2026-02-21,Cardiology,5,5,4,1,0
PRV-004,2026-02-21,Cardiology,2,2,1,0,1
PRV-005,2026-02-21,Endocrinology,3,3,1,0,2
PRV-006,2026-02-21,Endocrinology,3,3,3,0,0
PRV-007,2026-02-21,Endocrinology,3,3,3,0,0
PRV-008,2026-02-21,Orthopedics,8,6,5,0,1
PRV-010,2026-02-21,Orthopedics,5,5,5,0,0
PRV-011,2026-02-21,Orthopedics,6,5,5,0,0
PRV-012,2026-02-21,Neurology,4,3,1,1,1
PRV-015,2026-02-21,Gastroenterology,2,2,2,0,0
PRV-016,2026-02-21,Gastroenterology,2,2,2,0,0
PRV-017,2026-02-21,Gastroenterology,2,2,2,0,0
PRV-018,2026-02-21,Gastroenterology,6,6,4,2,0
PRV-019,2026-02-21,Pulmonology,6,4,3,1,0
PRV-020,2026-02-21,Pulmonology,9,7,6,1,0
PRV-021,2026-02-21,Pulmonology,4,4,4,0,0
PRV-022,2026-02-21,Pulmonology,5,4,4,0,0
PRV-001,2026-02-22,Cardiology,4,3,2,1,0
PRV-003,2026-02-22,Cardiology,5,5,3,1,1
PRV-004,2026-02-22,Cardiology,3,3,2,1,0
PRV-005,2026-02-22,Endocrinology,6,5,3,0,2
PRV-006,2026-02-22,Endocrinology,2,2,1,0,1
PRV-007,2026-02-22,Endocrinology,5,4,2,2,0
PRV-008,2026-02-22,Orthopedics,1,1,1,0,0
PRV-009,2026-02-22,Orthopedics,3,2,1,1,0
PRV-010,2026-02-22,Orthopedics,4,4,1,1,2
PRV-011,2026-02-22,Orthopedics,13,10,9,1,0
PRV-012,2026-02-22,Neurology,2,2,1,1,0
PRV-013,2026-02-22,Neurology,1,1,1,0,0
PRV-014,2026-02-22,Neurology,6,5,5,0,0
PRV-015,2026-02-22,Gastroenterology,3,3,3,0,0
PRV-016,2026-02-22,Gastroenterology,3,3,1,1,1
PRV-017,2026-02-22,Gastroenterology,2,2,1,1,0
PRV-018,2026-02-22,Gastroenterology,1,1,1,0,0
PRV-019,2026-02-22,Pulmonology,4,3,3,0,0
PRV-020,2026-02-22,Pulmonology,9,7,5,1,1
PRV-021,2026-02-22,Pulmonology,5,5,4,0,1
PRV-022,2026-02-22,Pulmonology,5,4,3,1,0
PRV-001,2026-02-23,Cardiology,4,3,2,0,1
PRV-002,2026-02-23,Cardiology,1,1,1,0,0
PRV-003,2026-02-23,Cardiology,7,6,5,1,0
PRV-004,2026-02-23,Cardiology,2,2,2,0,0
PRV-005,2026-02-23,Endocrinology,2,2,2,0,0
PRV-006,2026-02-23,Endocrinology,2,2,1,1,0
PRV-007,2026-02-23,Endocrinology,1,1,1,0,0
PRV-008,2026-02-23,Orthopedics,6,5,5,0,0
PRV-009,2026-02-23,Orthopedics,4,3,2,1,0
PRV-010,2026-02-23,Orthopedics,4,4,4,0,0
PRV-011,2026-02-23,Orthopedics,5,4,4,0,0
PRV-012,2026-02-23,Neurology,2,2,1,1,0
PRV-013,2026-02-23,Neurology,2,2,1,1,0
PRV-014,2026-02-23,Neurology,3,3,3,0,0
PRV-015,2026-02-23,Gastroenterology,4,4,4,0,0
PRV-016,2026-02-23,Gastroenterology,1,1,1,0,0
PRV-017,2026-02-23,Gastroenterology,7,6,6,0,0
PRV-018,2026-02-23,Gastroenterology,4,4,4,0,0
PRV-019,2026-02-23,Pulmonology,11,8,7,0,1
PRV-020,2026-02-23,Pulmonology,5,4,2,0,2
PRV-022,2026-02-23,Pulmonology,8,6,4,1,1
PRV-001,2026-02-24,Cardiology,4,3,2,0,1
PRV-002,2026-02-24,Cardiology,5,4,4,0,0
PRV-003,2026-02-24,Cardiology,1,1,1,0,0
PRV-004,2026-02-24,Cardiology,4,4,3,1,0
PRV-005,2026-02-24,Endocrinology,1,1,0,0,1
PRV-006,2026-02-24,Endocrinology,4,4,4,0,0
PRV-007,2026-02-24,Endocrinology,3,3,1,1,1
PRV-008,2026-02-24,Orthopedics,4,3,3,0,0
PRV-009,2026-02-24,Orthopedics,1,1,1,0,0
PRV-010,2026-02-24,Orthopedics,4,4,4,0,0
PRV-011,2026-02-24,Orthopedics,4,3,3,0,0
PRV-013,2026-02-24,Neurology,2,2,1,1,0
PRV-014,2026-02-24,Neurology,3,3,2,0,1
PRV-015,2026-02-24,Gastroenterology,3,3,1,1,1
PRV-016,2026-02-24,Gastroenterology,2,2,2,0,0
PRV-017,2026-02-24,Gastroenterology,3,3,2,1,0
PRV-018,2026-02-24,Gastroenterology,1,1,1,0,0
PRV-019,2026-02-24,Pulmonology,10,7,6,1,0
PRV-020,2026-02-24,Pulmonology,7,6,5,0,1
PRV-021,2026-02-24,Pulmonology,3,3,3,0,0
PRV-022,2026-02-24,Pulmonology,6,5,5,0,0
PRV-001,2026-02-25,Cardiology,4,3,2,0,1
PRV-003,2026-02-25,Cardiology,2,2,2,0,0
PRV-004,2026-02-25,Cardiology,2,2,1,1,0
PRV-005,2026-02-25,Endocrinology,3,3,3,0,0
PRV-006,2026-02-25,Endocrinology,5,5,4,0,1
PRV-007,2026-02-25,Endocrinology,1,1,1,0,0
PRV-008,2026-02-25,Orthopedics,5,4,4,0,0
PRV-009,2026-02-25,Orthopedics,4,3,1,0,2
PRV-010,2026-02-25,Orthopedics,3,3,2,0,1
PRV-011,2026-02-25,Orthopedics,5,4,3,1,0
PRV-013,2026-02-25,Neurology,2,2,2,0,0
PRV-014,2026-02-25,Neurology,3,3,2,1,0
PRV-015,2026-02-25,Gastroenterology,1,1,1,0,0
PRV-016,2026-02-25,Gastroenterology,7,6,5,0,1
PRV-017,2026-02-25,Gastroenterology,7,6,4,2,0
PRV-018,2026-02-25,Gastroenterology,5,5,5,0,0
PRV-019,2026-02-25,Pulmonology,3,2,2,0,0
PRV-020,2026-02-25,Pulmonology,9,7,5,2,0
PRV-021,2026-02-25,Pulmonology,3,3,3,0,0
PRV-022,2026-02-25,Pulmonology,2,2,2,0,0
PRV-002,2026-02-26,Cardiology,2,2,2,0,0
PRV-003,2026-02-26,Cardiology,7,6,4,1,1
PRV-004,2026-02-26,Cardiology,2,2,2,0,0
PRV-005,2026-02-26,Endocrinology,6,5,3,1,1
PRV-006,2026-02-26,Endocrinology,4,4,2,2,0
PRV-008,2026-02-26,Orthopedics,3,2,2,0,0
PRV-009,2026-02-26,Orthopedics,5,4,4,0,0
PRV-010,2026-02-26,Orthopedics,2,2,2,0,0
PRV-011,2026-02-26,Orthopedics,8,6,4,0,2
PRV-013,2026-02-26,Neurology,7,6,4,2,0
PRV-016,2026-02-26,Gastroenterology,2,2,2,0,0
PRV-017,2026-02-26,Gastroenterology,4,4,3,0,1
PRV-018,2026-02-26,Gastroenterology,2,2,2,0,0
PRV-019,2026-02-26,Pulmonology,6,4,3,1,0
PRV-020,2026-02-26,Pulmonology,6,5,3,1,1
PRV-021,2026-02-26,Pulmonology,2,2,1,1,0
PRV-022,2026-02-26,Pulmonology,1,1,1,0,0
PRV-001,2026-02-27,Cardiology,3,2,2,0,0
PRV-002,2026-02-27,Cardiology,6,5,4,1,0
PRV-004,2026-02-27,Cardiology,2,2,2,0,0
PRV-005,2026-02-27,Endocrinology,3,3,2,0,1
PRV-006,2026-02-27,Endocrinology,2,2,2,0,0
PRV-007,2026-02-27,Endocrinology,7,6,4,1,1
PRV-008,2026-02-27,Orthopedics,8,6,5,1,0
PRV-009,2026-02-27,Orthopedics,4,3,3,0,0
PRV-010,2026-02-27,Orthopedics,5,5,3,0,2
PRV-011,2026-02-27,Orthopedics,6,5,5,0,0
PRV-012,2026-02-27,Neurology,2,2,1,0,1
PRV-013,2026-02-27,Neurology,5,4,3,0,1
PRV-014,2026-02-27,Neurology,2,2,2,0,0
PRV-015,2026-02-27,Gastroenterology,2,2,2,0,0
PRV-017,2026-02-27,Gastroenterology,2,2,2,0,0
PRV-018,2026-02-27,Gastroenterology,2,2,2,0,0
PRV-019,2026-02-27,Pulmonology,8,6,6,0,0
PRV-020,2026-02-27,Pulmonology,6,5,5,0,0
PRV-021,2026-02-27,Pulmonology,5,5,5,0,0
PRV-022,2026-02-27,Pulmonology,4,3,2,1,0
PRV-001,2026-02-28,Cardiology,1,1,1,0,0
PRV-002,2026-02-28,Cardiology,2,2,2,0,0
PRV-003,2026-02-28,Cardiology,5,5,4,0,1
PRV-004,2026-02-28,Cardiology,3,3,3,0,0
PRV-005,2026-02-28,Endocrinology,7,6,3,1,2
PRV-006,2026-02-28,Endocrinology,3,3,2,1,0
PRV-007,2026-02-28,Endocrinology,3,3,2,0,1
PRV-008,2026-02-28,Orthopedics,1,1,0,1,0
PRV-010,2026-02-28,Orthopedics,4,4,4,0,0
PRV-011,2026-02-28,Orthopedics,8,6,5,0,1
PRV-013,2026-02-28,Neurology,2,2,1,1,0
PRV-014,2026-02-28,Neurology,3,3,3,0,0
PRV-015,2026-02-28,Gastroenterology,2,2,1,1,0
PRV-017,2026-02-28,Gastroenterology,5,5,5,0,0
PRV-018,2026-02-28,Gastroenterology,3,3,1,2,0
PRV-019,2026-02-28,Pulmonology,6,4,4,0,0
PRV-020,2026-02-28,Pulmonology,5,4,4,0,0
PRV-021,2026-02-28,Pulmonology,7,7,5,2,0
PRV-022,2026-02-28,Pulmonology,9,7,7,0,0
PRV-001,2026-03-01,Cardiology,1,1,1,0,0
PRV-002,2026-03-01,Cardiology,2,2,2,0,0
PRV-003,2026-03-01,Cardiology,4,4,2,1,1
PRV-004,2026-03-01,Cardiology,3,3,3,0,0
PRV-005,2026-03-01,Endocrinology,2,2,2,0,0
PRV-007,2026-03-01,Endocrinology,6,5,5,0,0
PRV-008,2026-03-01,Orthopedics,4,3,2,0,1
PRV-009,2026-03-01,Orthopedics,4,3,2,1,0
PRV-010,2026-03-01,Orthopedics,5,5,4,0,1
PRV-011,2026-03-01,Orthopedics,6,5,5,0,0
PRV-012,2026-03-01,Neurology,2,2,1,1,0
PRV-013,2026-03-01,Neurology,4,3,2,0,1
PRV-014,2026-03-01,Neurology,5,4,4,0,0
PRV-015,2026-03-01,Gastroenterology,2,2,1,1,0
PRV-016,2026-03-01,Gastroenterology,4,4,3,1,0
PRV-017,2026-03-01,Gastroenterology,1,1,1,0,0
PRV-018,2026-03-01,Gastroenterology,5,5,3,0,2
PRV-019,2026-03-01,Pulmonology,4,3,1,0,2
PRV-020,2026-03-01,Pulmonology,4,3,3,0,0
PRV-021,2026-03-01,Pulmonology,8,8,7,1,0
PRV-001,2026-03-02,Cardiology,4,3,3,0,0
PRV-002,2026-03-02,Cardiology,1,1,1,0,0
PRV-003,2026-03-02,Cardiology,4,4,4,0,0
PRV-004,2026-03-02,Cardiology,6,6,6,0,0
PRV-005,2026-03-02,Endocrinology,3,3,3,0,0
PRV-006,2026-03-02,Endocrinology,2,2,2,0,0
PRV-007,2026-03-02,Endocrinology,2,2,2,0,0
PRV-008,2026-03-02,Orthopedics,3,2,2,0,0
PRV-009,2026-03-02,Orthopedics,1,1,1,0,0
PRV-010,2026-03-02,Orthopedics,5,5,5,0,0
PRV-011,2026-03-02,Orthopedics,6,5,5,0,0
PRV-012,2026-03-02,Neurology,4,3,2,1,0
PRV-013,2026-03-02,Neurology,6,5,4,1,0
PRV-014,2026-03-02,Neurology,5,4,3,0,1
PRV-015,2026-03-02,Gastroenterology,1,1,0,0,1
PRV-016,2026-03-02,Gastroenterology,2,2,2,0,0
PRV-017,2026-03-02,Gastroenterology,4,4,3,1,0
PRV-018,2026-03-02,Gastroenterology,7,7,6,0,1
PRV-019,2026-03-02,Pulmonology,4,3,2,0,1
PRV-020,2026-03-02,Pulmonology,4,3,2,1,0
PRV-021,2026-03-02,Pulmonology,6,6,5,1,0
PRV-022,2026-03-02,Pulmonology,2,2,1,1,0
PRV-002,2026-03-03,Cardiology,2,2,1,1,0
PRV-003,2026-03-03,Cardiology,7,6,5,0,1
PRV-004,2026-03-03,Cardiology,5,5,4,0,1
PRV-005,2026-03-03,Endocrinology,3,3,2,1,0
PRV-006,2026-03-03,Endocrinology,3,3,3,0,0
PRV-007,2026-03-03,Endocrinology,2,2,2,0,0
PRV-008,2026-03-03,Orthopedics,5,4,4,0,0
PRV-009,2026-03-03,Orthopedics,8,6,6,0,0
PRV-010,2026-03-03,Orthopedics,3,3,2,1,0
PRV-011,2026-03-03,Orthopedics,1,1,1,0,0
PRV-012,2026-03-03,Neurology,6,5,5,0,0
PRV-013,2026-03-03,Neurology,2,2,2,0,0
PRV-014,2026-03-03,Neurology,1,1,1,0,0
PRV-015,2026-03-03,Gastroenterology,5,5,4,1,0
PRV-016,2026-03-03,Gastroenterology,3,3,2,0,1
PRV-017,2026-03-03,Gastroenterology,1,1,1,0,0
PRV-018,2026-03-03,Gastroenterology,2,2,1,0,1
PRV-019,2026-03-03,Pulmonology,4,3,3,0,0
PRV-020,2026-03-03,Pulmonology,4,3,2,0,1
PRV-021,2026-03-03,Pulmonology,5,5,3,1,1
PRV-022,2026-03-03,Pulmonology,8,6,4,1,1
PRV-001,2026-03-04,Cardiology,11,8,5,3,0
PRV-002,2026-03-04,Cardiology,1,1,1,0,0
PRV-003,2026-03-04,Cardiology,3,3,0,2,1
PRV-004,2026-03-04,Cardiology,2,2,2,0,0
PRV-005,2026-03-04,Endocrinology,1,1,1,0,0
PRV-006,2026-03-04,Endocrinology,2,2,2,0,0
PRV-007,2026-03-04,Endocrinology,2,2,2,0,0
PRV-008,2026-03-04,Orthopedics,6,5,5,0,0
PRV-009,2026-03-04,Orthopedics,1,1,1,0,0
PRV-010,2026-03-04,Orthopedics,6,6,6,0,0
PRV-011,2026-03-04,Orthopedics,9,7,5,0,2
PRV-013,2026-03-04,Neurology,4,3,3,0,0
PRV-014,2026-03-04,Neurology,3,3,3,0,0
PRV-015,2026-03-04,Gastroenterology,3,3,3,0,0
PRV-016,2026-03-04,Gastroenterology,2,2,0,1,1
PRV-017,2026-03-04,Gastroenterology,3,3,3,0,0
PRV-018,2026-03-04,Gastroenterology,5,5,3,2,0
PRV-019,2026-03-04,Pulmonology,7,5,5,0,0
PRV-020,2026-03-04,Pulmonology,7,6,6,0,0
PRV-021,2026-03-04,Pulmonology,9,9,8,1,0
PRV-022,2026-03-04,Pulmonology,8,6,4,1,1
PRV-001,2026-03-05,Cardiology,1,1,1,0,0
PRV-002,2026-03-05,Cardiology,2,2,2,0,0
PRV-003,2026-03-05,Cardiology,1,1,1,0,0
PRV-004,2026-03-05,Cardiology,5,5,4,1,0
PRV-005,2026-03-05,Endocrinology,9,8,8,0,0
PRV-006,2026-03-05,Endocrinology,6,6,2,1,3
PRV-007,2026-03-05,Endocrinology,6,5,5,0,0
PRV-008,2026-03-05,Orthopedics,1,1,1,0,0
PRV-010,2026-03-05,Orthopedics,3,3,2,0,1
PRV-011,2026-03-05,Orthopedics,8,6,6,0,0
PRV-012,2026-03-05,Neurology,5,4,3,0,1
PRV-014,2026-03-05,Neurology,1,1,0,1,0
PRV-015,2026-03-05,Gastroenterology,3,3,3,0,0
PRV-016,2026-03-05,Gastroenterology,3,3,2,0,1
PRV-017,2026-03-05,Gastroenterology,5,5,3,2,0
PRV-018,2026-03-05,Gastroenterology,2,2,2,0,0
PRV-019,2026-03-05,Pulmonology,6,4,1,2,1
PRV-020,2026-03-05,Pulmonology,6,5,5,0,0
PRV-021,2026-03-05,Pulmonology,3,3,3,0,0
PRV-022,2026-03-05,Pulmonology,2,2,2,0,0
PRV-001,2026-03-06,Cardiology,4,3,1,2,0
PRV-002,2026-03-06,Cardiology,2,2,2,0,0
PRV-003,2026-03-06,Cardiology,7,6,3,1,2
PRV-004,2026-03-06,Cardiology,4,4,4,0,0
PRV-005,2026-03-06,Endocrinology,7,6,3,2,1
PRV-006,2026-03-06,Endocrinology,5,5,4,0,1
PRV-007,2026-03-06,Endocrinology,6,5,5,0,0
PRV-009,2026-03-06,Orthopedics,1,1,1,0,0
PRV-010,2026-03-06,Orthopedics,5,5,4,1,0
PRV-011,2026-03-06,Orthopedics,4,3,2,1,0
PRV-012,2026-03-06,Neurology,5,4,4,0,0
PRV-013,2026-03-06,Neurology,2,2,2,0,0
PRV-014,2026-03-06,Neurology,8,7,6,0,1
PRV-015,2026-03-06,Gastroenterology,7,6,4,1,1
PRV-016,2026-03-06,Gastroenterology,2,2,2,0,0
PRV-017,2026-03-06,Gastroenterology,1,1,0,1,0
PRV-018,2026-03-06,Gastroenterology,3,3,2,1,0
PRV-019,2026-03-06,Pulmonology,6,4,3,1,0
PRV-020,2026-03-06,Pulmonology,7,6,5,0,1
PRV-021,2026-03-06,Pulmonology,5,5,4,1,0
PRV-022,2026-03-06,Pulmonology,2,2,2,0,0
PRV-001,2026-03-07,Cardiology,3,2,2,0,0
PRV-002,2026-03-07,Cardiology,1,1,1,0,0
PRV-003,2026-03-07,Cardiology,1,1,1,0,0
PRV-004,2026-03-07,Cardiology,3,3,3,0,0
PRV-005,2026-03-07,Endocrinology,8,7,7,0,0
PRV-006,2026-03-07,Endocrinology,5,5,4,1,0
PRV-007,2026-03-07,Endocrinology,6,5,4,1,0
PRV-008,2026-03-07,Orthopedics,4,3,1,1,1
PRV-009,2026-03-07,Orthopedics,1,1,1,0,0
PRV-010,2026-03-07,Orthopedics,7,7,7,0,0
PRV-011,2026-03-07,Orthopedics,4,3,2,1,0
PRV-012,2026-03-07,Neurology,2,2,1,0,1
PRV-013,2026-03-07,Neurology,6,5,4,1,0
PRV-014,2026-03-07,Neurology,6,5,3,0,2
PRV-015,2026-03-07,Gastroenterology,7,6,4,1,1
PRV-016,2026-03-07,Gastroenterology,4,4,2,2,0
PRV-017,2026-03-07,Gastroenterology,1,1,1,0,0
PRV-019,2026-03-07,Pulmonology,7,5,3,0,2
PRV-020,2026-03-07,Pulmonology,2,2,2,0,0
PRV-021,2026-03-07,Pulmonology,2,2,2,0,0
PRV-022,2026-03-07,Pulmonology,5,4,2,1,1
PRV-001,2026-03-08,Cardiology,5,4,3,0,1
PRV-003,2026-03-08,Cardiology,4,4,2,1,1
PRV-004,2026-03-08,Cardiology,1,1,0,1,0
PRV-005,2026-03-08,Endocrinology,2,2,0,1,1
PRV-006,2026-03-08,Endocrinology,6,6,6,0,0
PRV-007,2026-03-08,Endocrinology,8,7,5,2,0
PRV-008,2026-03-08,Orthopedics,1,1,0,1,0
PRV-009,2026-03-08,Orthopedics,4,3,3,0,0
PRV-010,2026-03-08,Orthopedics,1,1,1,0,0
PRV-011,2026-03-08,Orthopedics,4,3,3,0,0
PRV-012,2026-03-08,Neurology,4,3,2,1,0
PRV-013,2026-03-08,Neurology,6,5,4,0,1
PRV-014,2026-03-08,Neurology,7,6,4,2,0
PRV-015,2026-03-08,Gastroenterology,3,3,2,1,0
PRV-016,2026-03-08,Gastroenterology,3,3,2,1,0
PRV-017,2026-03-08,Gastroenterology,3,3,2,0,1
PRV-018,2026-03-08,Gastroenterology,1,1,1,0,0
PRV-019,2026-03-08,Pulmonology,8,6,4,1,1
PRV-020,2026-03-08,Pulmonology,9,7,7,0,0
PRV-021,2026-03-08,Pulmonology,5,5,5,0,0
PRV-022,2026-03-08,Pulmonology,10,8,8,0,0
PRV-001,2026-03-09,Cardiology,4,3,3,0,0
PRV-002,2026-03-09,Cardiology,2,2,0,2,0
PRV-003,2026-03-09,Cardiology,5,5,4,0,1
PRV-004,2026-03-09,Cardiology,1,1,1,0,0
PRV-005,2026-03-09,Endocrinology,3,3,3,0,0
PRV-006,2026-03-09,Endocrinology,5,5,5,0,0
PRV-007,2026-03-09,Endocrinology,3,3,3,0,0
PRV-008,2026-03-09,Orthopedics,3,2,0,1,1
PRV-009,2026-03-09,Orthopedics,4,3,2,1,0
PRV-010,2026-03-09,Orthopedics,4,4,4,0,0
PRV-011,2026-03-09,Orthopedics,10,8,5,2,1
PRV-012,2026-03-09,Neurology,1,1,1,0,0
PRV-013,2026-03-09,Neurology,4,3,2,0,1
PRV-014,2026-03-09,Neurology,5,4,3,0,1
PRV-015,2026-03-09,Gastroenterology,1,1,0,0,1
PRV-016,2026-03-09,Gastroenterology,6,5,5,0,0
PRV-017,2026-03-09,Gastroenterology,2,2,1,1,0
PRV-018,2026-03-09,Gastroenterology,2,2,0,2,0
PRV-019,2026-03-09,Pulmonology,3,2,2,0,0
PRV-020,2026-03-09,Pulmonology,6,5,5,0,0
PRV-021,2026-03-09,Pulmonology,7,7,6,0,1
PRV-022,2026-03-09,Pulmonology,6,5,4,1,0
PRV-001,2026-03-10,Cardiology,8,6,5,1,0
PRV-002,2026-03-10,Cardiology,1,1,1,0,0
PRV-003,2026-03-10,Cardiology,8,7,6,1,0
PRV-004,2026-03-10,Cardiology,4,4,3,1,0
PRV-005,2026-03-10,Endocrinology,3,3,2,0,1
PRV-006,2026-03-10,Endocrinology,4,4,4,0,0
PRV-007,2026-03-10,Endocrinology,6,5,3,2,0
PRV-008,2026-03-10,Orthopedics,4,3,3,0,0
PRV-009,2026-03-10,Orthopedics,1,1,1,0,0
PRV-010,2026-03-10,Orthopedics,4,4,3,0,1
PRV-011,2026-03-10,Orthopedics,5,4,3,0,1
PRV-012,2026-03-10,Neurology,4,3,1,1,1
PRV-013,2026-03-10,Neurology,5,4,1,1,2
PRV-014,2026-03-10,Neurology,3,3,3,0,0
PRV-015,2026-03-10,Gastroenterology,4,4,3,1,0
PRV-016,2026-03-10,Gastroenterology,2,2,1,1,0
PRV-017,2026-03-10,Gastroenterology,3,3,1,2,0
PRV-018,2026-03-10,Gastroenterology,7,7,5,1,1
PRV-019,2026-03-10,Pulmonology,8,6,5,0,1
PRV-020,2026-03-10,Pulmonology,5,4,4,0,0
PRV-021,2026-03-10,Pulmonology,1,1,0,1,0
PRV-022,2026-03-10,Pulmonology,4,3,2,1,0
PRV-001,2026-03-11,Cardiology,3,2,1,1,0
PRV-002,2026-03-11,Cardiology,1,1,1,0,0
PRV-003,2026-03-11,Cardiology,4,4,3,1,0
PRV-004,2026-03-11,Cardiology,2,2,1,1,0
PRV-005,2026-03-11,Endocrinology,2,2,2,0,0
PRV-006,2026-03-11,Endocrinology,5,5,4,1,0
PRV-007,2026-03-11,Endocrinology,5,4,3,0,1
PRV-008,2026-03-11,Orthopedics,4,3,3,0,0
PRV-010,2026-03-11,Orthopedics,2,2,2,0,0
PRV-011,2026-03-11,Orthopedics,5,4,4,0,0
PRV-012,2026-03-11,Neurology,6,5,4,1,0
PRV-014,2026-03-11,Neurology,2,2,1,0,1
PRV-015,2026-03-11,Gastroenterology,3,3,2,1,0
PRV-016,2026-03-11,Gastroenterology,1,1,0,0,1
PRV-017,2026-03-11,Gastroenterology,7,6,6,0,0
PRV-018,2026-03-11,Gastroenterology,4,4,4,0,0
PRV-019,2026-03-11,Pulmonology,3,2,0,1,1
PRV-020,2026-03-11,Pulmonology,15,12,11,1,0
PRV-021,2026-03-11,Pulmonology,2,2,2,0,0
PRV-022,2026-03-11,Pulmonology,4,3,3,0,0
PRV-001,2026-03-12,Cardiology,1,1,1,0,0
PRV-002,2026-03-12,Cardiology,1,1,1,0,0
PRV-003,2026-03-12,Cardiology,7,6,4,1,1
PRV-004,2026-03-12,Cardiology,3,3,3,0,0
PRV-005,2026-03-12,Endocrinology,2,2,2,0,0
PRV-006,2026-03-12,Endocrinology,5,5,5,0,0
PRV-007,2026-03-12,Endocrinology,3,3,3,0,0
PRV-008,2026-03-12,Orthopedics,4,3,3,0,0
PRV-009,2026-03-12,Orthopedics,3,2,2,0,0
PRV-010,2026-03-12,Orthopedics,6,6,6,0,0
PRV-011,2026-03-12,Orthopedics,8,6,6,0,0
PRV-012,2026-03-12,Neurology,2,2,1,0,1
PRV-013,2026-03-12,Neurology,1,1,1,0,0
PRV-014,2026-03-12,Neurology,3,3,3,0,0
PRV-015,2026-03-12,Gastroenterology,4,4,4,0,0
PRV-016,2026-03-12,Gastroenterology,1,1,1,0,0
PRV-017,2026-03-12,Gastroenterology,4,4,4,0,0
PRV-018,2026-03-12,Gastroenterology,7,7,6,0,1
PRV-019,2026-03-12,Pulmonology,1,1,1,0,0
PRV-020,2026-03-12,Pulmonology,2,2,1,0,1
PRV-021,2026-03-12,Pulmonology,4,4,1,1,2
PRV-022,2026-03-12,Pulmonology,6,5,2,2,1
PRV-002,2026-03-13,Cardiology,5,4,2,0,2
PRV-003,2026-03-13,Cardiology,4,4,3,1,0
PRV-004,2026-03-13,Cardiology,5,5,5,0,0
PRV-005,2026-03-13,Endocrinology,3,3,3,0,0
PRV-006,2026-03-13,Endocrinology,5,5,5,0,0
PRV-007,2026-03-13,Endocrinology,5,4,4,0,0
PRV-008,2026-03-13,Orthopedics,3,2,2,0,0
PRV-009,2026-03-13,Orthopedics,1,1,1,0,0
PRV-010,2026-03-13,Orthopedics,9,9,8,1,0
PRV-011,2026-03-13,Orthopedics,8,6,5,0,1
PRV-012,2026-03-13,Neurology,1,1,1,0,0
PRV-013,2026-03-13,Neurology,5,4,4,0,0
PRV-014,2026-03-13,Neurology,2,2,2,0,0
PRV-015,2026-03-13,Gastroenterology,2,2,2,0,0
PRV-016,2026-03-13,Gastroenterology,6,5,4,1,0
PRV-017,2026-03-13,Gastroenterology,4,4,4,0,0
PRV-018,2026-03-13,Gastroenterology,9,9,9,0,0
PRV-019,2026-03-13,Pulmonology,4,3,2,0,1
PRV-020,2026-03-13,Pulmonology,5,4,4,0,0
PRV-021,2026-03-13,Pulmonology,2,2,2,0,0
PRV-022,2026-03-13,Pulmonology,6,5,3,1,1
PRV-001,2026-03-14,Cardiology,4,3,3,0,0
PRV-002,2026-03-14,Cardiology,5,4,4,0,0
PRV-003,2026-03-14,Cardiology,7,6,6,0,0
PRV-004,2026-03-14,Cardiology,8,8,8,0,0
PRV-005,2026-03-14,Endocrinology,6,5,5,0,0
PRV-006,2026-03-14,Endocrinology,7,7,5,1,1
PRV-007,2026-03-14,Endocrinology,5,4,3,0,1
PRV-008,2026-03-14,Orthopedics,4,3,2,1,0
PRV-009,2026-03-14,Orthopedics,4,3,3,0,0
PRV-010,2026-03-14,Orthopedics,2,2,2,0,0
PRV-011,2026-03-14,Orthopedics,4,3,3,0,0
PRV-012,2026-03-14,Neurology,6,5,3,1,1
PRV-013,2026-03-14,Neurology,5,4,4,0,0
PRV-014,2026-03-14,Neurology,2,2,2,0,0
PRV-015,2026-03-14,Gastroenterology,2,2,1,0,1
PRV-016,2026-03-14,Gastroenterology,3,3,3,0,0
PRV-017,2026-03-14,Gastroenterology,1,1,1,0,0
PRV-018,2026-03-14,Gastroenterology,1,1,1,0,0
PRV-019,2026-03-14,Pulmonology,4,3,3,0,0
PRV-020,2026-03-14,Pulmonology,6,5,5,0,0
PRV-021,2026-03-14,Pulmonology,5,5,3,2,0
PRV-022,2026-03-14,Pulmonology,6,5,5,0,0
PRV-001,2026-03-15,Cardiology,3,2,2,0,0
PRV-002,2026-03-15,Cardiology,2,2,0,1,1
PRV-003,2026-03-15,Cardiology,3,3,3,0,0
PRV-004,2026-03-15,Cardiology,2,2,2,0,0
PRV-005,2026-03-15,Endocrinology,7,6,4,1,1
PRV-006,2026-03-15,Endocrinology,6,6,6,0,0
PRV-007,2026-03-15,Endocrinology,1,1,1,0,0
PRV-008,2026-03-15,Orthopedics,4,3,2,1,0
PRV-010,2026-03-15,Orthopedics,2,2,1,1,0
PRV-011,2026-03-15,Orthopedics,5,4,4,0,0
PRV-012,2026-03-15,Neurology,1,1,0,1,0
PRV-013,2026-03-15,Neurology,2,2,2,0,0
PRV-014,2026-03-15,Neurology,3,3,2,1,0
PRV-015,2026-03-15,Gastroenterology,1,1,1,0,0
PRV-017,2026-03-15,Gastroenterology,5,5,4,1,0
PRV-018,2026-03-15,Gastroenterology,2,2,2,0,0
PRV-019,2026-03-15,Pulmonology,12,9,8,1,0
PRV-020,2026-03-15,Pulmonology,1,1,1,0,0
PRV-021,2026-03-15,Pulmonology,6,6,5,1,0
PRV-022,2026-03-15,Pulmonology,2,2,2,0,0
PRV-001,2026-03-16,Cardiology,3,2,1,0,1
PRV-002,2026-03-16,Cardiology,4,3,2,1,0
PRV-003,2026-03-16,Cardiology,7,6,4,2,0
PRV-004,2026-03-16,Cardiology,2,2,1,0,1
PRV-005,2026-03-16,Endocrinology,5,4,3,0,1
PRV-006,2026-03-16,Endocrinology,2,2,1,1,0
PRV-007,2026-03-16,Endocrinology,6,5,4,1,0
PRV-008,2026-03-16,Orthopedics,9,7,7,0,0
PRV-009,2026-03-16,Orthopedics,3,2,2,0,0
PRV-010,2026-03-16,Orthopedics,5,5,5,0,0
PRV-013,2026-03-16,Neurology,2,2,1,1,0
PRV-014,2026-03-16,Neurology,3,3,2,1,0
PRV-015,2026-03-16,Gastroenterology,3,3,2,1,0
PRV-016,2026-03-16,Gastroenterology,4,4,4,0,0
PRV-017,2026-03-16,Gastroenterology,2,2,1,1,0
PRV-018,2026-03-16,Gastroenterology,1,1,0,1,0
PRV-019,2026-03-16,Pulmonology,7,5,5,0,0
PRV-020,2026-03-16,Pulmonology,6,5,3,1,1
PRV-021,2026-03-16,Pulmonology,1,1,1,0,0
PRV-022,2026-03-16,Pulmonology,1,1,1,0,0
PRV-001,2026-03-17,Cardiology,1,1,1,0,0
PRV-002,2026-03-17,Cardiology,5,4,3,1,0
PRV-003,2026-03-17,Cardiology,5,5,4,0,1
PRV-004,2026-03-17,Cardiology,7,7,7,0,0
PRV-005,2026-03-17,Endocrinology,3,3,2,0,1
PRV-006,2026-03-17,Endocrinology,3,3,3,0,0
PRV-007,2026-03-17,Endocrinology,2,2,0,2,0
PRV-008,2026-03-17,Orthopedics,5,4,4,0,0
PRV-009,2026-03-17,Orthopedics,4,3,3,0,0
PRV-010,2026-03-17,Orthopedics,8,8,6,1,1
PRV-011,2026-03-17,Orthopedics,10,8,6,1,1
PRV-012,2026-03-17,Neurology,2,2,1,1,0
PRV-013,2026-03-17,Neurology,7,6,4,1,1
PRV-014,2026-03-17,Neurology,5,4,4,0,0
PRV-015,2026-03-17,Gastroenterology,5,5,4,1,0
PRV-016,2026-03-17,Gastroenterology,1,1,1,0,0
PRV-017,2026-03-17,Gastroenterology,3,3,3,0,0
PRV-018,2026-03-17,Gastroenterology,4,4,4,0,0
PRV-019,2026-03-17,Pulmonology,7,5,3,2,0
PRV-020,2026-03-17,Pulmonology,7,6,5,1,0
PRV-021,2026-03-17,Pulmonology,5,5,5,0,0
PRV-022,2026-03-17,Pulmonology,6,5,3,0,2
PRV-001,2026-03-18,Cardiology,1,1,0,0,1
PRV-002,2026-03-18,Cardiology,5,4,3,0,1
PRV-003,2026-03-18,Cardiology,7,6,2,3,1
PRV-004,2026-03-18,Cardiology,3,3,3,0,0
PRV-005,2026-03-18,Endocrinology,1,1,1,0,0
PRV-006,2026-03-18,Endocrinology,3,3,2,0,1
PRV-007,2026-03-18,Endocrinology,6,5,4,1,0
PRV-008,2026-03-18,Orthopedics,8,6,6,0,0
PRV-009,2026-03-18,Orthopedics,1,1,1,0,0
PRV-010,2026-03-18,Orthopedics,5,5,5,0,0
PRV-011,2026-03-18,Orthopedics,5,4,4,0,0
PRV-012,2026-03-18,Neurology,2,2,1,1,0
PRV-013,2026-03-18,Neurology,2,2,2,0,0
PRV-014,2026-03-18,Neurology,8,7,5,2,0
PRV-015,2026-03-18,Gastroenterology,5,5,4,1,0
PRV-016,2026-03-18,Gastroenterology,1,1,1,0,0
PRV-017,2026-03-18,Gastroenterology,3,3,2,0,1
PRV-018,2026-03-18,Gastroenterology,6,6,5,1,0
PRV-019,2026-03-18,Pulmonology,7,5,5,0,0
PRV-020,2026-03-18,Pulmonology,9,7,6,1,0
PRV-021,2026-03-18,Pulmonology,6,6,4,1,1
PRV-022,2026-03-18,Pulmonology,4,3,1,1,1
PRV-001,2026-03-19,Cardiology,4,3,3,0,0
PRV-002,2026-03-19,Cardiology,1,1,1,0,0
PRV-003,2026-03-19,Cardiology,8,7,6,1,0
PRV-004,2026-03-19,Cardiology,1,1,1,0,0
PRV-005,2026-03-19,Endocrinology,7,6,6,0,0
PRV-006,2026-03-19,Endocrinology,3,3,3,0,0
PRV-007,2026-03-19,Endocrinology,9,8,6,0,2
PRV-008,2026-03-19,Orthopedics,4,3,1,0,2
PRV-009,2026-03-19,Orthopedics,6,5,3,2,0
PRV-010,2026-03-19,Orthopedics,3,3,3,0,0
PRV-011,2026-03-19,Orthopedics,4,3,3,0,0
PRV-012,2026-03-19,Neurology,4,3,3,0,0
PRV-013,2026-03-19,Neurology,6,5,5,0,0
PRV-014,2026-03-19,Neurology,1,1,1,0,0
PRV-015,2026-03-19,Gastroenterology,5,5,5,0,0
PRV-016,2026-03-19,Gastroenterology,2,2,2,0,0
PRV-017,2026-03-19,Gastroenterology,2,2,2,0,0
PRV-018,2026-03-19,Gastroenterology,2,2,2,0,0
PRV-019,2026-03-19,Pulmonology,1,1,1,0,0
PRV-020,2026-03-19,Pulmonology,5,4,3,0,1
PRV-021,2026-03-19,Pulmonology,6,6,6,0,0
PRV-022,2026-03-19,Pulmonology,1,1,1,0,0
PRV-002,2026-03-20,Cardiology,4,3,2,0,1
PRV-003,2026-03-20,Cardiology,2,2,2,0,0
PRV-004,2026-03-20,Cardiology,1,1,1,0,0
PRV-005,2026-03-20,Endocrinology,5,4,3,1,0
PRV-006,2026-03-20,Endocrinology,3,3,3,0,0
PRV-007,2026-03-20,Endocrinology,2,2,2,0,0
PRV-008,2026-03-20,Orthopedics,4,3,3,0,0
PRV-009,2026-03-20,Orthopedics,1,1,0,0,1
PRV-010,2026-03-20,Orthopedics,6,6,3,2,1
PRV-011,2026-03-20,Orthopedics,5,4,3,1,0
PRV-012,2026-03-20,Neurology,6,5,3,0,2
PRV-013,2026-03-20,Neurology,4,3,3,0,0
PRV-014,2026-03-20,Neurology,2,2,1,0,1
PRV-015,2026-03-20,Gastroenterology,2,2,2,0,0
PRV-016,2026-03-20,Gastroenterology,7,6,6,0,0
PRV-017,2026-03-20,Gastroenterology,2,2,2,0,0
PRV-018,2026-03-20,Gastroenterology,2,2,2,0,0
PRV-019,2026-03-20,Pulmonology,7,5,4,0,1
PRV-020,2026-03-20,Pulmonology,7,6,5,1,0
PRV-021,2026-03-20,Pulmonology,7,7,5,2,0
PRV-022,2026-03-20,Pulmonology,1,1,1,0,0
PRV-001,2026-03-21,Cardiology,3,2,2,0,0
PRV-002,2026-03-21,Cardiology,6,5,4,1,0
PRV-003,2026-03-21,Cardiology,1,1,1,0,0
PRV-004,2026-03-21,Cardiology,3,3,3,0,0
PRV-006,2026-03-21,Endocrinology,6,6,5,0,1
PRV-007,2026-03-21,Endocrinology,1,1,1,0,0
PRV-008,2026-03-21,Orthopedics,3,2,2,0,0
PRV-009,2026-03-21,Orthopedics,4,3,3,0,0
PRV-010,2026-03-21,Orthopedics,5,5,4,0,1
PRV-011,2026-03-21,Orthopedics,4,3,3,0,0
PRV-012,2026-03-21,Neurology,4,3,2,0,1
PRV-013,2026-03-21,Neurology,1,1,1,0,0
PRV-014,2026-03-21,Neurology,2,2,1,1,0
PRV-015,2026-03-21,Gastroenterology,1,1,0,0,1
PRV-016,2026-03-21,Gastroenterology,1,1,0,1,0
PRV-017,2026-03-21,Gastroenterology,1,1,1,0,0
PRV-018,2026-03-21,Gastroenterology,4,4,3,0,1
PRV-019,2026-03-21,Pulmonology,6,4,4,0,0
PRV-020,2026-03-21,Pulmonology,9,7,7,0,0
PRV-021,2026-03-21,Pulmonology,4,4,3,1,0
PRV-022,2026-03-21,Pulmonology,2,2,2,0,0
PRV-001,2026-03-22,Cardiology,3,2,2,0,0
PRV-002,2026-03-22,Cardiology,6,5,4,0,1
PRV-003,2026-03-22,Cardiology,3,3,2,1,0
PRV-004,2026-03-22,Cardiology,4,4,3,0,1
PRV-005,2026-03-22,Endocrinology,6,5,4,1,0
PRV-006,2026-03-22,Endocrinology,3,3,3,0,0
PRV-007,2026-03-22,Endocrinology,5,4,3,0,1
PRV-008,2026-03-22,Orthopedics,3,2,1,1,0
PRV-009,2026-03-22,Orthopedics,4,3,3,0,0
PRV-010,2026-03-22,Orthopedics,6,6,3,2,1
PRV-011,2026-03-22,Orthopedics,4,3,3,0,0
PRV-012,2026-03-22,Neurology,5,4,2,1,1
PRV-013,2026-03-22,Neurology,4,3,2,1,0
PRV-014,2026-03-22,Neurology,6,5,5,0,0
PRV-015,2026-03-22,Gastroenterology,4,4,4,0,0
PRV-016,2026-03-22,Gastroenterology,6,5,2,3,0
PRV-017,2026-03-22,Gastroenterology,3,3,2,1,0
PRV-018,2026-03-22,Gastroenterology,5,5,5,0,0
PRV-019,2026-03-22,Pulmonology,7,5,4,0,1
PRV-020,2026-03-22,Pulmonology,10,8,8,0,0
PRV-021,2026-03-22,Pulmonology,3,3,3,0,0
PRV-022,2026-03-22,Pulmonology,2,2,2,0,0
PRV-001,2026-03-23,Cardiology,1,1,1,0,0
PRV-002,2026-03-23,Cardiology,2,2,2,0,0
PRV-003,2026-03-23,Cardiology,4,4,3,0,1
PRV-004,2026-03-23,Cardiology,3,3,2,1,0
PRV-005,2026-03-23,Endocrinology,7,6,4,0,2
PRV-006,2026-03-23,Endocrinology,3,3,2,1,0
PRV-007,2026-03-23,Endocrinology,7,6,5,0,1
PRV-008,2026-03-23,Orthopedics,3,2,2,0,0
PRV-009,2026-03-23,Orthopedics,3,2,1,1,0
PRV-010,2026-03-23,Orthopedics,4,4,3,1,0
PRV-011,2026-03-23,Orthopedics,8,6,6,0,0
PRV-012,2026-03-23,Neurology,1,1,0,0,1
PRV-013,2026-03-23,Neurology,4,3,2,1,0
PRV-014,2026-03-23,Neurology,5,4,3,1,0
PRV-015,2026-03-23,Gastroenterology,4,4,2,1,1
PRV-016,2026-03-23,Gastroenterology,2,2,1,0,1
PRV-017,2026-03-23,Gastroenterology,3,3,1,2,0
PRV-018,2026-03-23,Gastroenterology,3,3,1,2,0
PRV-019,2026-03-23,Pulmonology,4,3,2,0,1
PRV-020,2026-03-23,Pulmonology,7,6,4,2,0
PRV-021,2026-03-23,Pulmonology,5,5,5,0,0
PRV-022,2026-03-23,Pulmonology,6,5,3,0,2
PRV-001,2026-03-24,Cardiology,1,1,1,0,0
PRV-002,2026-03-24,Cardiology,2,2,2,0,0
PRV-003,2026-03-24,Cardiology,7,6,6,0,0
PRV-004,2026-03-24,Cardiology,2,2,2,0,0
PRV-005,2026-03-24,Endocrinology,2,2,2,0,0
PRV-006,2026-03-24,Endocrinology,5,5,5,0,0
PRV-007,2026-03-24,Endocrinology,1,1,1,0,0
PRV-008,2026-03-24,Orthopedics,5,4,3,1,0
PRV-009,2026-03-24,Orthopedics,5,4,3,1,0
PRV-010,2026-03-24,Orthopedics,3,3,3,0,0
PRV-011,2026-03-24,Orthopedics,5,4,4,0,0
PRV-012,2026-03-24,Neurology,1,1,1,0,0
PRV-014,2026-03-24,Neurology,2,2,1,0,1
PRV-015,2026-03-24,Gastroenterology,4,4,2,2,0
PRV-016,2026-03-24,Gastroenterology,2,2,2,0,0
PRV-017,2026-03-24,Gastroenterology,3,3,3,0,0
PRV-018,2026-03-24,Gastroenterology,8,8,6,2,0
PRV-019,2026-03-24,Pulmonology,6,4,3,0,1
PRV-020,2026-03-24,Pulmonology,9,7,4,1,2
PRV-021,2026-03-24,Pulmonology,3,3,1,0,2
PRV-022,2026-03-24,Pulmonology,5,4,3,0,1
PRV-001,2026-03-25,Cardiology,4,3,2,0,1
PRV-002,2026-03-25,Cardiology,2,2,1,1,0
PRV-003,2026-03-25,Cardiology,4,4,3,0,1
PRV-004,2026-03-25,Cardiology,4,4,4,0,0
PRV-005,2026-03-25,Endocrinology,1,1,1,0,0
PRV-006,2026-03-25,Endocrinology,6,6,5,0,1
PRV-007,2026-03-25,Endocrinology,8,7,6,0,1
PRV-008,2026-03-25,Orthopedics,4,3,3,0,0
PRV-009,2026-03-25,Orthopedics,1,1,1,0,0
PRV-010,2026-03-25,Orthopedics,1,1,1,0,0
PRV-011,2026-03-25,Orthopedics,3,2,2,0,0
PRV-012,2026-03-25,Neurology,2,2,2,0,0
PRV-013,2026-03-25,Neurology,4,3,2,1,0
PRV-014,2026-03-25,Neurology,1,1,1,0,0
PRV-015,2026-03-25,Gastroenterology,2,2,0,1,1
PRV-016,2026-03-25,Gastroenterology,2,2,2,0,0
PRV-017,2026-03-25,Gastroenterology,2,2,2,0,0
PRV-018,2026-03-25,Gastroenterology,3,3,1,2,0
PRV-019,2026-03-25,Pulmonology,4,3,2,1,0
PRV-020,2026-03-25,Pulmonology,7,6,5,0,1
PRV-021,2026-03-25,Pulmonology,3,3,2,0,1
PRV-022,2026-03-25,Pulmonology,4,3,2,0,1
PRV-001,2026-03-26,Cardiology,1,1,1,0,0
PRV-002,2026-03-26,Cardiology,2,2,0,2,0
PRV-003,2026-03-26,Cardiology,3,3,3,0,0
PRV-004,2026-03-26,Cardiology,5,5,5,0,0
PRV-005,2026-03-26,Endocrinology,2,2,0,1,1
PRV-006,2026-03-26,Endocrinology,2,2,1,1,0
PRV-007,2026-03-26,Endocrinology,8,7,7,0,0
PRV-008,2026-03-26,Orthopedics,6,5,5,0,0
PRV-009,2026-03-26,Orthopedics,5,4,4,0,0
PRV-010,2026-03-26,Orthopedics,4,4,4,0,0
PRV-011,2026-03-26,Orthopedics,9,7,4,2,1
PRV-012,2026-03-26,Neurology,2,2,2,0,0
PRV-013,2026-03-26,Neurology,5,4,3,0,1
PRV-014,2026-03-26,Neurology,6,5,5,0,0
PRV-015,2026-03-26,Gastroenterology,1,1,1,0,0
PRV-016,2026-03-26,Gastroenterology,4,4,4,0,0
PRV-017,2026-03-26,Gastroenterology,4,4,4,0,0
PRV-018,2026-03-26,Gastroenterology,4,4,4,0,0
PRV-019,2026-03-26,Pulmonology,4,3,3,0,0
PRV-020,2026-03-26,Pulmonology,5,4,4,0,0
PRV-021,2026-03-26,Pulmonology,4,4,4,0,0
PRV-022,2026-03-26,Pulmonology,2,2,2,0,0
PRV-001,2026-03-27,Cardiology,4,3,2,0,1
PRV-002,2026-03-27,Cardiology,1,1,0,0,1
PRV-003,2026-03-27,Cardiology,3,3,3,0,0
PRV-004,2026-03-27,Cardiology,2,2,2,0,0
PRV-005,2026-03-27,Endocrinology,1,1,1,0,0
PRV-006,2026-03-27,Endocrinology,2,2,2,0,0
PRV-007,2026-03-27,Endocrinology,3,3,2,1,0
PRV-008,2026-03-27,Orthopedics,4,3,3,0,0
PRV-009,2026-03-27,Orthopedics,3,2,2,0,0
PRV-010,2026-03-27,Orthopedics,2,2,2,0,0
PRV-011,2026-03-27,Orthopedics,8,6,5,1,0
PRV-012,2026-03-27,Neurology,2,2,1,0,1
PRV-013,2026-03-27,Neurology,5,4,3,0,1
PRV-014,2026-03-27,Neurology,3,3,3,0,0
PRV-015,2026-03-27,Gastroenterology,8,7,6,1,0
PRV-016,2026-03-27,Gastroenterology,1,1,1,0,0
PRV-017,2026-03-27,Gastroenterology,3,3,3,0,0
PRV-018,2026-03-27,Gastroenterology,2,2,2,0,0
PRV-019,2026-03-27,Pulmonology,6,4,4,0,0
PRV-020,2026-03-27,Pulmonology,2,2,2,0,0
PRV-021,2026-03-27,Pulmonology,2,2,2,0,0
PRV-022,2026-03-27,Pulmonology,4,3,2,0,1
PRV-001,2026-03-28,Cardiology,7,5,3,1,1
PRV-002,2026-03-28,Cardiology,1,1,0,0,1
PRV-003,2026-03-28,Cardiology,4,4,4,0,0
PRV-004,2026-03-28,Cardiology,4,4,4,0,0
PRV-005,2026-03-28,Endocrinology,8,7,6,0,1
PRV-006,2026-03-28,Endocrinology,3,3,1,2,0
PRV-007,2026-03-28,Endocrinology,2,2,1,1,0
PRV-008,2026-03-28,Orthopedics,3,2,2,0,0
PRV-009,2026-03-28,Orthopedics,3,2,2,0,0
PRV-010,2026-03-28,Orthopedics,8,8,7,1,0
PRV-011,2026-03-28,Orthopedics,4,3,3,0,0
PRV-012,2026-03-28,Neurology,1,1,0,0,1
PRV-013,2026-03-28,Neurology,4,3,2,1,0
PRV-014,2026-03-28,Neurology,7,6,5,0,1
PRV-015,2026-03-28,Gastroenterology,2,2,1,0,1
PRV-016,2026-03-28,Gastroenterology,3,3,2,1,0
PRV-017,2026-03-28,Gastroenterology,8,7,5,1,1
PRV-018,2026-03-28,Gastroenterology,4,4,4,0,0
PRV-019,2026-03-28,Pulmonology,6,4,4,0,0
PRV-020,2026-03-28,Pulmonology,5,4,3,0,1
PRV-021,2026-03-28,Pulmonology,3,3,3,0,0
PRV-022,2026-03-28,Pulmonology,6,5,5,0,0
PRV-001,2026-03-29,Cardiology,1,1,1,0,0
PRV-002,2026-03-29,Cardiology,2,2,2,0,0
PRV-003,2026-03-29,Cardiology,3,3,3,0,0
PRV-005,2026-03-29,Endocrinology,6,5,5,0,0
PRV-006,2026-03-29,Endocrinology,3,3,3,0,0
PRV-007,2026-03-29,Endocrinology,8,7,7,0,0
PRV-008,2026-03-29,Orthopedics,1,1,1,0,0
PRV-009,2026-03-29,Orthopedics,3,2,2,0,0
PRV-010,2026-03-29,Orthopedics,4,4,4,0,0
PRV-011,2026-03-29,Orthopedics,9,7,6,0,1
PRV-012,2026-03-29,Neurology,5,4,4,0,0
PRV-013,2026-03-29,Neurology,2,2,2,0,0
PRV-015,2026-03-29,Gastroenterology,5,5,4,0,1
PRV-016,2026-03-29,Gastroenterology,1,1,1,0,0
PRV-017,2026-03-29,Gastroenterology,3,3,2,0,1
PRV-018,2026-03-29,Gastroenterology,4,4,4,0,0
PRV-019,2026-03-29,Pulmonology,3,2,2,0,0
PRV-020,2026-03-29,Pulmonology,6,5,4,1,0
PRV-021,2026-03-29,Pulmonology,7,7,4,2,1
PRV-022,2026-03-29,Pulmonology,4,3,2,1,0
PRV-001,2026-03-30,Cardiology,4,3,2,1,0
PRV-002,2026-03-30,Cardiology,1,1,0,0,1
PRV-003,2026-03-30,Cardiology,1,1,1,0,0
PRV-004,2026-03-30,Cardiology,1,1,1,0,0
PRV-005,2026-03-30,Endocrinology,5,4,4,0,0
PRV-006,2026-03-30,Endocrinology,6,6,6,0,0
PRV-007,2026-03-30,Endocrinology,5,4,4,0,0
PRV-008,2026-03-30,Orthopedics,5,4,3,0,1
PRV-009,2026-03-30,Orthopedics,4,3,2,1,0
PRV-010,2026-03-30,Orthopedics,4,4,3,0,1
PRV-011,2026-03-30,Orthopedics,8,6,5,0,1
PRV-012,2026-03-30,Neurology,4,3,3,0,0
PRV-013,2026-03-30,Neurology,6,5,5,0,0
PRV-014,2026-03-30,Neurology,1,1,1,0,0
PRV-015,2026-03-30,Gastroenterology,1,1,1,0,0
PRV-016,2026-03-30,Gastroenterology,1,1,1,0,0
PRV-017,2026-03-30,Gastroenterology,1,1,1,0,0
PRV-018,2026-03-30,Gastroenterology,5,5,3,1,1
PRV-019,2026-03-30,Pulmonology,7,5,5,0,0
PRV-020,2026-03-30,Pulmonology,11,9,7,1,1
PRV-021,2026-03-30,Pulmonology,3,3,3,0,0
PRV-022,2026-03-30,Pulmonology,10,8,7,0,1
PRV-002,2026-03-31,Cardiology,6,5,4,0,1
PRV-003,2026-03-31,Cardiology,5,5,5,0,0
PRV-004,2026-03-31,Cardiology,4,4,2,2,0
PRV-005,2026-03-31,Endocrinology,9,8,7,1,0
PRV-006,2026-03-31,Endocrinology,2,2,2,0,0
PRV-007,2026-03-31,Endocrinology,3,3,3,0,0
PRV-008,2026-03-31,Orthopedics,6,5,5,0,0
PRV-009,2026-03-31,Orthopedics,4,3,2,1,0
PRV-010,2026-03-31,Orthopedics,2,2,1,1,0
PRV-011,2026-03-31,Orthopedics,6,5,5,0,0
PRV-012,2026-03-31,Neurology,4,3,2,0,1
PRV-013,2026-03-31,Neurology,5,4,3,1,0
PRV-014,2026-03-31,Neurology,1,1,1,0,0
PRV-015,2026-03-31,Gastroenterology,4,4,2,0,2
PRV-016,2026-03-31,Gastroenterology,2,2,1,1,0
PRV-017,2026-03-31,Gastroenterology,1,1,1,0,0
PRV-018,2026-03-31,Gastroenterology,1,1,0,0,1
PRV-019,2026-03-31,Pulmonology,6,4,4,0,0
PRV-020,2026-03-31,Pulmonology,4,3,2,0,1
PRV-021,2026-03-31,Pulmonology,4,4,4,0,0
PRV-022,2026-03-31,Pulmonology,6,5,4,1,0
PRV-001,2026-04-01,Cardiology,4,3,3,0,0
PRV-002,2026-04-01,Cardiology,2,2,2,0,0
PRV-003,2026-04-01,Cardiology,7,6,5,0,1
PRV-004,2026-04-01,Cardiology,4,4,3,1,0
PRV-005,2026-04-01,Endocrinology,5,4,3,1,0
PRV-006,2026-04-01,Endocrinology,5,5,5,0,0
PRV-007,2026-04-01,Endocrinology,6,5,3,0,2
PRV-008,2026-04-01,Orthopedics,4,3,2,1,0
PRV-009,2026-04-01,Orthopedics,1,1,1,0,0
PRV-010,2026-04-01,Orthopedics,6,6,4,2,0
PRV-011,2026-04-01,Orthopedics,9,7,6,0,1
PRV-013,2026-04-01,Neurology,4,3,3,0,0
PRV-014,2026-04-01,Neurology,2,2,2,0,0
PRV-015,2026-04-01,Gastroenterology,4,4,4,0,0
PRV-017,2026-04-01,Gastroenterology,5,5,4,1,0
PRV-018,2026-04-01,Gastroenterology,9,9,7,0,2
PRV-019,2026-04-01,Pulmonology,10,7,4,3,0
PRV-020,2026-04-01,Pulmonology,2,2,2,0,0
PRV-021,2026-04-01,Pulmonology,4,4,3,0,1
PRV-022,2026-04-01,Pulmonology,6,5,3,2,0
PRV-001,2026-04-02,Cardiology,3,2,1,1,0
PRV-002,2026-04-02,Cardiology,4,3,2,1,0
PRV-003,2026-04-02,Cardiology,3,3,2,1,0
PRV-004,2026-04-02,Cardiology,5,5,2,2,1
PRV-005,2026-04-02,Endocrinology,3,3,2,1,0
PRV-006,2026-04-02,Endocrinology,5,5,4,1,0
PRV-007,2026-04-02,Endocrinology,1,1,0,1,0
PRV-008,2026-04-02,Orthopedics,6,5,5,0,0
PRV-009,2026-04-02,Orthopedics,8,6,6,0,0
PRV-010,2026-04-02,Orthopedics,3,3,3,0,0
PRV-011,2026-04-02,Orthopedics,8,6,5,1,0
PRV-012,2026-04-02,Neurology,2,2,2,0,0
PRV-013,2026-04-02,Neurology,7,6,5,1,0
PRV-014,2026-04-02,Neurology,9,8,7,1,0
PRV-015,2026-04-02,Gastroenterology,5,5,4,0,1
PRV-016,2026-04-02,Gastroenterology,2,2,1,1,0
PRV-019,2026-04-02,Pulmonology,4,3,1,2,0
PRV-020,2026-04-02,Pulmonology,4,3,2,1,0
PRV-021,2026-04-02,Pulmonology,5,5,4,0,1
PRV-022,2026-04-02,Pulmonology,5,4,4,0,0
PRV-001,2026-04-03,Cardiology,1,1,1,0,0
PRV-002,2026-04-03,Cardiology,5,4,3,0,1
PRV-003,2026-04-03,Cardiology,2,2,2,0,0
PRV-004,2026-04-03,Cardiology,4,4,3,0,1
PRV-005,2026-04-03,Endocrinology,3,3,3,0,0
PRV-006,2026-04-03,Endocrinology,6,6,4,1,1
PRV-008,2026-04-03,Orthopedics,6,5,4,1,0
PRV-009,2026-04-03,Orthopedics,3,2,2,0,0
PRV-010,2026-04-03,Orthopedics,3,3,3,0,0
PRV-011,2026-04-03,Orthopedics,4,3,2,1,0
PRV-012,2026-04-03,Neurology,2,2,2,0,0
PRV-013,2026-04-03,Neurology,5,4,3,1,0
PRV-014,2026-04-03,Neurology,6,5,3,2,0
PRV-015,2026-04-03,Gastroenterology,7,6,4,2,0
PRV-016,2026-04-03,Gastroenterology,6,5,4,1,0
PRV-017,2026-04-03,Gastroenterology,7,6,4,0,2
PRV-018,2026-04-03,Gastroenterology,3,3,3,0,0
PRV-019,2026-04-03,Pulmonology,10,7,4,1,2
PRV-020,2026-04-03,Pulmonology,7,6,4,2,0
PRV-021,2026-04-03,Pulmonology,3,3,3,0,0
PRV-022,2026-04-03,Pulmonology,1,1,1,0,0
PRV-001,2026-04-04,Cardiology,3,2,1,0,1
PRV-002,2026-04-04,Cardiology,6,5,4,0,1
PRV-003,2026-04-04,Cardiology,8,7,4,3,0
PRV-004,2026-04-04,Cardiology,6,6,5,1,0
PRV-005,2026-04-04,Endocrinology,8,7,7,0,0
PRV-006,2026-04-04,Endocrinology,5,5,2,2,1
PRV-007,2026-04-04,Endocrinology,6,5,5,0,0
PRV-009,2026-04-04,Orthopedics,5,4,3,0,1
PRV-010,2026-04-04,Orthopedics,2,2,2,0,0
PRV-011,2026-04-04,Orthopedics,6,5,5,0,0
PRV-012,2026-04-04,Neurology,1,1,1,0,0
PRV-013,2026-04-04,Neurology,4,3,3,0,0
PRV-014,2026-04-04,Neurology,3,3,2,1,0
PRV-015,2026-04-04,Gastroenterology,4,4,3,0,1
PRV-016,2026-04-04,Gastroenterology,4,4,4,0,0
PRV-017,2026-04-04,Gastroenterology,2,2,2,0,0
PRV-018,2026-04-04,Gastroenterology,4,4,3,1,0
PRV-019,2026-04-04,Pulmonology,4,3,3,0,0
PRV-020,2026-04-04,Pulmonology,2,2,2,0,0
PRV-021,2026-04-04,Pulmonology,5,5,4,1,0
PRV-022,2026-04-04,Pulmonology,5,4,3,1,0
PRV-001,2026-04-05,Cardiology,4,3,3,0,0
PRV-002,2026-04-05,Cardiology,2,2,2,0,0
PRV-003,2026-04-05,Cardiology,9,8,6,2,0
PRV-004,2026-04-05,Cardiology,4,4,2,1,1
PRV-005,2026-04-05,Endocrinology,1,1,1,0,0
PRV-006,2026-04-05,Endocrinology,4,4,3,1,0
PRV-007,2026-04-05,Endocrinology,6,5,5,0,0
PRV-008,2026-04-05,Orthopedics,4,3,2,1,0
PRV-009,2026-04-05,Orthopedics,3,2,2,0,0
PRV-010,2026-04-05,Orthopedics,4,4,4,0,0
PRV-011,2026-04-05,Orthopedics,8,6,6,0,0
PRV-012,2026-04-05,Neurology,5,4,4,0,0
PRV-013,2026-04-05,Neurology,5,4,3,0,1
PRV-014,2026-04-05,Neurology,5,4,4,0,0
PRV-015,2026-04-05,Gastroenterology,5,5,5,0,0
PRV-016,2026-04-05,Gastroenterology,3,3,2,1,0
PRV-017,2026-04-05,Gastroenterology,2,2,1,1,0
PRV-018,2026-04-05,Gastroenterology,6,6,6,0,0
PRV-019,2026-04-05,Pulmonology,1,1,1,0,0
PRV-020,2026-04-05,Pulmonology,6,5,4,1,0
PRV-021,2026-04-05,Pulmonology,9,9,8,1,0
PRV-022,2026-04-05,Pulmonology,10,8,7,0,1
PRV-001,2026-04-06,Cardiology,7,5,4,1,0
PRV-002,2026-04-06,Cardiology,2,2,2,0,0
PRV-003,2026-04-06,Cardiology,5,5,3,2,0
PRV-004,2026-04-06,Cardiology,1,1,1,0,0
PRV-005,2026-04-06,Endocrinology,5,4,4,0,0
PRV-006,2026-04-06,Endocrinology,6,6,4,2,0
PRV-007,2026-04-06,Endocrinology,5,4,3,0,1
PRV-008,2026-04-06,Orthopedics,4,3,3,0,0
PRV-009,2026-04-06,Orthopedics,3,2,2,0,0
PRV-010,2026-04-06,Orthopedics,4,4,4,0,0
PRV-011,2026-04-06,Orthopedics,6,5,5,0,0
PRV-012,2026-04-06,Neurology,7,6,5,1,0
PRV-013,2026-04-06,Neurology,4,3,2,0,1
PRV-014,2026-04-06,Neurology,2,2,2,0,0
PRV-015,2026-04-06,Gastroenterology,2,2,2,0,0
PRV-016,2026-04-06,Gastroenterology,3,3,3,0,0
PRV-017,2026-04-06,Gastroenterology,2,2,1,0,1
PRV-018,2026-04-06,Gastroenterology,2,2,2,0,0
PRV-019,2026-04-06,Pulmonology,8,6,6,0,0
PRV-020,2026-04-06,Pulmonology,4,3,3,0,0
PRV-021,2026-04-06,Pulmonology,4,4,3,0,1
PRV-022,2026-04-06,Pulmonology,8,6,5,1,0
PRV-001,2026-04-07,Cardiology,3,2,2,0,0
PRV-002,2026-04-07,Cardiology,1,1,1,0,0
PRV-003,2026-04-07,Cardiology,3,3,1,2,0
PRV-004,2026-04-07,Cardiology,3,3,2,0,1
PRV-005,2026-04-07,Endocrinology,6,5,5,0,0
PRV-006,2026-04-07,Endocrinology,4,4,3,1,0
PRV-007,2026-04-07,Endocrinology,3,3,3,0,0
PRV-008,2026-04-07,Orthopedics,8,6,4,1,1
PRV-009,2026-04-07,Orthopedics,3,2,1,1,0
PRV-010,2026-04-07,Orthopedics,6,6,6,0,0
PRV-011,2026-04-07,Orthopedics,4,3,3,0,0
PRV-012,2026-04-07,Neurology,4,3,3,0,0
PRV-013,2026-04-07,Neurology,4,3,3,0,0
PRV-014,2026-04-07,Neurology,8,7,4,2,1
PRV-015,2026-04-07,Gastroenterology,4,4,3,1,0
PRV-016,2026-04-07,Gastroenterology,1,1,1,0,0
PRV-017,2026-04-07,Gastroenterology,4,4,4,0,0
PRV-019,2026-04-07,Pulmonology,7,5,5,0,0
PRV-020,2026-04-07,Pulmonology,5,4,4,0,0
PRV-021,2026-04-07,Pulmonology,4,4,4,0,0
PRV-022,2026-04-07,Pulmonology,4,3,2,1,0
PRV-001,2026-04-08,Cardiology,3,2,2,0,0
PRV-002,2026-04-08,Cardiology,5,4,4,0,0
PRV-003,2026-04-08,Cardiology,8,7,5,0,2
PRV-004,2026-04-08,Cardiology,1,1,1,0,0
PRV-005,2026-04-08,Endocrinology,2,2,1,0,1
PRV-006,2026-04-08,Endocrinology,4,4,4,0,0
PRV-007,2026-04-08,Endocrinology,5,4,3,1,0
PRV-008,2026-04-08,Orthopedics,4,3,2,1,0
PRV-009,2026-04-08,Orthopedics,1,1,1,0,0
PRV-010,2026-04-08,Orthopedics,4,4,3,1,0
PRV-011,2026-04-08,Orthopedics,6,5,3,1,1
PRV-012,2026-04-08,Neurology,2,2,2,0,0
PRV-013,2026-04-08,Neurology,4,3,3,0,0
PRV-014,2026-04-08,Neurology,5,4,2,2,0
PRV-015,2026-04-08,Gastroenterology,8,7,5,1,1
PRV-016,2026-04-08,Gastroenterology,2,2,2,0,0
PRV-017,2026-04-08,Gastroenterology,5,5,5,0,0
PRV-018,2026-04-08,Gastroenterology,5,5,5,0,0
PRV-019,2026-04-08,Pulmonology,4,3,2,0,1
PRV-020,2026-04-08,Pulmonology,4,3,3,0,0
PRV-021,2026-04-08,Pulmonology,3,3,2,1,0
PRV-022,2026-04-08,Pulmonology,5,4,2,0,2
PRV-002,2026-04-09,Cardiology,1,1,1,0,0
PRV-003,2026-04-09,Cardiology,3,3,2,1,0
PRV-004,2026-04-09,Cardiology,1,1,1,0,0
PRV-005,2026-04-09,Endocrinology,7,6,3,2,1
PRV-006,2026-04-09,Endocrinology,8,8,7,0,1
PRV-007,2026-04-09,Endocrinology,10,9,6,1,2
PRV-008,2026-04-09,Orthopedics,5,4,4,0,0
PRV-009,2026-04-09,Orthopedics,3,2,2,0,0
PRV-010,2026-04-09,Orthopedics,1,1,1,0,0
PRV-011,2026-04-09,Orthopedics,5,4,4,0,0
PRV-012,2026-04-09,Neurology,1,1,1,0,0
PRV-013,2026-04-09,Neurology,2,2,2,0,0
PRV-014,2026-04-09,Neurology,2,2,1,1,0
PRV-015,2026-04-09,Gastroenterology,4,4,2,1,1
PRV-016,2026-04-09,Gastroenterology,4,4,4,0,0
PRV-017,2026-04-09,Gastroenterology,2,2,2,0,0
PRV-018,2026-04-09,Gastroenterology,2,2,1,0,1
PRV-019,2026-04-09,Pulmonology,11,8,8,0,0
PRV-020,2026-04-09,Pulmonology,6,5,4,1,0
PRV-021,2026-04-09,Pulmonology,5,5,5,0,0
PRV-022,2026-04-09,Pulmonology,5,4,2,1,1
PRV-002,2026-04-10,Cardiology,1,1,0,1,0
PRV-003,2026-04-10,Cardiology,3,3,3,0,0
PRV-005,2026-04-10,Endocrinology,3,3,2,1,0
PRV-006,2026-04-10,Endocrinology,3,3,2,0,1
PRV-007,2026-04-10,Endocrinology,5,4,4,0,0
PRV-008,2026-04-10,Orthopedics,4,3,3,0,0
PRV-009,2026-04-10,Orthopedics,1,1,1,0,0
PRV-010,2026-04-10,Orthopedics,4,4,3,1,0
PRV-011,2026-04-10,Orthopedics,9,7,6,0,1
PRV-012,2026-04-10,Neurology,1,1,0,1,0
PRV-013,2026-04-10,Neurology,6,5,3,2,0
PRV-014,2026-04-10,Neurology,6,5,4,1,0
PRV-015,2026-04-10,Gastroenterology,4,4,3,0,1
PRV-016,2026-04-10,Gastroenterology,3,3,3,0,0
PRV-017,2026-04-10,Gastroenterology,2,2,2,0,0
PRV-018,2026-04-10,Gastroenterology,2,2,1,1,0
PRV-019,2026-04-10,Pulmonology,10,7,6,1,0
PRV-020,2026-04-10,Pulmonology,6,5,5,0,0
PRV-021,2026-04-10,Pulmonology,2,2,1,1,0
PRV-022,2026-04-10,Pulmonology,1,1,1,0,0
PRV-001,2026-04-11,Cardiology,4,3,3,0,0
PRV-002,2026-04-11,Cardiology,4,3,3,0,0
PRV-003,2026-04-11,Cardiology,4,4,3,0,1
PRV-004,2026-04-11,Cardiology,1,1,1,0,0
PRV-005,2026-04-11,Endocrinology,2,2,2,0,0
PRV-006,2026-04-11,Endocrinology,2,2,2,0,0
PRV-007,2026-04-11,Endocrinology,6,5,3,0,2
PRV-008,2026-04-11,Orthopedics,3,2,2,0,0
PRV-009,2026-04-11,Orthopedics,3,2,1,1,0
PRV-010,2026-04-11,Orthopedics,3,3,3,0,0
PRV-011,2026-04-11,Orthopedics,10,8,8,0,0
PRV-012,2026-04-11,Neurology,1,1,1,0,0
PRV-013,2026-04-11,Neurology,2,2,2,0,0
PRV-014,2026-04-11,Neurology,1,1,1,0,0
PRV-015,2026-04-11,Gastroenterology,2,2,2,0,0
PRV-016,2026-04-11,Gastroenterology,1,1,1,0,0
PRV-017,2026-04-11,Gastroenterology,2,2,2,0,0
PRV-018,2026-04-11,Gastroenterology,3,3,1,2,0
PRV-019,2026-04-11,Pulmonology,11,8,8,0,0
PRV-020,2026-04-11,Pulmonology,1,1,1,0,0
PRV-021,2026-04-11,Pulmonology,4,4,4,0,0
PRV-022,2026-04-11,Pulmonology,8,6,3,3,0
PRV-001,2026-04-12,Cardiology,3,2,2,0,0
PRV-002,2026-04-12,Cardiology,2,2,2,0,0
PRV-003,2026-04-12,Cardiology,7,6,6,0,0
PRV-004,2026-04-12,Cardiology,2,2,2,0,0
PRV-005,2026-04-12,Endocrinology,3,3,2,0,1
PRV-006,2026-04-12,Endocrinology,6,6,5,1,0
PRV-007,2026-04-12,Endocrinology,5,4,2,0,2
PRV-008,2026-04-12,Orthopedics,4,3,3,0,0
PRV-009,2026-04-12,Orthopedics,3,2,2,0,0
PRV-010,2026-04-12,Orthopedics,3,3,2,0,1
PRV-011,2026-04-12,Orthopedics,6,5,5,0,0
PRV-012,2026-04-12,Neurology,1,1,1,0,0
PRV-013,2026-04-12,Neurology,4,3,2,0,1
PRV-014,2026-04-12,Neurology,7,6,5,0,1
PRV-015,2026-04-12,Gastroenterology,4,4,2,1,1
PRV-016,2026-04-12,Gastroenterology,3,3,3,0,0
PRV-017,2026-04-12,Gastroenterology,3,3,3,0,0
PRV-018,2026-04-12,Gastroenterology,6,6,6,0,0
PRV-019,2026-04-12,Pulmonology,3,2,0,1,1
PRV-020,2026-04-12,Pulmonology,11,9,7,1,1
PRV-021,2026-04-12,Pulmonology,5,5,5,0,0
PRV-022,2026-04-12,Pulmonology,6,5,4,1,0
PRV-001,2026-04-13,Cardiology,3,2,1,1,0
PRV-002,2026-04-13,Cardiology,5,4,3,1,0
PRV-003,2026-04-13,Cardiology,9,8,8,0,0
PRV-004,2026-04-13,Cardiology,3,3,2,1,0
PRV-005,2026-04-13,Endocrinology,2,2,1,0,1
PRV-006,2026-04-13,Endocrinology,6,6,6,0,0
PRV-007,2026-04-13,Endocrinology,6,5,1,4,0
PRV-009,2026-04-13,Orthopedics,5,4,4,0,0
PRV-010,2026-04-13,Orthopedics,5,5,5,0,0
PRV-011,2026-04-13,Orthopedics,6,5,4,1,0
PRV-012,2026-04-13,Neurology,4,3,3,0,0
PRV-013,2026-04-13,Neurology,2,2,1,1,0
PRV-014,2026-04-13,Neurology,1,1,1,0,0
PRV-015,2026-04-13,Gastroenterology,7,6,3,1,2
PRV-016,2026-04-13,Gastroenterology,2,2,2,0,0
PRV-017,2026-04-13,Gastroenterology,4,4,3,1,0
PRV-018,2026-04-13,Gastroenterology,1,1,1,0,0
PRV-019,2026-04-13,Pulmonology,6,4,4,0,0
PRV-020,2026-04-13,Pulmonology,7,6,4,1,1
PRV-021,2026-04-13,Pulmonology,7,7,6,0,1
PRV-022,2026-04-13,Pulmonology,6,5,5,0,0
PRV-001,2026-04-14,Cardiology,5,4,3,1,0
PRV-002,2026-04-14,Cardiology,1,1,1,0,0
PRV-003,2026-04-14,Cardiology,2,2,2,0,0
PRV-004,2026-04-14,Cardiology,2,2,2,0,0
PRV-005,2026-04-14,Endocrinology,5,4,3,0,1
PRV-006,2026-04-14,Endocrinology,5,5,3,1,1
PRV-007,2026-04-14,Endocrinology,5,4,4,0,0
PRV-008,2026-04-14,Orthopedics,1,1,1,0,0
PRV-009,2026-04-14,Orthopedics,1,1,0,1,0
PRV-010,2026-04-14,Orthopedics,3,3,3,0,0
PRV-011,2026-04-14,Orthopedics,9,7,6,1,0
PRV-012,2026-04-14,Neurology,4,3,2,1,0
PRV-013,2026-04-14,Neurology,4,3,3,0,0
PRV-014,2026-04-14,Neurology,5,4,3,1,0
PRV-015,2026-04-14,Gastroenterology,2,2,1,0,1
PRV-017,2026-04-14,Gastroenterology,3,3,2,1,0
PRV-018,2026-04-14,Gastroenterology,4,4,3,1,0
PRV-019,2026-04-14,Pulmonology,8,6,5,0,1
PRV-020,2026-04-14,Pulmonology,10,8,7,1,0
PRV-021,2026-04-14,Pulmonology,2,2,2,0,0
PRV-022,2026-04-14,Pulmonology,5,4,4,0,0
PRV-002,2026-04-15,Cardiology,4,3,3,0,0
PRV-003,2026-04-15,Cardiology,1,1,0,1,0
PRV-004,2026-04-15,Cardiology,4,4,4,0,0
PRV-005,2026-04-15,Endocrinology,7,6,6,0,0
PRV-006,2026-04-15,Endocrinology,3,3,3,0,0
PRV-007,2026-04-15,Endocrinology,2,2,0,1,1
PRV-008,2026-04-15,Orthopedics,4,3,3,0,0
PRV-009,2026-04-15,Orthopedics,1,1,1,0,0
PRV-010,2026-04-15,Orthopedics,7,7,6,1,0
PRV-013,2026-04-15,Neurology,4,3,3,0,0
PRV-014,2026-04-15,Neurology,5,4,2,2,0
PRV-015,2026-04-15,Gastroenterology,4,4,4,0,0
PRV-016,2026-04-15,Gastroenterology,6,5,5,0,0
PRV-017,2026-04-15,Gastroenterology,3,3,2,1,0
PRV-018,2026-04-15,Gastroenterology,3,3,3,0,0
PRV-019,2026-04-15,Pulmonology,1,1,1,0,0
PRV-020,2026-04-15,Pulmonology,6,5,4,0,1
PRV-021,2026-04-15,Pulmonology,3,3,2,0,1
PRV-022,2026-04-15,Pulmonology,10,8,8,0,0
PRV-001,2026-04-16,Cardiology,1,1,1,0,0
PRV-002,2026-04-16,Cardiology,4,3,3,0,0
PRV-003,2026-04-16,Cardiology,4,4,4,0,0
PRV-004,2026-04-16,Cardiology,2,2,1,1,0
PRV-005,2026-04-16,Endocrinology,3,3,3,0,0
PRV-006,2026-04-16,Endocrinology,5,5,3,1,1
PRV-007,2026-04-16,Endocrinology,6,5,3,2,0
PRV-008,2026-04-16,Orthopedics,3,2,2,0,0
PRV-010,2026-04-16,Orthopedics,6,6,6,0,0
PRV-011,2026-04-16,Orthopedics,9,7,6,0,1
PRV-012,2026-04-16,Neurology,2,2,2,0,0
PRV-013,2026-04-16,Neurology,5,4,4,0,0
PRV-014,2026-04-16,Neurology,3,3,3,0,0
PRV-015,2026-04-16,Gastroenterology,1,1,1,0,0
PRV-016,2026-04-16,Gastroenterology,1,1,0,0,1
PRV-017,2026-04-16,Gastroenterology,8,7,4,3,0
PRV-018,2026-04-16,Gastroenterology,3,3,2,0,1
PRV-019,2026-04-16,Pulmonology,7,5,5,0,0
PRV-020,2026-04-16,Pulmonology,7,6,6,0,0
PRV-021,2026-04-16,Pulmonology,4,4,3,0,1
PRV-022,2026-04-16,Pulmonology,5,4,2,2,0
PRV-001,2026-04-17,Cardiology,3,2,2,0,0
PRV-002,2026-04-17,Cardiology,1,1,1,0,0
PRV-003,2026-04-17,Cardiology,7,6,5,0,1
PRV-004,2026-04-17,Cardiology,6,6,5,1,0
PRV-005,2026-04-17,Endocrinology,3,3,3,0,0
PRV-006,2026-04-17,Endocrinology,3,3,3,0,0
PRV-007,2026-04-17,Endocrinology,2,2,2,0,0
PRV-008,2026-04-17,Orthopedics,5,4,4,0,0
PRV-009,2026-04-17,Orthopedics,5,4,3,0,1
PRV-010,2026-04-17,Orthopedics,3,3,2,1,0
PRV-011,2026-04-17,Orthopedics,6,5,3,0,2
PRV-013,2026-04-17,Neurology,2,2,1,1,0
PRV-014,2026-04-17,Neurology,6,5,3,1,1
PRV-015,2026-04-17,Gastroenterology,4,4,4,0,0
PRV-016,2026-04-17,Gastroenterology,3,3,3,0,0
PRV-017,2026-04-17,Gastroenterology,5,5,4,1,0
PRV-018,2026-04-17,Gastroenterology,3,3,3,0,0
PRV-019,2026-04-17,Pulmonology,7,5,4,0,1
PRV-020,2026-04-17,Pulmonology,2,2,2,0,0
PRV-021,2026-04-17,Pulmonology,3,3,3,0,0
PRV-022,2026-04-17,Pulmonology,6,5,3,1,1
PRV-001,2026-04-18,Cardiology,7,5,4,0,1
PRV-002,2026-04-18,Cardiology,2,2,2,0,0
PRV-003,2026-04-18,Cardiology,2,2,2,0,0
PRV-004,2026-04-18,Cardiology,3,3,1,0,2
PRV-005,2026-04-18,Endocrinology,5,4,4,0,0
PRV-006,2026-04-18,Endocrinology,3,3,3,0,0
PRV-007,2026-04-18,Endocrinology,9,8,7,1,0
PRV-008,2026-04-18,Orthopedics,6,5,5,0,0
PRV-009,2026-04-18,Orthopedics,1,1,1,0,0
PRV-010,2026-04-18,Orthopedics,2,2,2,0,0
PRV-011,2026-04-18,Orthopedics,5,4,3,1,0
PRV-012,2026-04-18,Neurology,4,3,2,0,1
PRV-013,2026-04-18,Neurology,4,3,3,0,0
PRV-014,2026-04-18,Neurology,5,4,3,0,1
PRV-015,2026-04-18,Gastroenterology,7,6,4,1,1
PRV-016,2026-04-18,Gastroenterology,2,2,2,0,0
PRV-017,2026-04-18,Gastroenterology,2,2,2,0,0
PRV-018,2026-04-18,Gastroenterology,2,2,1,1,0
PRV-019,2026-04-18,Pulmonology,7,5,5,0,0
PRV-020,2026-04-18,Pulmonology,6,5,3,2,0
PRV-021,2026-04-18,Pulmonology,3,3,1,0,2
PRV-022,2026-04-18,Pulmonology,2,2,2,0,0
PRV-001,2026-04-19,Cardiology,4,3,3,0,0
PRV-002,2026-04-19,Cardiology,6,5,5,0,0
PRV-003,2026-04-19,Cardiology,2,2,1,1,0
PRV-004,2026-04-19,Cardiology,2,2,2,0,0
PRV-005,2026-04-19,Endocrinology,7,6,5,0,1
PRV-006,2026-04-19,Endocrinology,6,6,5,1,0
PRV-007,2026-04-19,Endocrinology,2,2,1,0,1
PRV-008,2026-04-19,Orthopedics,5,4,4,0,0
PRV-009,2026-04-19,Orthopedics,5,4,4,0,0
PRV-010,2026-04-19,Orthopedics,7,7,6,1,0
PRV-011,2026-04-19,Orthopedics,6,5,4,0,1
PRV-012,2026-04-19,Neurology,1,1,1,0,0
PRV-013,2026-04-19,Neurology,2,2,2,0,0
PRV-014,2026-04-19,Neurology,3,3,2,0,1
PRV-015,2026-04-19,Gastroenterology,4,4,3,0,1
PRV-016,2026-04-19,Gastroenterology,2,2,1,1,0
PRV-017,2026-04-19,Gastroenterology,2,2,0,0,2
PRV-018,2026-04-19,Gastroenterology,5,5,3,2,0
PRV-019,2026-04-19,Pulmonology,7,5,4,0,1
PRV-020,2026-04-19,Pulmonology,6,5,4,0,1
PRV-021,2026-04-19,Pulmonology,3,3,3,0,0
PRV-022,2026-04-19,Pulmonology,4,3,3,0,0
PRV-001,2026-04-20,Cardiology,4,3,1,0,2
PRV-002,2026-04-20,Cardiology,1,1,1,0,0
PRV-003,2026-04-20,Cardiology,5,5,5,0,0
PRV-004,2026-04-20,Cardiology,3,3,3,0,0
PRV-005,2026-04-20,Endocrinology,6,5,3,2,0
PRV-006,2026-04-20,Endocrinology,7,7,7,0,0
PRV-007,2026-04-20,Endocrinology,3,3,2,1,0
PRV-008,2026-04-20,Orthopedics,3,2,2,0,0
PRV-009,2026-04-20,Orthopedics,3,2,2,0,0
PRV-010,2026-04-20,Orthopedics,6,6,4,1,1
PRV-011,2026-04-20,Orthopedics,5,4,4,0,0
PRV-012,2026-04-20,Neurology,1,1,1,0,0
PRV-013,2026-04-20,Neurology,4,3,1,2,0
PRV-014,2026-04-20,Neurology,2,2,2,0,0
PRV-015,2026-04-20,Gastroenterology,5,5,3,2,0
PRV-016,2026-04-20,Gastroenterology,2,2,1,0,1
PRV-017,2026-04-20,Gastroenterology,2,2,2,0,0
PRV-018,2026-04-20,Gastroenterology,1,1,1,0,0
PRV-019,2026-04-20,Pulmonology,7,5,4,0,1
PRV-020,2026-04-20,Pulmonology,5,4,4,0,0
PRV-021,2026-04-20,Pulmonology,4,4,4,0,0
PRV-022,2026-04-20,Pulmonology,6,5,4,0,1
PRV-002,2026-04-21,Cardiology,5,4,3,1,0
PRV-003,2026-04-21,Cardiology,5,5,3,1,1
PRV-004,2026-04-21,Cardiology,5,5,4,1,0
PRV-005,2026-04-21,Endocrinology,2,2,2,0,0
PRV-006,2026-04-21,Endocrinology,4,4,3,1,0
PRV-007,2026-04-21,Endocrinology,5,4,2,0,2
PRV-008,2026-04-21,Orthopedics,4,3,3,0,0
PRV-009,2026-04-21,Orthopedics,1,1,1,0,0
PRV-010,2026-04-21,Orthopedics,4,4,4,0,0
PRV-011,2026-04-21,Orthopedics,6,5,4,0,1
PRV-012,2026-04-21,Neurology,5,4,3,0,1
PRV-013,2026-04-21,Neurology,5,4,3,0,1
PRV-014,2026-04-21,Neurology,3,3,2,1,0
PRV-015,2026-04-21,Gastroenterology,7,6,5,0,1
PRV-016,2026-04-21,Gastroenterology,2,2,2,0,0
PRV-017,2026-04-21,Gastroenterology,7,6,6,0,0
PRV-018,2026-04-21,Gastroenterology,1,1,1,0,0
PRV-019,2026-04-21,Pulmonology,6,4,4,0,0
PRV-020,2026-04-21,Pulmonology,7,6,6,0,0
PRV-021,2026-04-21,Pulmonology,6,6,6,0,0
PRV-022,2026-04-21,Pulmonology,2,2,1,0,1
PRV-001,2026-04-22,Cardiology,3,2,2,0,0
PRV-002,2026-04-22,Cardiology,5,4,1,3,0
PRV-003,2026-04-22,Cardiology,4,4,2,1,1
PRV-004,2026-04-22,Cardiology,2,2,2,0,0
PRV-005,2026-04-22,Endocrinology,5,4,4,0,0
PRV-006,2026-04-22,Endocrinology,5,5,3,0,2
PRV-007,2026-04-22,Endocrinology,3,3,2,0,1
PRV-008,2026-04-22,Orthopedics,8,6,6,0,0
PRV-009,2026-04-22,Orthopedics,6,5,5,0,0
PRV-010,2026-04-22,Orthopedics,2,2,2,0,0
PRV-011,2026-04-22,Orthopedics,6,5,3,1,1
PRV-012,2026-04-22,Neurology,4,3,2,1,0
PRV-013,2026-04-22,Neurology,2,2,1,0,1
PRV-014,2026-04-22,Neurology,5,4,2,1,1
PRV-015,2026-04-22,Gastroenterology,3,3,2,1,0
PRV-016,2026-04-22,Gastroenterology,2,2,2,0,0
PRV-017,2026-04-22,Gastroenterology,5,5,4,1,0
PRV-018,2026-04-22,Gastroenterology,6,6,5,0,1
PRV-019,2026-04-22,Pulmonology,3,2,2,0,0
PRV-020,2026-04-22,Pulmonology,11,9,8,0,1
PRV-021,2026-04-22,Pulmonology,4,4,4,0,0
PRV-022,2026-04-22,Pulmonology,1,1,1,0,0
PRV-001,2026-04-23,Cardiology,4,3,3,0,0
PRV-002,2026-04-23,Cardiology,2,2,2,0,0
PRV-003,2026-04-23,Cardiology,7,6,4,1,1
PRV-004,2026-04-23,Cardiology,5,5,5,0,0
PRV-006,2026-04-23,Endocrinology,2,2,1,1,0
PRV-007,2026-04-23,Endocrinology,8,7,4,3,0
PRV-008,2026-04-23,Orthopedics,6,5,3,2,0
PRV-009,2026-04-23,Orthopedics,5,4,4,0,0
PRV-010,2026-04-23,Orthopedics,2,2,2,0,0
PRV-011,2026-04-23,Orthopedics,4,3,3,0,0
PRV-012,2026-04-23,Neurology,1,1,1,0,0
PRV-013,2026-04-23,Neurology,1,1,0,0,1
PRV-014,2026-04-23,Neurology,5,4,3,1,0
PRV-015,2026-04-23,Gastroenterology,4,4,2,2,0
PRV-016,2026-04-23,Gastroenterology,2,2,2,0,0
PRV-017,2026-04-23,Gastroenterology,3,3,2,1,0
PRV-018,2026-04-23,Gastroenterology,8,8,8,0,0
PRV-019,2026-04-23,Pulmonology,8,6,5,1,0
PRV-020,2026-04-23,Pulmonology,5,4,4,0,0
PRV-021,2026-04-23,Pulmonology,6,6,4,1,1
PRV-022,2026-04-23,Pulmonology,4,3,3,0,0
PRV-001,2026-04-24,Cardiology,4,3,3,0,0
PRV-002,2026-04-24,Cardiology,2,2,2,0,0
PRV-003,2026-04-24,Cardiology,2,2,1,0,1
PRV-004,2026-04-24,Cardiology,6,6,6,0,0
PRV-005,2026-04-24,Endocrinology,7,6,3,0,3
PRV-006,2026-04-24,Endocrinology,5,5,4,0,1
PRV-007,2026-04-24,Endocrinology,2,2,2,0,0
PRV-008,2026-04-24,Orthopedics,4,3,3,0,0
PRV-009,2026-04-24,Orthopedics,6,5,4,0,1
PRV-010,2026-04-24,Orthopedics,3,3,3,0,0
PRV-011,2026-04-24,Orthopedics,5,4,3,1,0
PRV-012,2026-04-24,Neurology,6,5,4,1,0
PRV-013,2026-04-24,Neurology,4,3,2,1,0
PRV-014,2026-04-24,Neurology,2,2,1,0,1
PRV-015,2026-04-24,Gastroenterology,3,3,2,1,0
PRV-016,2026-04-24,Gastroenterology,2,2,2,0,0
PRV-017,2026-04-24,Gastroenterology,4,4,3,1,0
PRV-018,2026-04-24,Gastroenterology,2,2,1,0,1
PRV-019,2026-04-24,Pulmonology,6,4,4,0,0
PRV-020,2026-04-24,Pulmonology,2,2,1,1,0
PRV-021,2026-04-24,Pulmonology,3,3,2,1,0
PRV-022,2026-04-24,Pulmonology,9,7,6,1,0
PRV-003,2026-04-25,Cardiology,3,3,3,0,0
PRV-004,2026-04-25,Cardiology,2,2,2,0,0
PRV-005,2026-04-25,Endocrinology,6,5,3,2,0
PRV-006,2026-04-25,Endocrinology,5,5,5,0,0
PRV-007,2026-04-25,Endocrinology,12,11,10,0,1
PRV-008,2026-04-25,Orthopedics,5,4,4,0,0
PRV-009,2026-04-25,Orthopedics,5,4,4,0,0
PRV-010,2026-04-25,Orthopedics,4,4,3,1,0
PRV-011,2026-04-25,Orthopedics,5,4,4,0,0
PRV-012,2026-04-25,Neurology,2,2,2,0,0
PRV-013,2026-04-25,Neurology,5,4,2,1,1
PRV-014,2026-04-25,Neurology,3,3,3,0,0
PRV-015,2026-04-25,Gastroenterology,7,6,5,1,0
PRV-016,2026-04-25,Gastroenterology,1,1,1,0,0
PRV-017,2026-04-25,Gastroenterology,2,2,2,0,0
PRV-019,2026-04-25,Pulmonology,7,5,4,1,0
PRV-020,2026-04-25,Pulmonology,6,5,5,0,0
PRV-021,2026-04-25,Pulmonology,1,1,1,0,0
PRV-022,2026-04-25,Pulmonology,4,3,3,0,0
PRV-001,2026-04-26,Cardiology,4,3,3,0,0
PRV-002,2026-04-26,Cardiology,1,1,1,0,0
PRV-003,2026-04-26,Cardiology,3,3,2,0,1
PRV-004,2026-04-26,Cardiology,4,4,2,0,2
PRV-005,2026-04-26,Endocrinology,1,1,1,0,0
PRV-006,2026-04-26,Endocrinology,7,7,4,3,0
PRV-007,2026-04-26,Endocrinology,8,7,6,0,1
PRV-008,2026-04-26,Orthopedics,1,1,1,0,0
PRV-009,2026-04-26,Orthopedics,4,3,2,0,1
PRV-010,2026-04-26,Orthopedics,3,3,2,0,1
PRV-011,2026-04-26,Orthopedics,5,4,4,0,0
PRV-013,2026-04-26,Neurology,2,2,1,0,1
PRV-014,2026-04-26,Neurology,3,3,3,0,0
PRV-015,2026-04-26,Gastroenterology,2,2,1,0,1
PRV-016,2026-04-26,Gastroenterology,3,3,2,0,1
PRV-017,2026-04-26,Gastroenterology,2,2,2,0,0
PRV-018,2026-04-26,Gastroenterology,2,2,2,0,0
PRV-019,2026-04-26,Pulmonology,6,4,4,0,0
PRV-020,2026-04-26,Pulmonology,2,2,1,0,1
PRV-021,2026-04-26,Pulmonology,4,4,4,0,0
PRV-022,2026-04-26,Pulmonology,5,4,1,2,1
PRV-001,2026-04-27,Cardiology,5,4,3,1,0
PRV-002,2026-04-27,Cardiology,2,2,2,0,0
PRV-003,2026-04-27,Cardiology,2,2,2,0,0
PRV-004,2026-04-27,Cardiology,3,3,3,0,0
PRV-005,2026-04-27,Endocrinology,6,5,4,1,0
PRV-006,2026-04-27,Endocrinology,6,6,4,1,1
PRV-007,2026-04-27,Endocrinology,8,7,7,0,0
PRV-008,2026-04-27,Orthopedics,3,2,2,0,0
PRV-010,2026-04-27,Orthopedics,6,6,6,0,0
PRV-011,2026-04-27,Orthopedics,4,3,3,0,0
PRV-013,2026-04-27,Neurology,2,2,1,1,0
PRV-014,2026-04-27,Neurology,3,3,2,0,1
PRV-015,2026-04-27,Gastroenterology,5,5,5,0,0
PRV-016,2026-04-27,Gastroenterology,3,3,3,0,0
PRV-017,2026-04-27,Gastroenterology,5,5,4,0,1
PRV-018,2026-04-27,Gastroenterology,9,9,7,1,1
PRV-019,2026-04-27,Pulmonology,6,4,3,1,0
PRV-020,2026-04-27,Pulmonology,10,8,8,0,0
PRV-021,2026-04-27,Pulmonology,5,5,4,1,0
PRV-022,2026-04-27,Pulmonology,1,1,1,0,0
PRV-001,2026-04-28,Cardiology,4,3,3,0,0
PRV-002,2026-04-28,Cardiology,6,5,5,0,0
PRV-003,2026-04-28,Cardiology,4,4,3,1,0
PRV-004,2026-04-28,Cardiology,5,5,3,0,2
PRV-005,2026-04-28,Endocrinology,6,5,3,1,1
PRV-006,2026-04-28,Endocrinology,11,10,8,2,0
PRV-007,2026-04-28,Endocrinology,6,5,3,2,0
PRV-009,2026-04-28,Orthopedics,3,2,0,1,1
PRV-010,2026-04-28,Orthopedics,2,2,2,0,0
PRV-011,2026-04-28,Orthopedics,3,2,2,0,0
PRV-013,2026-04-28,Neurology,1,1,1,0,0
PRV-014,2026-04-28,Neurology,3,3,2,0,1
PRV-015,2026-04-28,Gastroenterology,2,2,1,0,1
PRV-016,2026-04-28,Gastroenterology,2,2,1,0,1
PRV-017,2026-04-28,Gastroenterology,3,3,2,1,0
PRV-018,2026-04-28,Gastroenterology,3,3,3,0,0
PRV-019,2026-04-28,Pulmonology,7,5,3,1,1
PRV-020,2026-04-28,Pulmonology,4,3,2,0,1
PRV-021,2026-04-28,Pulmonology,2,2,2,0,0
PRV-022,2026-04-28,Pulmonology,14,11,9,1,1
PRV-001,2026-04-29,Cardiology,4,3,3,0,0
PRV-002,2026-04-29,Cardiology,4,3,3,0,0
PRV-003,2026-04-29,Cardiology,10,9,7,0,2
PRV-004,2026-04-29,Cardiology,2,2,1,1,0
PRV-005,2026-04-29,Endocrinology,10,9,9,0,0
PRV-006,2026-04-29,Endocrinology,5,5,5,0,0
PRV-007,2026-04-29,Endocrinology,6,5,3,2,0
PRV-008,2026-04-29,Orthopedics,6,5,4,1,0
PRV-009,2026-04-29,Orthopedics,1,1,0,1,0
PRV-010,2026-04-29,Orthopedics,6,6,4,2,0
PRV-011,2026-04-29,Orthopedics,6,5,4,1,0
PRV-013,2026-04-29,Neurology,1,1,1,0,0
PRV-014,2026-04-29,Neurology,6,5,2,3,0
PRV-015,2026-04-29,Gastroenterology,4,4,2,2,0
PRV-016,2026-04-29,Gastroenterology,2,2,1,0,1
PRV-017,2026-04-29,Gastroenterology,2,2,2,0,0
PRV-018,2026-04-29,Gastroenterology,5,5,4,0,1
PRV-019,2026-04-29,Pulmonology,8,6,6,0,0
PRV-020,2026-04-29,Pulmonology,2,2,1,1,0
PRV-021,2026-04-29,Pulmonology,6,6,4,0,2
PRV-022,2026-04-29,Pulmonology,14,11,8,0,3
PRV-001,2026-04-30,Cardiology,5,4,3,0,1
PRV-002,2026-04-30,Cardiology,4,3,2,0,1
PRV-003,2026-04-30,Cardiology,4,4,1,2,1
PRV-004,2026-04-30,Cardiology,1,1,1,0,0
PRV-005,2026-04-30,Endocrinology,3,3,1,2,0
PRV-006,2026-04-30,Endocrinology,4,4,4,0,0
PRV-007,2026-04-30,Endocrinology,1,1,0,1,0
PRV-009,2026-04-30,Orthopedics,1,1,0,1,0
PRV-010,2026-04-30,Orthopedics,4,4,4,0,0
PRV-011,2026-04-30,Orthopedics,5,4,3,1,0
PRV-012,2026-04-30,Neurology,2,2,1,1,0
PRV-013,2026-04-30,Neurology,5,4,2,0,2
PRV-014,2026-04-30,Neurology,6,5,3,2,0
PRV-015,2026-04-30,Gastroenterology,7,6,5,1,0
PRV-016,2026-04-30,Gastroenterology,2,2,2,0,0
PRV-017,2026-04-30,Gastroenterology,3,3,2,1,0
PRV-018,2026-04-30,Gastroenterology,7,7,6,1,0
PRV-019,2026-04-30,Pulmonology,1,1,1,0,0
PRV-020,2026-04-30,Pulmonology,12,10,10,0,0
PRV-021,2026-04-30,Pulmonology,2,2,2,0,0
PRV-022,2026-04-30,Pulmonology,1,1,1,0,0
PRV-001,2026-05-01,Cardiology,8,6,5,1,0
PRV-002,2026-05-01,Cardiology,5,4,2,0,2
PRV-003,2026-05-01,Cardiology,4,4,4,0,0
PRV-004,2026-05-01,Cardiology,3,3,1,2,0
PRV-005,2026-05-01,Endocrinology,7,6,4,2,0
PRV-006,2026-05-01,Endocrinology,5,5,4,1,0
PRV-007,2026-05-01,Endocrinology,6,5,5,0,0
PRV-008,2026-05-01,Orthopedics,3,2,2,0,0
PRV-009,2026-05-01,Orthopedics,4,3,2,1,0
PRV-010,2026-05-01,Orthopedics,4,4,3,1,0
PRV-011,2026-05-01,Orthopedics,4,3,2,1,0
PRV-012,2026-05-01,Neurology,4,3,2,1,0
PRV-013,2026-05-01,Neurology,6,5,4,0,1
PRV-014,2026-05-01,Neurology,1,1,1,0,0
PRV-015,2026-05-01,Gastroenterology,3,3,2,1,0
PRV-017,2026-05-01,Gastroenterology,8,7,5,1,1
PRV-018,2026-05-01,Gastroenterology,2,2,2,0,0
PRV-019,2026-05-01,Pulmonology,1,1,1,0,0
PRV-020,2026-05-01,Pulmonology,2,2,2,0,0
PRV-021,2026-05-01,Pulmonology,6,6,5,1,0
PRV-022,2026-05-01,Pulmonology,5,4,4,0,0
PRV-001,2026-05-02,Cardiology,4,3,3,0,0
PRV-002,2026-05-02,Cardiology,4,3,3,0,0
PRV-003,2026-05-02,Cardiology,3,3,3,0,0
PRV-004,2026-05-02,Cardiology,4,4,3,1,0
PRV-005,2026-05-02,Endocrinology,5,4,3,1,0
PRV-006,2026-05-02,Endocrinology,3,3,3,0,0
PRV-007,2026-05-02,Endocrinology,10,9,8,1,0
PRV-008,2026-05-02,Orthopedics,5,4,2,2,0
PRV-009,2026-05-02,Orthopedics,4,3,2,1,0
PRV-010,2026-05-02,Orthopedics,8,8,7,1,0
PRV-011,2026-05-02,Orthopedics,8,6,5,1,0
PRV-012,2026-05-02,Neurology,5,4,2,1,1
PRV-013,2026-05-02,Neurology,2,2,2,0,0
PRV-014,2026-05-02,Neurology,8,7,5,2,0
PRV-015,2026-05-02,Gastroenterology,5,5,3,1,1
PRV-016,2026-05-02,Gastroenterology,2,2,2,0,0
PRV-017,2026-05-02,Gastroenterology,4,4,3,1,0
PRV-018,2026-05-02,Gastroenterology,5,5,3,0,2
PRV-019,2026-05-02,Pulmonology,12,9,7,0,2
PRV-020,2026-05-02,Pulmonology,6,5,5,0,0
PRV-021,2026-05-02,Pulmonology,4,4,4,0,0
PRV-022,2026-05-02,Pulmonology,2,2,2,0,0
PRV-001,2026-05-03,Cardiology,4,3,2,1,0
PRV-002,2026-05-03,Cardiology,1,1,1,0,0
PRV-003,2026-05-03,Cardiology,7,6,5,1,0
PRV-004,2026-05-03,Cardiology,3,3,2,1,0
PRV-005,2026-05-03,Endocrinology,6,5,4,1,0
PRV-006,2026-05-03,Endocrinology,5,5,4,0,1
PRV-007,2026-05-03,Endocrinology,1,1,1,0,0
PRV-008,2026-05-03,Orthopedics,4,3,3,0,0
PRV-009,2026-05-03,Orthopedics,4,3,3,0,0
PRV-010,2026-05-03,Orthopedics,6,6,3,2,1
PRV-011,2026-05-03,Orthopedics,6,5,5,0,0
PRV-012,2026-05-03,Neurology,5,4,3,1,0
PRV-013,2026-05-03,Neurology,6,5,2,1,2
PRV-014,2026-05-03,Neurology,3,3,2,1,0
PRV-015,2026-05-03,Gastroenterology,4,4,3,1,0
PRV-016,2026-05-03,Gastroenterology,1,1,1,0,0
PRV-017,2026-05-03,Gastroenterology,2,2,1,0,1
PRV-018,2026-05-03,Gastroenterology,5,5,5,0,0
PRV-019,2026-05-03,Pulmonology,7,5,4,1,0
PRV-020,2026-05-03,Pulmonology,5,4,3,1,0
PRV-021,2026-05-03,Pulmonology,3,3,1,2,0
PRV-022,2026-05-03,Pulmonology,5,4,3,1,0
PRV-001,2026-05-04,Cardiology,3,2,1,1,0
PRV-002,2026-05-04,Cardiology,1,1,0,0,1
PRV-003,2026-05-04,Cardiology,5,5,3,2,0
PRV-004,2026-05-04,Cardiology,3,3,3,0,0
PRV-005,2026-05-04,Endocrinology,2,2,0,0,2
PRV-006,2026-05-04,Endocrinology,1,1,1,0,0
PRV-007,2026-05-04,Endocrinology,7,6,6,0,0
PRV-008,2026-05-04,Orthopedics,4,3,2,1,0
PRV-009,2026-05-04,Orthopedics,1,1,1,0,0
PRV-010,2026-05-04,Orthopedics,3,3,3,0,0
PRV-011,2026-05-04,Orthopedics,5,4,4,0,0
PRV-012,2026-05-04,Neurology,7,6,3,3,0
PRV-013,2026-05-04,Neurology,4,3,3,0,0
PRV-014,2026-05-04,Neurology,5,4,4,0,0
PRV-015,2026-05-04,Gastroenterology,7,6,4,1,1
PRV-016,2026-05-04,Gastroenterology,3,3,3,0,0
PRV-017,2026-05-04,Gastroenterology,1,1,1,0,0
PRV-018,2026-05-04,Gastroenterology,7,7,6,1,0
PRV-019,2026-05-04,Pulmonology,4,3,3,0,0
PRV-020,2026-05-04,Pulmonology,5,4,3,1,0
PRV-021,2026-05-04,Pulmonology,2,2,2,0,0
PRV-022,2026-05-04,Pulmonology,11,9,8,0,1
PRV-001,2026-05-05,Cardiology,1,1,1,0,0
PRV-002,2026-05-05,Cardiology,4,3,3,0,0
PRV-003,2026-05-05,Cardiology,4,4,2,1,1
PRV-005,2026-05-05,Endocrinology,2,2,2,0,0
PRV-006,2026-05-05,Endocrinology,6,6,6,0,0
PRV-007,2026-05-05,Endocrinology,2,2,0,0,2
PRV-008,2026-05-05,Orthopedics,1,1,1,0,0
PRV-009,2026-05-05,Orthopedics,1,1,0,1,0
PRV-010,2026-05-05,Orthopedics,3,3,3,0,0
PRV-011,2026-05-05,Orthopedics,5,4,2,2,0
PRV-012,2026-05-05,Neurology,1,1,1,0,0
PRV-013,2026-05-05,Neurology,7,6,5,0,1
PRV-014,2026-05-05,Neurology,5,4,2,2,0
PRV-015,2026-05-05,Gastroenterology,3,3,2,1,0
PRV-016,2026-05-05,Gastroenterology,4,4,3,0,1
PRV-017,2026-05-05,Gastroenterology,2,2,1,0,1
PRV-018,2026-05-05,Gastroenterology,6,6,6,0,0
PRV-019,2026-05-05,Pulmonology,1,1,1,0,0
PRV-020,2026-05-05,Pulmonology,4,3,3,0,0
PRV-021,2026-05-05,Pulmonology,7,7,7,0,0
PRV-022,2026-05-05,Pulmonology,8,6,5,1,0
PRV-001,2026-05-06,Cardiology,3,2,1,0,1
PRV-002,2026-05-06,Cardiology,2,2,2,0,0
PRV-003,2026-05-06,Cardiology,3,3,2,0,1
PRV-004,2026-05-06,Cardiology,2,2,2,0,0
PRV-005,2026-05-06,Endocrinology,3,3,3,0,0
PRV-006,2026-05-06,Endocrinology,3,3,3,0,0
PRV-007,2026-05-06,Endocrinology,5,4,3,1,0
PRV-008,2026-05-06,Orthopedics,9,7,7,0,0
PRV-009,2026-05-06,Orthopedics,3,2,2,0,0
PRV-010,2026-05-06,Orthopedics,4,4,4,0,0
PRV-011,2026-05-06,Orthopedics,10,8,7,1,0
PRV-012,2026-05-06,Neurology,4,3,3,0,0
PRV-013,2026-05-06,Neurology,4,3,3,0,0
PRV-014,2026-05-06,Neurology,8,7,6,1,0
PRV-015,2026-05-06,Gastroenterology,4,4,4,0,0
PRV-018,2026-05-06,Gastroenterology,3,3,3,0,0
PRV-019,2026-05-06,Pulmonology,8,6,5,1,0
PRV-020,2026-05-06,Pulmonology,6,5,5,0,0
PRV-021,2026-05-06,Pulmonology,1,1,1,0,0
PRV-022,2026-05-06,Pulmonology,2,2,1,0,1
PRV-001,2026-05-07,Cardiology,1,1,1,0,0
PRV-002,2026-05-07,Cardiology,1,1,1,0,0
PRV-003,2026-05-07,Cardiology,3,3,2,0,1
PRV-004,2026-05-07,Cardiology,2,2,2,0,0
PRV-005,2026-05-07,Endocrinology,7,6,6,0,0
PRV-006,2026-05-07,Endocrinology,2,2,2,0,0
PRV-007,2026-05-07,Endocrinology,6,5,3,2,0
PRV-008,2026-05-07,Orthopedics,9,7,6,1,0
PRV-009,2026-05-07,Orthopedics,4,3,2,0,1
PRV-010,2026-05-07,Orthopedics,4,4,4,0,0
PRV-011,2026-05-07,Orthopedics,9,7,7,0,0
PRV-012,2026-05-07,Neurology,4,3,2,1,0
PRV-013,2026-05-07,Neurology,6,5,4,0,1
PRV-014,2026-05-07,Neurology,6,5,4,1,0
PRV-015,2026-05-07,Gastroenterology,5,5,4,0,1
PRV-016,2026-05-07,Gastroenterology,3,3,3,0,0
PRV-017,2026-05-07,Gastroenterology,3,3,2,0,1
PRV-018,2026-05-07,Gastroenterology,4,4,2,1,1
PRV-019,2026-05-07,Pulmonology,7,5,4,1,0
PRV-020,2026-05-07,Pulmonology,7,6,5,1,0
PRV-021,2026-05-07,Pulmonology,6,6,5,1,0
PRV-022,2026-05-07,Pulmonology,10,8,6,1,1
PRV-001,2026-05-08,Cardiology,4,3,2,1,0
PRV-002,2026-05-08,Cardiology,4,3,3,0,0
PRV-003,2026-05-08,Cardiology,3,3,2,0,1
PRV-004,2026-05-08,Cardiology,6,6,5,1,0
PRV-005,2026-05-08,Endocrinology,5,4,3,0,1
PRV-006,2026-05-08,Endocrinology,7,7,6,0,1
PRV-007,2026-05-08,Endocrinology,5,4,3,1,0
PRV-008,2026-05-08,Orthopedics,4,3,3,0,0
PRV-009,2026-05-08,Orthopedics,3,2,1,0,1
PRV-010,2026-05-08,Orthopedics,11,10,9,1,0
PRV-011,2026-05-08,Orthopedics,6,5,3,1,1
PRV-012,2026-05-08,Neurology,1,1,0,0,1
PRV-013,2026-05-08,Neurology,4,3,3,0,0
PRV-014,2026-05-08,Neurology,5,4,3,1,0
PRV-015,2026-05-08,Gastroenterology,2,2,1,0,1
PRV-016,2026-05-08,Gastroenterology,1,1,1,0,0
PRV-017,2026-05-08,Gastroenterology,3,3,3,0,0
PRV-018,2026-05-08,Gastroenterology,4,4,4,0,0
PRV-019,2026-05-08,Pulmonology,6,4,3,1,0
PRV-020,2026-05-08,Pulmonology,2,2,2,0,0
PRV-021,2026-05-08,Pulmonology,2,2,2,0,0
PRV-022,2026-05-08,Pulmonology,11,9,8,1,0
PRV-001,2026-05-09,Cardiology,1,1,1,0,0
PRV-002,2026-05-09,Cardiology,6,5,4,1,0
PRV-003,2026-05-09,Cardiology,3,3,2,1,0
PRV-004,2026-05-09,Cardiology,8,8,8,0,0
PRV-005,2026-05-09,Endocrinology,5,4,4,0,0
PRV-006,2026-05-09,Endocrinology,5,5,4,0,1
PRV-007,2026-05-09,Endocrinology,7,6,5,0,1
PRV-008,2026-05-09,Orthopedics,3,2,2,0,0
PRV-009,2026-05-09,Orthopedics,1,1,0,1,0
PRV-010,2026-05-09,Orthopedics,5,5,5,0,0
PRV-011,2026-05-09,Orthopedics,8,6,5,1,0
PRV-013,2026-05-09,Neurology,5,4,3,1,0
PRV-014,2026-05-09,Neurology,8,7,7,0,0
PRV-015,2026-05-09,Gastroenterology,5,5,3,0,2
PRV-016,2026-05-09,Gastroenterology,2,2,1,0,1
PRV-017,2026-05-09,Gastroenterology,1,1,0,1,0
PRV-018,2026-05-09,Gastroenterology,4,4,4,0,0
PRV-019,2026-05-09,Pulmonology,6,4,3,1,0
PRV-020,2026-05-09,Pulmonology,10,8,7,1,0
PRV-021,2026-05-09,Pulmonology,4,4,3,1,0
PRV-022,2026-05-09,Pulmonology,1,1,1,0,0
PRV-001,2026-05-10,Cardiology,8,6,5,1,0
PRV-002,2026-05-10,Cardiology,2,2,2,0,0
PRV-003,2026-05-10,Cardiology,1,1,1,0,0
PRV-004,2026-05-10,Cardiology,4,4,4,0,0
PRV-005,2026-05-10,Endocrinology,7,6,6,0,0
PRV-006,2026-05-10,Endocrinology,4,4,1,2,1
PRV-007,2026-05-10,Endocrinology,2,2,2,0,0
PRV-008,2026-05-10,Orthopedics,3,2,2,0,0
PRV-009,2026-05-10,Orthopedics,3,2,2,0,0
PRV-010,2026-05-10,Orthopedics,6,6,6,0,0
PRV-011,2026-05-10,Orthopedics,5,4,3,0,1
PRV-012,2026-05-10,Neurology,1,1,1,0,0
PRV-013,2026-05-10,Neurology,6,5,4,0,1
PRV-014,2026-05-10,Neurology,5,4,3,0,1
PRV-015,2026-05-10,Gastroenterology,2,2,2,0,0
PRV-016,2026-05-10,Gastroenterology,1,1,0,1,0
PRV-017,2026-05-10,Gastroenterology,4,4,3,1,0
PRV-018,2026-05-10,Gastroenterology,7,7,6,1,0
PRV-019,2026-05-10,Pulmonology,10,7,6,0,1
PRV-020,2026-05-10,Pulmonology,2,2,2,0,0
PRV-021,2026-05-10,Pulmonology,3,3,3,0,0
PRV-022,2026-05-10,Pulmonology,9,7,6,1,0
PRV-001,2026-05-11,Cardiology,4,3,2,1,0
PRV-002,2026-05-11,Cardiology,4,3,2,1,0
PRV-003,2026-05-11,Cardiology,1,1,1,0,0
PRV-004,2026-05-11,Cardiology,4,4,4,0,0
PRV-005,2026-05-11,Endocrinology,5,4,3,1,0
PRV-006,2026-05-11,Endocrinology,4,4,4,0,0
PRV-007,2026-05-11,Endocrinology,3,3,2,1,0
PRV-008,2026-05-11,Orthopedics,1,1,1,0,0
PRV-009,2026-05-11,Orthopedics,3,2,2,0,0
PRV-010,2026-05-11,Orthopedics,4,4,4,0,0
PRV-011,2026-05-11,Orthopedics,9,7,5,2,0
PRV-012,2026-05-11,Neurology,1,1,1,0,0
PRV-013,2026-05-11,Neurology,4,3,3,0,0
PRV-015,2026-05-11,Gastroenterology,4,4,3,0,1
PRV-016,2026-05-11,Gastroenterology,3,3,1,1,1
PRV-017,2026-05-11,Gastroenterology,2,2,2,0,0
PRV-018,2026-05-11,Gastroenterology,3,3,2,1,0
PRV-019,2026-05-11,Pulmonology,7,5,3,0,2
PRV-020,2026-05-11,Pulmonology,9,7,6,1,0
PRV-021,2026-05-11,Pulmonology,8,8,6,2,0
PRV-022,2026-05-11,Pulmonology,1,1,1,0,0
PRV-001,2026-05-12,Cardiology,8,6,5,0,1
PRV-002,2026-05-12,Cardiology,2,2,1,1,0
PRV-003,2026-05-12,Cardiology,2,2,2,0,0
PRV-004,2026-05-12,Cardiology,4,4,3,1,0
PRV-005,2026-05-12,Endocrinology,2,2,1,0,1
PRV-006,2026-05-12,Endocrinology,4,4,3,0,1
PRV-007,2026-05-12,Endocrinology,5,4,4,0,0
PRV-008,2026-05-12,Orthopedics,10,8,7,1,0
PRV-009,2026-05-12,Orthopedics,6,5,5,0,0
PRV-010,2026-05-12,Orthopedics,6,6,4,1,1
PRV-011,2026-05-12,Orthopedics,4,3,2,1,0
PRV-012,2026-05-12,Neurology,5,4,4,0,0
PRV-013,2026-05-12,Neurology,1,1,0,1,0
PRV-014,2026-05-12,Neurology,1,1,1,0,0
PRV-015,2026-05-12,Gastroenterology,9,8,6,1,1
PRV-016,2026-05-12,Gastroenterology,2,2,2,0,0
PRV-017,2026-05-12,Gastroenterology,5,5,5,0,0
PRV-018,2026-05-12,Gastroenterology,4,4,4,0,0
PRV-019,2026-05-12,Pulmonology,4,3,3,0,0
PRV-020,2026-05-12,Pulmonology,7,6,4,1,1
PRV-021,2026-05-12,Pulmonology,4,4,4,0,0
PRV-022,2026-05-12,Pulmonology,5,4,4,0,0
PRV-002,2026-05-13,Cardiology,2,2,2,0,0
PRV-003,2026-05-13,Cardiology,3,3,3,0,0
PRV-004,2026-05-13,Cardiology,4,4,3,1,0
PRV-005,2026-05-13,Endocrinology,7,6,5,1,0
PRV-006,2026-05-13,Endocrinology,8,8,6,1,1
PRV-007,2026-05-13,Endocrinology,8,7,6,0,1
PRV-009,2026-05-13,Orthopedics,6,5,4,1,0
PRV-010,2026-05-13,Orthopedics,2,2,1,0,1
PRV-011,2026-05-13,Orthopedics,6,5,5,0,0
PRV-012,2026-05-13,Neurology,1,1,1,0,0
PRV-013,2026-05-13,Neurology,5,4,4,0,0
PRV-014,2026-05-13,Neurology,6,5,3,1,1
PRV-015,2026-05-13,Gastroenterology,4,4,4,0,0
PRV-016,2026-05-13,Gastroenterology,1,1,1,0,0
PRV-017,2026-05-13,Gastroenterology,2,2,2,0,0
PRV-018,2026-05-13,Gastroenterology,5,5,3,1,1
PRV-019,2026-05-13,Pulmonology,8,6,4,0,2
PRV-020,2026-05-13,Pulmonology,5,4,3,1,0
PRV-021,2026-05-13,Pulmonology,3,3,3,0,0
PRV-022,2026-05-13,Pulmonology,9,7,6,1,0
PRV-001,2026-05-14,Cardiology,7,5,3,1,1
PRV-002,2026-05-14,Cardiology,9,7,5,2,0
PRV-003,2026-05-14,Cardiology,5,5,5,0,0
PRV-004,2026-05-14,Cardiology,2,2,2,0,0
PRV-005,2026-05-14,Endocrinology,2,2,2,0,0
PRV-006,2026-05-14,Endocrinology,8,8,7,1,0
PRV-007,2026-05-14,Endocrinology,1,1,1,0,0
PRV-010,2026-05-14,Orthopedics,3,3,3,0,0
PRV-011,2026-05-14,Orthopedics,4,3,3,0,0
PRV-012,2026-05-14,Neurology,2,2,2,0,0
PRV-013,2026-05-14,Neurology,2,2,2,0,0
PRV-014,2026-05-14,Neurology,5,4,4,0,0
PRV-015,2026-05-14,Gastroenterology,1,1,1,0,0
PRV-016,2026-05-14,Gastroenterology,2,2,1,0,1
PRV-017,2026-05-14,Gastroenterology,5,5,3,1,1
PRV-018,2026-05-14,Gastroenterology,1,1,0,0,1
PRV-019,2026-05-14,Pulmonology,4,3,3,0,0
PRV-020,2026-05-14,Pulmonology,7,6,5,0,1
PRV-021,2026-05-14,Pulmonology,6,6,5,0,1
PRV-022,2026-05-14,Pulmonology,8,6,5,1,0
PRV-001,2026-05-15,Cardiology,1,1,0,1,0
PRV-002,2026-05-15,Cardiology,2,2,1,0,1
PRV-003,2026-05-15,Cardiology,1,1,1,0,0
PRV-004,2026-05-15,Cardiology,5,5,4,0,1
PRV-005,2026-05-15,Endocrinology,2,2,2,0,0
PRV-006,2026-05-15,Endocrinology,4,4,4,0,0
PRV-007,2026-05-15,Endocrinology,10,9,6,2,1
PRV-008,2026-05-15,Orthopedics,5,4,4,0,0
PRV-009,2026-05-15,Orthopedics,4,3,2,1,0
PRV-010,2026-05-15,Orthopedics,2,2,2,0,0
PRV-011,2026-05-15,Orthopedics,10,8,5,2,1
PRV-012,2026-05-15,Neurology,4,3,3,0,0
PRV-013,2026-05-15,Neurology,5,4,2,0,2
PRV-014,2026-05-15,Neurology,7,6,3,2,1
PRV-015,2026-05-15,Gastroenterology,3,3,3,0,0
PRV-016,2026-05-15,Gastroenterology,1,1,0,1,0
PRV-017,2026-05-15,Gastroenterology,7,6,5,0,1
PRV-018,2026-05-15,Gastroenterology,4,4,4,0,0
PRV-019,2026-05-15,Pulmonology,6,4,4,0,0
PRV-020,2026-05-15,Pulmonology,9,7,6,0,1
PRV-021,2026-05-15,Pulmonology,6,6,4,0,2
PRV-022,2026-05-15,Pulmonology,5,4,3,1,0
PRV-001,2026-05-16,Cardiology,1,1,1,0,0
PRV-002,2026-05-16,Cardiology,5,4,4,0,0
PRV-003,2026-05-16,Cardiology,3,3,3,0,0
PRV-004,2026-05-16,Cardiology,3,3,1,2,0
PRV-005,2026-05-16,Endocrinology,6,5,4,1,0
PRV-006,2026-05-16,Endocrinology,7,7,7,0,0
PRV-007,2026-05-16,Endocrinology,3,3,3,0,0
PRV-008,2026-05-16,Orthopedics,4,3,2,1,0
PRV-010,2026-05-16,Orthopedics,2,2,2,0,0
PRV-011,2026-05-16,Orthopedics,5,4,4,0,0
PRV-012,2026-05-16,Neurology,1,1,1,0,0
PRV-013,2026-05-16,Neurology,1,1,1,0,0
PRV-014,2026-05-16,Neurology,7,6,5,1,0
PRV-016,2026-05-16,Gastroenterology,1,1,1,0,0
PRV-017,2026-05-16,Gastroenterology,3,3,3,0,0
PRV-018,2026-05-16,Gastroenterology,2,2,1,0,1
PRV-019,2026-05-16,Pulmonology,8,6,6,0,0
PRV-020,2026-05-16,Pulmonology,5,4,3,1,0
PRV-021,2026-05-16,Pulmonology,3,3,3,0,0
PRV-022,2026-05-16,Pulmonology,8,6,6,0,0
PRV-001,2026-05-17,Cardiology,4,3,2,1,0
PRV-002,2026-05-17,Cardiology,4,3,2,1,0
PRV-003,2026-05-17,Cardiology,3,3,3,0,0
PRV-004,2026-05-17,Cardiology,5,5,5,0,0
PRV-005,2026-05-17,Endocrinology,3,3,2,1,0
PRV-006,2026-05-17,Endocrinology,3,3,2,1,0
PRV-007,2026-05-17,Endocrinology,6,5,4,0,1
PRV-008,2026-05-17,Orthopedics,4,3,3,0,0
PRV-009,2026-05-17,Orthopedics,3,2,2,0,0
PRV-010,2026-05-17,Orthopedics,6,6,5,0,1
PRV-011,2026-05-17,Orthopedics,6,5,4,1,0
PRV-012,2026-05-17,Neurology,2,2,2,0,0
PRV-013,2026-05-17,Neurology,4,3,1,2,0
PRV-014,2026-05-17,Neurology,5,4,4,0,0
PRV-015,2026-05-17,Gastroenterology,3,3,1,2,0
PRV-016,2026-05-17,Gastroenterology,3,3,3,0,0
PRV-017,2026-05-17,Gastroenterology,5,5,5,0,0
PRV-018,2026-05-17,Gastroenterology,4,4,2,2,0
PRV-019,2026-05-17,Pulmonology,10,7,7,0,0
PRV-020,2026-05-17,Pulmonology,4,3,2,0,1
PRV-021,2026-05-17,Pulmonology,4,4,3,0,1
PRV-022,2026-05-17,Pulmonology,8,6,6,0,0
PRV-002,2026-05-18,Cardiology,2,2,1,1,0
PRV-003,2026-05-18,Cardiology,2,2,1,1,0
PRV-004,2026-05-18,Cardiology,4,4,3,0,1
PRV-005,2026-05-18,Endocrinology,3,3,2,0,1
PRV-006,2026-05-18,Endocrinology,4,4,3,0,1
PRV-007,2026-05-18,Endocrinology,1,1,1,0,0
PRV-008,2026-05-18,Orthopedics,5,4,4,0,0
PRV-009,2026-05-18,Orthopedics,1,1,1,0,0
PRV-010,2026-05-18,Orthopedics,2,2,1,1,0
PRV-011,2026-05-18,Orthopedics,4,3,3,0,0
PRV-012,2026-05-18,Neurology,2,2,2,0,0
PRV-013,2026-05-18,Neurology,1,1,1,0,0
PRV-014,2026-05-18,Neurology,1,1,1,0,0
PRV-015,2026-05-18,Gastroenterology,2,2,1,1,0
PRV-016,2026-05-18,Gastroenterology,1,1,1,0,0
PRV-017,2026-05-18,Gastroenterology,1,1,1,0,0
PRV-018,2026-05-18,Gastroenterology,2,2,1,1,0
PRV-019,2026-05-18,Pulmonology,11,8,8,0,0
PRV-020,2026-05-18,Pulmonology,2,2,1,1,0
PRV-021,2026-05-18,Pulmonology,2,2,2,0,0
PRV-022,2026-05-18,Pulmonology,5,4,4,0,0
PRV-002,2026-05-19,Cardiology,1,1,1,0,0
PRV-003,2026-05-19,Cardiology,2,2,2,0,0
PRV-004,2026-05-19,Cardiology,3,3,3,0,0
PRV-005,2026-05-19,Endocrinology,3,3,3,0,0
PRV-006,2026-05-19,Endocrinology,6,6,4,2,0
PRV-007,2026-05-19,Endocrinology,6,5,3,1,1
PRV-008,2026-05-19,Orthopedics,3,2,2,0,0
PRV-009,2026-05-19,Orthopedics,3,2,2,0,0
PRV-010,2026-05-19,Orthopedics,11,10,8,1,1
PRV-011,2026-05-19,Orthopedics,6,5,5,0,0
PRV-013,2026-05-19,Neurology,5,4,4,0,0
PRV-014,2026-05-19,Neurology,5,4,4,0,0
PRV-015,2026-05-19,Gastroenterology,5,5,4,1,0
PRV-016,2026-05-19,Gastroenterology,1,1,1,0,0
PRV-017,2026-05-19,Gastroenterology,2,2,2,0,0
PRV-018,2026-05-19,Gastroenterology,7,7,5,2,0
PRV-019,2026-05-19,Pulmonology,7,5,5,0,0
PRV-020,2026-05-19,Pulmonology,1,1,1,0,0
PRV-021,2026-05-19,Pulmonology,3,3,3,0,0
PRV-022,2026-05-19,Pulmonology,4,3,3,0,0
PRV-002,2026-05-20,Cardiology,9,7,7,0,0
PRV-003,2026-05-20,Cardiology,2,2,2,0,0
PRV-004,2026-05-20,Cardiology,5,5,5,0,0
PRV-005,2026-05-20,Endocrinology,3,3,2,1,0
PRV-006,2026-05-20,Endocrinology,4,4,4,0,0
PRV-007,2026-05-20,Endocrinology,8,7,5,2,0
PRV-008,2026-05-20,Orthopedics,1,1,1,0,0
PRV-009,2026-05-20,Orthopedics,5,4,4,0,0
PRV-010,2026-05-20,Orthopedics,7,7,7,0,0
PRV-011,2026-05-20,Orthopedics,8,6,5,0,1
PRV-013,2026-05-20,Neurology,6,5,3,2,0
PRV-014,2026-05-20,Neurology,6,5,3,2,0
PRV-015,2026-05-20,Gastroenterology,1,1,1,0,0
PRV-016,2026-05-20,Gastroenterology,2,2,2,0,0
PRV-017,2026-05-20,Gastroenterology,2,2,2,0,0
PRV-019,2026-05-20,Pulmonology,8,6,6,0,0
PRV-020,2026-05-20,Pulmonology,2,2,2,0,0
PRV-021,2026-05-20,Pulmonology,3,3,3,0,0
PRV-022,2026-05-20,Pulmonology,11,9,9,0,0
PRV-001,2026-05-21,Cardiology,3,2,1,1,0
PRV-002,2026-05-21,Cardiology,1,1,1,0,0
PRV-003,2026-05-21,Cardiology,2,2,1,1,0
PRV-004,2026-05-21,Cardiology,3,3,3,0,0
PRV-005,2026-05-21,Endocrinology,1,1,1,0,0
PRV-006,2026-05-21,Endocrinology,5,5,3,1,1
PRV-007,2026-05-21,Endocrinology,9,8,6,0,2
PRV-008,2026-05-21,Orthopedics,3,2,2,0,0
PRV-009,2026-05-21,Orthopedics,3,2,2,0,0
PRV-010,2026-05-21,Orthopedics,4,4,4,0,0
PRV-011,2026-05-21,Orthopedics,6,5,5,0,0
PRV-012,2026-05-21,Neurology,4,3,2,1,0
PRV-013,2026-05-21,Neurology,1,1,1,0,0
PRV-014,2026-05-21,Neurology,3,3,3,0,0
PRV-015,2026-05-21,Gastroenterology,3,3,2,1,0
PRV-016,2026-05-21,Gastroenterology,1,1,0,1,0
PRV-017,2026-05-21,Gastroenterology,7,6,6,0,0
PRV-018,2026-05-21,Gastroenterology,1,1,1,0,0
PRV-019,2026-05-21,Pulmonology,3,2,2,0,0
PRV-020,2026-05-21,Pulmonology,2,2,2,0,0
PRV-021,2026-05-21,Pulmonology,3,3,2,0,1
PRV-022,2026-05-21,Pulmonology,6,5,4,1,0
PRV-001,2026-05-22,Cardiology,5,4,4,0,0
PRV-002,2026-05-22,Cardiology,2,2,2,0,0
PRV-003,2026-05-22,Cardiology,4,4,3,1,0
PRV-004,2026-05-22,Cardiology,8,8,7,1,0
PRV-006,2026-05-22,Endocrinology,4,4,4,0,0
PRV-007,2026-05-22,Endocrinology,3,3,2,0,1
PRV-008,2026-05-22,Orthopedics,5,4,4,0,0
PRV-009,2026-05-22,Orthopedics,1,1,1,0,0
PRV-010,2026-05-22,Orthopedics,2,2,2,0,0
PRV-011,2026-05-22,Orthopedics,3,2,2,0,0
PRV-013,2026-05-22,Neurology,4,3,3,0,0
PRV-014,2026-05-22,Neurology,7,6,5,1,0
PRV-015,2026-05-22,Gastroenterology,3,3,2,1,0
PRV-016,2026-05-22,Gastroenterology,4,4,4,0,0
PRV-018,2026-05-22,Gastroenterology,4,4,4,0,0
PRV-019,2026-05-22,Pulmonology,7,5,5,0,0
PRV-020,2026-05-22,Pulmonology,10,8,5,1,2
PRV-021,2026-05-22,Pulmonology,5,5,4,1,0
PRV-022,2026-05-22,Pulmonology,10,8,6,1,1
PRV-001,2026-05-23,Cardiology,1,1,1,0,0
PRV-002,2026-05-23,Cardiology,5,4,4,0,0
PRV-003,2026-05-23,Cardiology,3,3,2,1,0
PRV-004,2026-05-23,Cardiology,4,4,3,1,0
PRV-005,2026-05-23,Endocrinology,5,4,2,1,1
PRV-006,2026-05-23,Endocrinology,9,9,9,0,0
PRV-007,2026-05-23,Endocrinology,1,1,1,0,0
PRV-008,2026-05-23,Orthopedics,3,2,2,0,0
PRV-009,2026-05-23,Orthopedics,3,2,2,0,0
PRV-010,2026-05-23,Orthopedics,3,3,1,1,1
PRV-011,2026-05-23,Orthopedics,4,3,1,2,0
PRV-012,2026-05-23,Neurology,1,1,0,1,0
PRV-013,2026-05-23,Neurology,2,2,1,1,0
PRV-014,2026-05-23,Neurology,6,5,2,1,2
PRV-015,2026-05-23,Gastroenterology,5,5,4,0,1
PRV-016,2026-05-23,Gastroenterology,4,4,3,1,0
PRV-017,2026-05-23,Gastroenterology,3,3,3,0,0
PRV-018,2026-05-23,Gastroenterology,5,5,5,0,0
PRV-019,2026-05-23,Pulmonology,6,4,3,1,0
PRV-020,2026-05-23,Pulmonology,7,6,6,0,0
PRV-021,2026-05-23,Pulmonology,4,4,4,0,0
PRV-022,2026-05-23,Pulmonology,6,5,4,0,1
PRV-001,2026-05-24,Cardiology,3,2,1,0,1
PRV-003,2026-05-24,Cardiology,2,2,2,0,0
PRV-004,2026-05-24,Cardiology,4,4,4,0,0
PRV-005,2026-05-24,Endocrinology,5,4,4,0,0
PRV-006,2026-05-24,Endocrinology,4,4,4,0,0
PRV-007,2026-05-24,Endocrinology,5,4,2,1,1
PRV-008,2026-05-24,Orthopedics,5,4,4,0,0
PRV-009,2026-05-24,Orthopedics,6,5,4,0,1
PRV-010,2026-05-24,Orthopedics,4,4,2,2,0
PRV-011,2026-05-24,Orthopedics,9,7,7,0,0
PRV-012,2026-05-24,Neurology,4,3,2,1,0
PRV-013,2026-05-24,Neurology,4,3,2,0,1
PRV-014,2026-05-24,Neurology,6,5,3,0,2
PRV-015,2026-05-24,Gastroenterology,3,3,1,0,2
PRV-017,2026-05-24,Gastroenterology,2,2,2,0,0
PRV-018,2026-05-24,Gastroenterology,1,1,0,1,0
PRV-019,2026-05-24,Pulmonology,10,7,5,0,2
PRV-020,2026-05-24,Pulmonology,4,3,2,0,1
PRV-021,2026-05-24,Pulmonology,2,2,2,0,0
PRV-022,2026-05-24,Pulmonology,11,9,8,1,0
PRV-001,2026-05-25,Cardiology,1,1,1,0,0
PRV-002,2026-05-25,Cardiology,2,2,2,0,0
PRV-003,2026-05-25,Cardiology,4,4,2,2,0
PRV-004,2026-05-25,Cardiology,2,2,1,1,0
PRV-005,2026-05-25,Endocrinology,3,3,3,0,0
PRV-006,2026-05-25,Endocrinology,5,5,3,2,0
PRV-007,2026-05-25,Endocrinology,3,3,2,0,1
PRV-008,2026-05-25,Orthopedics,5,4,4,0,0
PRV-009,2026-05-25,Orthopedics,5,4,4,0,0
PRV-010,2026-05-25,Orthopedics,3,3,3,0,0
PRV-011,2026-05-25,Orthopedics,8,6,5,1,0
PRV-012,2026-05-25,Neurology,5,4,4,0,0
PRV-013,2026-05-25,Neurology,4,3,3,0,0
PRV-014,2026-05-25,Neurology,8,7,6,1,0
PRV-015,2026-05-25,Gastroenterology,5,5,4,1,0
PRV-016,2026-05-25,Gastroenterology,2,2,1,1,0
PRV-017,2026-05-25,Gastroenterology,2,2,2,0,0
PRV-018,2026-05-25,Gastroenterology,4,4,4,0,0
PRV-019,2026-05-25,Pulmonology,7,5,4,0,1
PRV-020,2026-05-25,Pulmonology,4,3,2,0,1
PRV-021,2026-05-25,Pulmonology,2,2,2,0,0
PRV-022,2026-05-25,Pulmonology,8,6,5,0,1
PRV-001,2026-05-26,Cardiology,1,1,1,0,0
PRV-002,2026-05-26,Cardiology,4,3,2,1,0
PRV-003,2026-05-26,Cardiology,3,3,3,0,0
PRV-004,2026-05-26,Cardiology,2,2,1,0,1
PRV-005,2026-05-26,Endocrinology,9,8,7,1,0
PRV-006,2026-05-26,Endocrinology,3,3,2,1,0
PRV-007,2026-05-26,Endocrinology,2,2,0,0,2
PRV-008,2026-05-26,Orthopedics,4,3,2,1,0
PRV-009,2026-05-26,Orthopedics,11,9,9,0,0
PRV-010,2026-05-26,Orthopedics,6,6,5,1,0
PRV-011,2026-05-26,Orthopedics,6,5,5,0,0
PRV-012,2026-05-26,Neurology,2,2,1,0,1
PRV-013,2026-05-26,Neurology,2,2,1,0,1
PRV-014,2026-05-26,Neurology,3,3,1,1,1
PRV-015,2026-05-26,Gastroenterology,5,5,3,2,0
PRV-016,2026-05-26,Gastroenterology,2,2,2,0,0
PRV-018,2026-05-26,Gastroenterology,4,4,3,0,1
PRV-019,2026-05-26,Pulmonology,7,5,4,1,0
PRV-020,2026-05-26,Pulmonology,9,7,6,0,1
PRV-021,2026-05-26,Pulmonology,3,3,3,0,0
PRV-022,2026-05-26,Pulmonology,6,5,5,0,0
PRV-002,2026-05-27,Cardiology,6,5,5,0,0
PRV-003,2026-05-27,Cardiology,4,4,3,0,1
PRV-004,2026-05-27,Cardiology,2,2,2,0,0
PRV-005,2026-05-27,Endocrinology,5,4,3,1,0
PRV-006,2026-05-27,Endocrinology,6,6,4,2,0
PRV-007,2026-05-27,Endocrinology,7,6,6,0,0
PRV-008,2026-05-27,Orthopedics,3,2,2,0,0
PRV-009,2026-05-27,Orthopedics,4,3,2,0,1
PRV-010,2026-05-27,Orthopedics,7,7,6,1,0
PRV-011,2026-05-27,Orthopedics,4,3,3,0,0
PRV-012,2026-05-27,Neurology,4,3,1,1,1
PRV-013,2026-05-27,Neurology,6,5,4,1,0
PRV-014,2026-05-27,Neurology,3,3,3,0,0
PRV-015,2026-05-27,Gastroenterology,1,1,1,0,0
PRV-016,2026-05-27,Gastroenterology,2,2,2,0,0
PRV-017,2026-05-27,Gastroenterology,1,1,0,1,0
PRV-018,2026-05-27,Gastroenterology,6,6,4,1,1
PRV-019,2026-05-27,Pulmonology,7,5,1,3,1
PRV-020,2026-05-27,Pulmonology,7,6,4,1,1
PRV-021,2026-05-27,Pulmonology,3,3,2,0,1
PRV-022,2026-05-27,Pulmonology,6,5,4,1,0
PRV-001,2026-05-28,Cardiology,3,2,2,0,0
PRV-002,2026-05-28,Cardiology,1,1,1,0,0
PRV-004,2026-05-28,Cardiology,1,1,1,0,0
PRV-005,2026-05-28,Endocrinology,6,5,5,0,0
PRV-006,2026-05-28,Endocrinology,2,2,2,0,0
PRV-007,2026-05-28,Endocrinology,3,3,3,0,0
PRV-008,2026-05-28,Orthopedics,1,1,1,0,0
PRV-009,2026-05-28,Orthopedics,4,3,3,0,0
PRV-010,2026-05-28,Orthopedics,3,3,3,0,0
PRV-011,2026-05-28,Orthopedics,5,4,1,1,2
PRV-012,2026-05-28,Neurology,2,2,2,0,0
PRV-013,2026-05-28,Neurology,2,2,1,0,1
PRV-014,2026-05-28,Neurology,3,3,1,2,0
PRV-015,2026-05-28,Gastroenterology,4,4,2,1,1
PRV-016,2026-05-28,Gastroenterology,2,2,2,0,0
PRV-017,2026-05-28,Gastroenterology,3,3,2,1,0
PRV-018,2026-05-28,Gastroenterology,4,4,1,1,2
PRV-019,2026-05-28,Pulmonology,8,6,5,0,1
PRV-020,2026-05-28,Pulmonology,5,4,4,0,0
PRV-021,2026-05-28,Pulmonology,9,9,9,0,0
PRV-022,2026-05-28,Pulmonology,11,9,6,1,2
PRV-001,2026-05-29,Cardiology,5,4,3,1,0
PRV-002,2026-05-29,Cardiology,1,1,0,1,0
PRV-003,2026-05-29,Cardiology,8,7,5,1,1
PRV-004,2026-05-29,Cardiology,1,1,0,1,0
PRV-005,2026-05-29,Endocrinology,5,4,4,0,0
PRV-006,2026-05-29,Endocrinology,7,7,6,1,0
PRV-007,2026-05-29,Endocrinology,3,3,3,0,0
PRV-008,2026-05-29,Orthopedics,5,4,4,0,0
PRV-009,2026-05-29,Orthopedics,4,3,3,0,0
PRV-010,2026-05-29,Orthopedics,3,3,3,0,0
PRV-011,2026-05-29,Orthopedics,1,1,1,0,0
PRV-012,2026-05-29,Neurology,1,1,1,0,0
PRV-013,2026-05-29,Neurology,2,2,0,1,1
PRV-014,2026-05-29,Neurology,3,3,3,0,0
PRV-015,2026-05-29,Gastroenterology,1,1,0,1,0
PRV-016,2026-05-29,Gastroenterology,2,2,0,1,1
PRV-017,2026-05-29,Gastroenterology,1,1,1,0,0
PRV-018,2026-05-29,Gastroenterology,2,2,2,0,0
PRV-019,2026-05-29,Pulmonology,15,11,11,0,0
PRV-020,2026-05-29,Pulmonology,5,4,4,0,0
PRV-021,2026-05-29,Pulmonology,3,3,2,1,0
PRV-022,2026-05-29,Pulmonology,4,3,2,1,0
PRV-001,2026-05-30,Cardiology,12,9,9,0,0
PRV-002,2026-05-30,Cardiology,1,1,1,0,0
PRV-003,2026-05-30,Cardiology,7,6,5,1,0
PRV-004,2026-05-30,Cardiology,2,2,2,0,0
PRV-005,2026-05-30,Endocrinology,7,6,4,1,1
PRV-006,2026-05-30,Endocrinology,3,3,3,0,0
PRV-007,2026-05-30,Endocrinology,3,3,1,2,0
PRV-008,2026-05-30,Orthopedics,4,3,3,0,0
PRV-009,2026-05-30,Orthopedics,3,2,2,0,0
PRV-010,2026-05-30,Orthopedics,3,3,2,0,1
PRV-011,2026-05-30,Orthopedics,6,5,5,0,0
PRV-012,2026-05-30,Neurology,1,1,1,0,0
PRV-013,2026-05-30,Neurology,4,3,2,0,1
PRV-014,2026-05-30,Neurology,7,6,5,0,1
PRV-015,2026-05-30,Gastroenterology,2,2,2,0,0
PRV-016,2026-05-30,Gastroenterology,1,1,1,0,0
PRV-017,2026-05-30,Gastroenterology,5,5,5,0,0
PRV-018,2026-05-30,Gastroenterology,4,4,3,1,0
PRV-019,2026-05-30,Pulmonology,4,3,3,0,0
PRV-020,2026-05-30,Pulmonology,5,4,2,1,1
PRV-021,2026-05-30,Pulmonology,6,6,5,0,1
PRV-022,2026-05-30,Pulmonology,4,3,3,0,0
PRV-001,2026-05-31,Cardiology,3,2,2,0,0
PRV-002,2026-05-31,Cardiology,1,1,1,0,0
PRV-003,2026-05-31,Cardiology,5,5,4,0,1
PRV-004,2026-05-31,Cardiology,4,4,3,1,0
PRV-005,2026-05-31,Endocrinology,3,3,3,0,0
PRV-006,2026-05-31,Endocrinology,6,6,4,1,1
PRV-007,2026-05-31,Endocrinology,1,1,1,0,0
PRV-008,2026-05-31,Orthopedics,9,7,7,0,0
PRV-010,2026-05-31,Orthopedics,3,3,2,1,0
PRV-011,2026-05-31,Orthopedics,10,8,8,0,0
PRV-012,2026-05-31,Neurology,4,3,2,1,0
PRV-013,2026-05-31,Neurology,6,5,3,0,2
PRV-014,2026-05-31,Neurology,6,5,2,1,2
PRV-015,2026-05-31,Gastroenterology,8,7,7,0,0
PRV-016,2026-05-31,Gastroenterology,3,3,3,0,0
PRV-017,2026-05-31,Gastroenterology,5,5,4,1,0
PRV-018,2026-05-31,Gastroenterology,2,2,1,0,1
PRV-019,2026-05-31,Pulmonology,7,5,4,1,0
PRV-020,2026-05-31,Pulmonology,9,7,5,2,0
PRV-021,2026-05-31,Pulmonology,4,4,3,0,1
PRV-022,2026-05-31,Pulmonology,6,5,3,2,0
PRV-001,2026-06-01,Cardiology,3,2,1,1,0
PRV-002,2026-06-01,Cardiology,4,3,3,0,0
PRV-003,2026-06-01,Cardiology,2,2,2,0,0
PRV-004,2026-06-01,Cardiology,3,3,3,0,0
PRV-005,2026-06-01,Endocrinology,7,6,4,0,2
PRV-006,2026-06-01,Endocrinology,4,4,4,0,0
PRV-007,2026-06-01,Endocrinology,9,8,8,0,0
PRV-008,2026-06-01,Orthopedics,5,4,4,0,0
PRV-009,2026-06-01,Orthopedics,4,3,3,0,0
PRV-010,2026-06-01,Orthopedics,2,2,2,0,0
PRV-011,2026-06-01,Orthopedics,4,3,3,0,0
PRV-012,2026-06-01,Neurology,5,4,4,0,0
PRV-013,2026-06-01,Neurology,7,6,4,1,1
PRV-014,2026-06-01,Neurology,1,1,1,0,0
PRV-015,2026-06-01,Gastroenterology,3,3,2,0,1
PRV-016,2026-06-01,Gastroenterology,2,2,1,1,0
PRV-017,2026-06-01,Gastroenterology,3,3,3,0,0
PRV-018,2026-06-01,Gastroenterology,3,3,3,0,0
PRV-019,2026-06-01,Pulmonology,3,2,2,0,0
PRV-020,2026-06-01,Pulmonology,2,2,2,0,0
PRV-021,2026-06-01,Pulmonology,4,4,4,0,0
PRV-002,2026-06-02,Cardiology,5,4,4,0,0
PRV-003,2026-06-02,Cardiology,5,5,4,0,1
PRV-004,2026-06-02,Cardiology,4,4,2,1,1
PRV-005,2026-06-02,Endocrinology,6,5,5,0,0
PRV-006,2026-06-02,Endocrinology,7,7,7,0,0
PRV-007,2026-06-02,Endocrinology,2,2,2,0,0
PRV-008,2026-06-02,Orthopedics,4,3,2,0,1
PRV-009,2026-06-02,Orthopedics,1,1,1,0,0
PRV-010,2026-06-02,Orthopedics,4,4,4,0,0
PRV-011,2026-06-02,Orthopedics,16,12,10,2,0
PRV-013,2026-06-02,Neurology,4,3,1,0,2
PRV-014,2026-06-02,Neurology,5,4,3,1,0
PRV-015,2026-06-02,Gastroenterology,7,6,6,0,0
PRV-016,2026-06-02,Gastroenterology,2,2,2,0,0
PRV-017,2026-06-02,Gastroenterology,1,1,1,0,0
PRV-018,2026-06-02,Gastroenterology,5,5,4,1,0
PRV-019,2026-06-02,Pulmonology,8,6,5,1,0
PRV-020,2026-06-02,Pulmonology,5,4,3,0,1
PRV-021,2026-06-02,Pulmonology,2,2,2,0,0
PRV-022,2026-06-02,Pulmonology,6,5,4,1,0
PRV-001,2026-06-03,Cardiology,5,4,4,0,0
PRV-002,2026-06-03,Cardiology,5,4,3,0,1
PRV-003,2026-06-03,Cardiology,7,6,5,1,0
PRV-004,2026-06-03,Cardiology,6,6,5,1,0
PRV-005,2026-06-03,Endocrinology,5,4,3,1,0
PRV-006,2026-06-03,Endocrinology,4,4,3,0,1
PRV-007,2026-06-03,Endocrinology,2,2,2,0,0
PRV-008,2026-06-03,Orthopedics,4,3,3,0,0
PRV-010,2026-06-03,Orthopedics,6,6,5,1,0
PRV-011,2026-06-03,Orthopedics,4,3,3,0,0
PRV-012,2026-06-03,Neurology,4,3,3,0,0
PRV-013,2026-06-03,Neurology,4,3,1,2,0
PRV-014,2026-06-03,Neurology,6,5,5,0,0
PRV-015,2026-06-03,Gastroenterology,3,3,3,0,0
PRV-016,2026-06-03,Gastroenterology,4,4,4,0,0
PRV-017,2026-06-03,Gastroenterology,3,3,2,1,0
PRV-018,2026-06-03,Gastroenterology,2,2,2,0,0
PRV-019,2026-06-03,Pulmonology,6,4,2,1,1
PRV-020,2026-06-03,Pulmonology,2,2,1,0,1
PRV-021,2026-06-03,Pulmonology,3,3,2,1,0
PRV-022,2026-06-03,Pulmonology,4,3,3,0,0
PRV-001,2026-06-04,Cardiology,4,3,2,1,0
PRV-002,2026-06-04,Cardiology,2,2,1,0,1
PRV-003,2026-06-04,Cardiology,8,7,6,1,0
PRV-004,2026-06-04,Cardiology,3,3,0,2,1
PRV-005,2026-06-04,Endocrinology,8,7,6,0,1
PRV-006,2026-06-04,Endocrinology,5,5,5,0,0
PRV-007,2026-06-04,Endocrinology,3,3,3,0,0
PRV-008,2026-06-04,Orthopedics,3,2,1,1,0
PRV-009,2026-06-04,Orthopedics,3,2,2,0,0
PRV-010,2026-06-04,Orthopedics,3,3,3,0,0
PRV-011,2026-06-04,Orthopedics,1,1,1,0,0
PRV-012,2026-06-04,Neurology,1,1,0,0,1
PRV-013,2026-06-04,Neurology,2,2,1,1,0
PRV-015,2026-06-04,Gastroenterology,3,3,3,0,0
PRV-016,2026-06-04,Gastroenterology,1,1,1,0,0
PRV-018,2026-06-04,Gastroenterology,7,7,5,1,1
PRV-019,2026-06-04,Pulmonology,6,4,4,0,0
PRV-020,2026-06-04,Pulmonology,6,5,4,1,0
PRV-021,2026-06-04,Pulmonology,3,3,3,0,0
PRV-022,2026-06-04,Pulmonology,6,5,5,0,0
PRV-001,2026-06-05,Cardiology,3,2,1,0,1
PRV-002,2026-06-05,Cardiology,6,5,4,0,1
PRV-003,2026-06-05,Cardiology,3,3,3,0,0
PRV-004,2026-06-05,Cardiology,7,7,5,0,2
PRV-005,2026-06-05,Endocrinology,5,4,4,0,0
PRV-006,2026-06-05,Endocrinology,9,9,7,0,2
PRV-007,2026-06-05,Endocrinology,5,4,3,1,0
PRV-008,2026-06-05,Orthopedics,3,2,1,0,1
PRV-009,2026-06-05,Orthopedics,4,3,3,0,0
PRV-010,2026-06-05,Orthopedics,3,3,3,0,0
PRV-011,2026-06-05,Orthopedics,3,2,2,0,0
PRV-012,2026-06-05,Neurology,4,3,2,1,0
PRV-013,2026-06-05,Neurology,1,1,0,1,0
PRV-014,2026-06-05,Neurology,2,2,2,0,0
PRV-015,2026-06-05,Gastroenterology,3,3,3,0,0
PRV-016,2026-06-05,Gastroenterology,6,5,3,1,1
PRV-017,2026-06-05,Gastroenterology,2,2,2,0,0
PRV-018,2026-06-05,Gastroenterology,1,1,1,0,0
PRV-019,2026-06-05,Pulmonology,7,5,2,2,1
PRV-020,2026-06-05,Pulmonology,5,4,3,1,0
PRV-021,2026-06-05,Pulmonology,3,3,2,0,1
PRV-022,2026-06-05,Pulmonology,8,6,5,1,0
PRV-001,2026-06-06,Cardiology,4,3,2,1,0
PRV-002,2026-06-06,Cardiology,5,4,4,0,0
PRV-003,2026-06-06,Cardiology,2,2,2,0,0
PRV-004,2026-06-06,Cardiology,4,4,3,1,0
PRV-005,2026-06-06,Endocrinology,9,8,6,1,1
PRV-006,2026-06-06,Endocrinology,2,2,1,1,0
PRV-007,2026-06-06,Endocrinology,15,13,11,0,2
PRV-009,2026-06-06,Orthopedics,4,3,2,1,0
PRV-010,2026-06-06,Orthopedics,1,1,1,0,0
PRV-011,2026-06-06,Orthopedics,5,4,4,0,0
PRV-012,2026-06-06,Neurology,2,2,2,0,0
PRV-013,2026-06-06,Neurology,8,7,6,1,0
PRV-014,2026-06-06,Neurology,3,3,2,1,0
PRV-015,2026-06-06,Gastroenterology,5,5,5,0,0
PRV-016,2026-06-06,Gastroenterology,2,2,2,0,0
PRV-017,2026-06-06,Gastroenterology,2,2,2,0,0
PRV-018,2026-06-06,Gastroenterology,5,5,4,1,0
PRV-019,2026-06-06,Pulmonology,4,3,2,1,0
PRV-020,2026-06-06,Pulmonology,10,8,5,1,2
PRV-021,2026-06-06,Pulmonology,1,1,0,1,0
PRV-022,2026-06-06,Pulmonology,4,3,2,1,0
PRV-001,2026-06-07,Cardiology,3,2,2,0,0
PRV-002,2026-06-07,Cardiology,2,2,1,1,0
PRV-003,2026-06-07,Cardiology,7,6,5,1,0
PRV-004,2026-06-07,Cardiology,5,5,5,0,0
PRV-005,2026-06-07,Endocrinology,6,5,4,0,1
PRV-006,2026-06-07,Endocrinology,6,6,4,0,2
PRV-007,2026-06-07,Endocrinology,3,3,3,0,0
PRV-008,2026-06-07,Orthopedics,3,2,1,1,0
PRV-009,2026-06-07,Orthopedics,3,2,2,0,0
PRV-010,2026-06-07,Orthopedics,6,6,5,1,0
PRV-011,2026-06-07,Orthopedics,1,1,0,0,1
PRV-013,2026-06-07,Neurology,2,2,2,0,0
PRV-014,2026-06-07,Neurology,2,2,1,0,1
PRV-015,2026-06-07,Gastroenterology,5,5,3,2,0
PRV-016,2026-06-07,Gastroenterology,3,3,3,0,0
PRV-017,2026-06-07,Gastroenterology,3,3,2,0,1
PRV-018,2026-06-07,Gastroenterology,5,5,4,0,1
PRV-019,2026-06-07,Pulmonology,10,7,6,1,0
PRV-020,2026-06-07,Pulmonology,6,5,4,1,0
PRV-021,2026-06-07,Pulmonology,3,3,2,0,1
PRV-022,2026-06-07,Pulmonology,6,5,5,0,0
PRV-001,2026-06-08,Cardiology,4,3,3,0,0
PRV-002,2026-06-08,Cardiology,1,1,1,0,0
PRV-003,2026-06-08,Cardiology,7,6,5,1,0
PRV-005,2026-06-08,Endocrinology,1,1,1,0,0
PRV-006,2026-06-08,Endocrinology,2,2,2,0,0
PRV-007,2026-06-08,Endocrinology,10,9,8,1,0
PRV-008,2026-06-08,Orthopedics,3,2,1,1,0
PRV-009,2026-06-08,Orthopedics,5,4,4,0,0
PRV-010,2026-06-08,Orthopedics,2,2,1,1,0
PRV-011,2026-06-08,Orthopedics,4,3,2,1,0
PRV-012,2026-06-08,Neurology,1,1,0,0,1
PRV-013,2026-06-08,Neurology,4,3,3,0,0
PRV-014,2026-06-08,Neurology,3,3,3,0,0
PRV-015,2026-06-08,Gastroenterology,7,6,5,1,0
PRV-016,2026-06-08,Gastroenterology,4,4,4,0,0
PRV-018,2026-06-08,Gastroenterology,7,7,5,2,0
PRV-019,2026-06-08,Pulmonology,7,5,5,0,0
PRV-020,2026-06-08,Pulmonology,4,3,3,0,0
PRV-021,2026-06-08,Pulmonology,2,2,2,0,0
PRV-022,2026-06-08,Pulmonology,5,4,3,1,0
PRV-001,2026-06-09,Cardiology,1,1,1,0,0
PRV-002,2026-06-09,Cardiology,5,4,4,0,0
PRV-003,2026-06-09,Cardiology,10,9,5,4,0
PRV-004,2026-06-09,Cardiology,2,2,1,0,1
PRV-005,2026-06-09,Endocrinology,6,5,4,0,1
PRV-006,2026-06-09,Endocrinology,6,6,5,1,0
PRV-007,2026-06-09,Endocrinology,7,6,6,0,0
PRV-008,2026-06-09,Orthopedics,1,1,1,0,0
PRV-009,2026-06-09,Orthopedics,3,2,2,0,0
PRV-010,2026-06-09,Orthopedics,2,2,2,0,0
PRV-011,2026-06-09,Orthopedics,3,2,2,0,0
PRV-012,2026-06-09,Neurology,2,2,2,0,0
PRV-013,2026-06-09,Neurology,4,3,2,1,0
PRV-014,2026-06-09,Neurology,3,3,3,0,0
PRV-015,2026-06-09,Gastroenterology,5,5,3,1,1
PRV-016,2026-06-09,Gastroenterology,1,1,1,0,0
PRV-017,2026-06-09,Gastroenterology,4,4,4,0,0
PRV-018,2026-06-09,Gastroenterology,4,4,4,0,0
PRV-019,2026-06-09,Pulmonology,7,5,4,1,0
PRV-020,2026-06-09,Pulmonology,6,5,5,0,0
PRV-021,2026-06-09,Pulmonology,4,4,2,1,1
PRV-022,2026-06-09,Pulmonology,5,4,4,0,0
PRV-001,2026-06-10,Cardiology,7,5,4,1,0
PRV-002,2026-06-10,Cardiology,2,2,2,0,0
PRV-003,2026-06-10,Cardiology,4,4,4,0,0
PRV-004,2026-06-10,Cardiology,4,4,2,0,2
PRV-005,2026-06-10,Endocrinology,3,3,2,1,0
PRV-006,2026-06-10,Endocrinology,4,4,4,0,0
PRV-007,2026-06-10,Endocrinology,5,4,2,0,2
PRV-008,2026-06-10,Orthopedics,8,6,4,2,0
PRV-009,2026-06-10,Orthopedics,5,4,3,1,0
PRV-010,2026-06-10,Orthopedics,8,8,8,0,0
PRV-011,2026-06-10,Orthopedics,4,3,3,0,0
PRV-012,2026-06-10,Neurology,4,3,3,0,0
PRV-013,2026-06-10,Neurology,2,2,1,1,0
PRV-014,2026-06-10,Neurology,3,3,3,0,0
PRV-015,2026-06-10,Gastroenterology,5,5,4,1,0
PRV-016,2026-06-10,Gastroenterology,2,2,1,1,0
PRV-017,2026-06-10,Gastroenterology,2,2,2,0,0
PRV-018,2026-06-10,Gastroenterology,3,3,3,0,0
PRV-019,2026-06-10,Pulmonology,7,5,3,2,0
PRV-020,2026-06-10,Pulmonology,2,2,2,0,0
PRV-021,2026-06-10,Pulmonology,5,5,4,1,0
PRV-022,2026-06-10,Pulmonology,5,4,4,0,0
PRV-001,2026-06-11,Cardiology,3,2,2,0,0
PRV-003,2026-06-11,Cardiology,7,6,5,1,0
PRV-004,2026-06-11,Cardiology,3,3,3,0,0
PRV-005,2026-06-11,Endocrinology,8,7,7,0,0
PRV-006,2026-06-11,Endocrinology,4,4,3,0,1
PRV-007,2026-06-11,Endocrinology,10,9,8,1,0
PRV-008,2026-06-11,Orthopedics,5,4,4,0,0
PRV-009,2026-06-11,Orthopedics,3,2,1,1,0
PRV-010,2026-06-11,Orthopedics,2,2,1,0,1
PRV-011,2026-06-11,Orthopedics,6,5,4,0,1
PRV-012,2026-06-11,Neurology,4,3,2,1,0
PRV-013,2026-06-11,Neurology,2,2,2,0,0
PRV-014,2026-06-11,Neurology,5,4,3,1,0
PRV-015,2026-06-11,Gastroenterology,1,1,1,0,0
PRV-016,2026-06-11,Gastroenterology,3,3,2,0,1
PRV-017,2026-06-11,Gastroenterology,3,3,3,0,0
PRV-018,2026-06-11,Gastroenterology,2,2,1,1,0
PRV-019,2026-06-11,Pulmonology,7,5,5,0,0
PRV-020,2026-06-11,Pulmonology,7,6,6,0,0
PRV-021,2026-06-11,Pulmonology,3,3,1,2,0
PRV-022,2026-06-11,Pulmonology,9,7,5,1,1
PRV-001,2026-06-12,Cardiology,3,2,2,0,0
PRV-002,2026-06-12,Cardiology,2,2,1,1,0
PRV-003,2026-06-12,Cardiology,5,5,5,0,0
PRV-004,2026-06-12,Cardiology,5,5,4,1,0
PRV-005,2026-06-12,Endocrinology,6,5,3,0,2
PRV-006,2026-06-12,Endocrinology,7,7,5,0,2
PRV-007,2026-06-12,Endocrinology,5,4,2,0,2
PRV-008,2026-06-12,Orthopedics,4,3,3,0,0
PRV-009,2026-06-12,Orthopedics,6,5,4,1,0
PRV-010,2026-06-12,Orthopedics,8,8,5,1,2
PRV-011,2026-06-12,Orthopedics,9,7,6,1,0
PRV-012,2026-06-12,Neurology,4,3,2,1,0
PRV-013,2026-06-12,Neurology,6,5,4,1,0
PRV-014,2026-06-12,Neurology,8,7,6,0,1
PRV-015,2026-06-12,Gastroenterology,9,8,7,0,1
PRV-016,2026-06-12,Gastroenterology,2,2,2,0,0
PRV-017,2026-06-12,Gastroenterology,1,1,0,1,0
PRV-018,2026-06-12,Gastroenterology,7,7,6,1,0
PRV-019,2026-06-12,Pulmonology,6,4,4,0,0
PRV-020,2026-06-12,Pulmonology,14,11,8,3,0
PRV-021,2026-06-12,Pulmonology,2,2,1,1,0
PRV-022,2026-06-12,Pulmonology,10,8,7,1,0
PRV-001,2026-06-13,Cardiology,7,5,4,1,0
PRV-002,2026-06-13,Cardiology,5,4,4,0,0
PRV-003,2026-06-13,Cardiology,1,1,1,0,0
PRV-004,2026-06-13,Cardiology,3,3,2,0,1
PRV-005,2026-06-13,Endocrinology,5,4,3,1,0
PRV-006,2026-06-13,Endocrinology,3,3,2,1,0
PRV-007,2026-06-13,Endocrinology,9,8,8,0,0
PRV-008,2026-06-13,Orthopedics,5,4,4,0,0
PRV-009,2026-06-13,Orthopedics,5,4,3,1,0
PRV-010,2026-06-13,Orthopedics,4,4,4,0,0
PRV-011,2026-06-13,Orthopedics,4,3,3,0,0
PRV-012,2026-06-13,Neurology,8,7,5,1,1
PRV-013,2026-06-13,Neurology,5,4,4,0,0
PRV-014,2026-06-13,Neurology,1,1,1,0,0
PRV-015,2026-06-13,Gastroenterology,2,2,2,0,0
PRV-016,2026-06-13,Gastroenterology,3,3,1,2,0
PRV-017,2026-06-13,Gastroenterology,3,3,1,2,0
PRV-018,2026-06-13,Gastroenterology,4,4,3,1,0
PRV-019,2026-06-13,Pulmonology,12,9,8,1,0
PRV-020,2026-06-13,Pulmonology,2,2,2,0,0
PRV-021,2026-06-13,Pulmonology,3,3,3,0,0
PRV-022,2026-06-13,Pulmonology,5,4,3,0,1
PRV-001,2026-06-14,Cardiology,3,2,2,0,0
PRV-002,2026-06-14,Cardiology,1,1,0,1,0
PRV-003,2026-06-14,Cardiology,4,4,3,0,1
PRV-004,2026-06-14,Cardiology,4,4,2,1,1
PRV-005,2026-06-14,Endocrinology,7,6,3,2,1
PRV-006,2026-06-14,Endocrinology,3,3,3,0,0
PRV-007,2026-06-14,Endocrinology,3,3,2,0,1
PRV-008,2026-06-14,Orthopedics,1,1,1,0,0
PRV-009,2026-06-14,Orthopedics,6,5,5,0,0
PRV-010,2026-06-14,Orthopedics,4,4,3,0,1
PRV-011,2026-06-14,Orthopedics,6,5,5,0,0
PRV-012,2026-06-14,Neurology,4,3,1,1,1
PRV-013,2026-06-14,Neurology,6,5,4,1,0
PRV-014,2026-06-14,Neurology,5,4,4,0,0
PRV-015,2026-06-14,Gastroenterology,4,4,3,1,0
PRV-016,2026-06-14,Gastroenterology,3,3,2,0,1
PRV-017,2026-06-14,Gastroenterology,1,1,1,0,0
PRV-018,2026-06-14,Gastroenterology,2,2,2,0,0
PRV-019,2026-06-14,Pulmonology,6,4,3,1,0
PRV-020,2026-06-14,Pulmonology,6,5,4,1,0
PRV-021,2026-06-14,Pulmonology,7,7,7,0,0
PRV-022,2026-06-14,Pulmonology,2,2,1,1,0
PRV-001,2026-06-15,Cardiology,1,1,1,0,0
PRV-002,2026-06-15,Cardiology,1,1,0,1,0
PRV-003,2026-06-15,Cardiology,2,2,1,1,0
PRV-004,2026-06-15,Cardiology,1,1,1,0,0
PRV-005,2026-06-15,Endocrinology,5,4,2,2,0
PRV-006,2026-06-15,Endocrinology,8,8,6,1,1
PRV-007,2026-06-15,Endocrinology,10,9,7,2,0
PRV-008,2026-06-15,Orthopedics,5,4,4,0,0
PRV-009,2026-06-15,Orthopedics,1,1,1,0,0
PRV-010,2026-06-15,Orthopedics,6,6,5,1,0
PRV-011,2026-06-15,Orthopedics,6,5,2,3,0
PRV-012,2026-06-15,Neurology,1,1,1,0,0
PRV-013,2026-06-15,Neurology,2,2,1,1,0
PRV-014,2026-06-15,Neurology,3,3,3,0,0
PRV-015,2026-06-15,Gastroenterology,4,4,3,1,0
PRV-016,2026-06-15,Gastroenterology,2,2,2,0,0
PRV-017,2026-06-15,Gastroenterology,2,2,1,0,1
PRV-018,2026-06-15,Gastroenterology,4,4,4,0,0
PRV-019,2026-06-15,Pulmonology,18,13,11,0,2
PRV-020,2026-06-15,Pulmonology,2,2,2,0,0
PRV-021,2026-06-15,Pulmonology,7,7,6,1,0
PRV-022,2026-06-15,Pulmonology,4,3,2,1,0
PRV-001,2026-06-16,Cardiology,4,3,3,0,0
PRV-002,2026-06-16,Cardiology,7,6,5,1,0
PRV-003,2026-06-16,Cardiology,7,6,5,1,0
PRV-004,2026-06-16,Cardiology,1,1,1,0,0
PRV-006,2026-06-16,Endocrinology,8,8,4,4,0
PRV-007,2026-06-16,Endocrinology,6,5,1,2,2
PRV-008,2026-06-16,Orthopedics,5,4,3,1,0
PRV-009,2026-06-16,Orthopedics,3,2,2,0,0
PRV-010,2026-06-16,Orthopedics,11,10,9,0,1
PRV-011,2026-06-16,Orthopedics,10,8,5,2,1
PRV-012,2026-06-16,Neurology,2,2,2,0,0
PRV-013,2026-06-16,Neurology,1,1,1,0,0
PRV-014,2026-06-16,Neurology,3,3,2,1,0
PRV-015,2026-06-16,Gastroenterology,7,6,3,2,1
PRV-016,2026-06-16,Gastroenterology,3,3,3,0,0
PRV-017,2026-06-16,Gastroenterology,1,1,1,0,0
PRV-018,2026-06-16,Gastroenterology,2,2,1,1,0
PRV-019,2026-06-16,Pulmonology,3,2,2,0,0
PRV-020,2026-06-16,Pulmonology,6,5,4,1,0
PRV-021,2026-06-16,Pulmonology,3,3,3,0,0
PRV-022,2026-06-16,Pulmonology,9,7,3,2,2
PRV-001,2026-06-17,Cardiology,4,3,2,1,0
PRV-002,2026-06-17,Cardiology,1,1,1,0,0
PRV-003,2026-06-17,Cardiology,4,4,3,1,0
PRV-004,2026-06-17,Cardiology,2,2,2,0,0
PRV-005,2026-06-17,Endocrinology,2,2,2,0,0
PRV-006,2026-06-17,Endocrinology,5,5,5,0,0
PRV-007,2026-06-17,Endocrinology,6,5,4,0,1
PRV-008,2026-06-17,Orthopedics,5,4,2,1,1
PRV-009,2026-06-17,Orthopedics,4,3,3,0,0
PRV-010,2026-06-17,Orthopedics,1,1,0,1,0
PRV-011,2026-06-17,Orthopedics,8,6,4,1,1
PRV-012,2026-06-17,Neurology,6,5,3,2,0
PRV-013,2026-06-17,Neurology,5,4,4,0,0
PRV-014,2026-06-17,Neurology,6,5,5,0,0
PRV-015,2026-06-17,Gastroenterology,3,3,2,0,1
PRV-016,2026-06-17,Gastroenterology,4,4,4,0,0
PRV-017,2026-06-17,Gastroenterology,1,1,1,0,0
PRV-018,2026-06-17,Gastroenterology,3,3,1,2,0
PRV-019,2026-06-17,Pulmonology,10,7,7,0,0
PRV-020,2026-06-17,Pulmonology,4,3,2,1,0
PRV-021,2026-06-17,Pulmonology,6,6,4,0,2
PRV-022,2026-06-17,Pulmonology,5,4,1,2,1
PRV-001,2026-06-18,Cardiology,1,1,1,0,0
PRV-003,2026-06-18,Cardiology,2,2,2,0,0
PRV-005,2026-06-18,Endocrinology,10,9,7,0,2
PRV-006,2026-06-18,Endocrinology,8,8,7,0,1
PRV-007,2026-06-18,Endocrinology,10,9,5,1,3
PRV-008,2026-06-18,Orthopedics,6,5,4,1,0
PRV-009,2026-06-18,Orthopedics,4,3,2,1,0
PRV-010,2026-06-18,Orthopedics,4,4,3,1,0
PRV-011,2026-06-18,Orthopedics,10,8,8,0,0
PRV-012,2026-06-18,Neurology,5,4,2,1,1
PRV-013,2026-06-18,Neurology,6,5,3,1,1
PRV-014,2026-06-18,Neurology,2,2,2,0,0
PRV-015,2026-06-18,Gastroenterology,1,1,1,0,0
PRV-016,2026-06-18,Gastroenterology,1,1,1,0,0
PRV-017,2026-06-18,Gastroenterology,3,3,3,0,0
PRV-018,2026-06-18,Gastroenterology,3,3,3,0,0
PRV-019,2026-06-18,Pulmonology,10,7,5,2,0
PRV-020,2026-06-18,Pulmonology,10,8,7,0,1
PRV-021,2026-06-18,Pulmonology,9,9,8,0,1
PRV-022,2026-06-18,Pulmonology,1,1,1,0,0
PRV-002,2026-06-19,Cardiology,4,3,3,0,0
PRV-003,2026-06-19,Cardiology,3,3,3,0,0
PRV-004,2026-06-19,Cardiology,2,2,2,0,0
PRV-005,2026-06-19,Endocrinology,5,4,3,1,0
PRV-006,2026-06-19,Endocrinology,8,8,7,0,1
PRV-007,2026-06-19,Endocrinology,8,7,6,1,0
PRV-008,2026-06-19,Orthopedics,6,5,3,1,1
PRV-009,2026-06-19,Orthopedics,4,3,2,0,1
PRV-010,2026-06-19,Orthopedics,4,4,4,0,0
PRV-011,2026-06-19,Orthopedics,5,4,4,0,0
PRV-012,2026-06-19,Neurology,4,3,2,1,0
PRV-013,2026-06-19,Neurology,4,3,2,1,0
PRV-014,2026-06-19,Neurology,5,4,2,1,1
PRV-015,2026-06-19,Gastroenterology,4,4,4,0,0
PRV-016,2026-06-19,Gastroenterology,4,4,3,1,0
PRV-017,2026-06-19,Gastroenterology,4,4,3,0,1
PRV-018,2026-06-19,Gastroenterology,4,4,4,0,0
PRV-019,2026-06-19,Pulmonology,10,7,6,0,1
PRV-020,2026-06-19,Pulmonology,9,7,6,0,1
PRV-021,2026-06-19,Pulmonology,9,9,9,0,0
PRV-022,2026-06-19,Pulmonology,5,4,2,2,0
PRV-001,2026-06-20,Cardiology,7,5,5,0,0
PRV-002,2026-06-20,Cardiology,6,5,3,0,2
PRV-003,2026-06-20,Cardiology,7,6,4,2,0
PRV-004,2026-06-20,Cardiology,2,2,2,0,0
PRV-005,2026-06-20,Endocrinology,5,4,4,0,0
PRV-006,2026-06-20,Endocrinology,6,6,5,1,0
PRV-007,2026-06-20,Endocrinology,9,8,6,1,1
PRV-008,2026-06-20,Orthopedics,3,2,2,0,0
PRV-010,2026-06-20,Orthopedics,2,2,2,0,0
PRV-011,2026-06-20,Orthopedics,4,3,2,1,0
PRV-013,2026-06-20,Neurology,2,2,2,0,0
PRV-014,2026-06-20,Neurology,3,3,1,0,2
PRV-015,2026-06-20,Gastroenterology,1,1,1,0,0
PRV-017,2026-06-20,Gastroenterology,4,4,4,0,0
PRV-018,2026-06-20,Gastroenterology,2,2,2,0,0
PRV-019,2026-06-20,Pulmonology,4,3,2,1,0
PRV-020,2026-06-20,Pulmonology,4,3,3,0,0
PRV-021,2026-06-20,Pulmonology,3,3,3,0,0
PRV-022,2026-06-20,Pulmonology,10,8,8,0,0
PRV-001,2026-06-21,Cardiology,4,3,2,1,0
PRV-002,2026-06-21,Cardiology,4,3,1,2,0
PRV-003,2026-06-21,Cardiology,4,4,4,0,0
PRV-004,2026-06-21,Cardiology,4,4,3,1,0
PRV-005,2026-06-21,Endocrinology,1,1,1,0,0
PRV-006,2026-06-21,Endocrinology,8,8,6,1,1
PRV-007,2026-06-21,Endocrinology,6,5,3,1,1
PRV-008,2026-06-21,Orthopedics,4,3,3,0,0
PRV-009,2026-06-21,Orthopedics,1,1,1,0,0
PRV-010,2026-06-21,Orthopedics,3,3,2,1,0
PRV-011,2026-06-21,Orthopedics,4,3,3,0,0
PRV-013,2026-06-21,Neurology,4,3,3,0,0
PRV-014,2026-06-21,Neurology,3,3,2,1,0
PRV-015,2026-06-21,Gastroenterology,5,5,5,0,0
PRV-016,2026-06-21,Gastroenterology,3,3,2,1,0
PRV-017,2026-06-21,Gastroenterology,2,2,2,0,0
PRV-018,2026-06-21,Gastroenterology,3,3,3,0,0
PRV-019,2026-06-21,Pulmonology,12,9,7,1,1
PRV-020,2026-06-21,Pulmonology,7,6,4,0,2
PRV-021,2026-06-21,Pulmonology,8,8,7,1,0
PRV-022,2026-06-21,Pulmonology,14,11,11,0,0
PRV-001,2026-06-22,Cardiology,5,4,3,0,1
PRV-002,2026-06-22,Cardiology,9,7,4,2,1
PRV-004,2026-06-22,Cardiology,2,2,2,0,0
PRV-005,2026-06-22,Endocrinology,8,7,5,1,1
PRV-006,2026-06-22,Endocrinology,2,2,1,1,0
PRV-007,2026-06-22,Endocrinology,8,7,6,1,0
PRV-008,2026-06-22,Orthopedics,1,1,1,0,0
PRV-009,2026-06-22,Orthopedics,1,1,1,0,0
PRV-010,2026-06-22,Orthopedics,6,6,6,0,0
PRV-011,2026-06-22,Orthopedics,4,3,2,0,1
PRV-012,2026-06-22,Neurology,2,2,1,1,0
PRV-013,2026-06-22,Neurology,5,4,3,1,0
PRV-014,2026-06-22,Neurology,9,8,4,2,2
PRV-015,2026-06-22,Gastroenterology,4,4,4,0,0
PRV-016,2026-06-22,Gastroenterology,3,3,3,0,0
PRV-017,2026-06-22,Gastroenterology,7,6,5,1,0
PRV-018,2026-06-22,Gastroenterology,5,5,3,2,0
PRV-019,2026-06-22,Pulmonology,6,4,3,0,1
PRV-020,2026-06-22,Pulmonology,7,6,6,0,0
PRV-021,2026-06-22,Pulmonology,6,6,4,2,0
PRV-022,2026-06-22,Pulmonology,4,3,3,0,0
PRV-001,2026-06-23,Cardiology,3,2,2,0,0
PRV-002,2026-06-23,Cardiology,1,1,1,0,0
PRV-003,2026-06-23,Cardiology,4,4,4,0,0
PRV-004,2026-06-23,Cardiology,5,5,5,0,0
PRV-005,2026-06-23,Endocrinology,8,7,4,1,2
PRV-006,2026-06-23,Endocrinology,4,4,4,0,0
PRV-007,2026-06-23,Endocrinology,5,4,3,0,1
PRV-008,2026-06-23,Orthopedics,5,4,2,1,1
PRV-009,2026-06-23,Orthopedics,3,2,2,0,0
PRV-010,2026-06-23,Orthopedics,5,5,5,0,0
PRV-011,2026-06-23,Orthopedics,13,10,9,0,1
PRV-012,2026-06-23,Neurology,1,1,1,0,0
PRV-013,2026-06-23,Neurology,4,3,2,0,1
PRV-014,2026-06-23,Neurology,2,2,2,0,0
PRV-015,2026-06-23,Gastroenterology,7,6,5,0,1
PRV-016,2026-06-23,Gastroenterology,1,1,1,0,0
PRV-017,2026-06-23,Gastroenterology,2,2,2,0,0
PRV-018,2026-06-23,Gastroenterology,2,2,2,0,0
PRV-019,2026-06-23,Pulmonology,6,4,4,0,0
PRV-020,2026-06-23,Pulmonology,5,4,4,0,0
PRV-021,2026-06-23,Pulmonology,2,2,2,0,0
PRV-022,2026-06-23,Pulmonology,8,6,5,0,1
PRV-001,2026-06-24,Cardiology,3,2,2,0,0
PRV-002,2026-06-24,Cardiology,2,2,2,0,0
PRV-003,2026-06-24,Cardiology,8,7,7,0,0
PRV-004,2026-06-24,Cardiology,5,5,5,0,0
PRV-005,2026-06-24,Endocrinology,8,7,4,1,2
PRV-006,2026-06-24,Endocrinology,4,4,1,0,3
PRV-007,2026-06-24,Endocrinology,7,6,5,1,0
PRV-008,2026-06-24,Orthopedics,4,3,2,0,1
PRV-009,2026-06-24,Orthopedics,3,2,2,0,0
PRV-010,2026-06-24,Orthopedics,3,3,1,1,1
PRV-011,2026-06-24,Orthopedics,5,4,4,0,0
PRV-012,2026-06-24,Neurology,5,4,3,0,1
PRV-013,2026-06-24,Neurology,5,4,4,0,0
PRV-014,2026-06-24,Neurology,1,1,0,0,1
PRV-015,2026-06-24,Gastroenterology,5,5,5,0,0
PRV-016,2026-06-24,Gastroenterology,3,3,2,1,0
PRV-017,2026-06-24,Gastroenterology,2,2,2,0,0
PRV-018,2026-06-24,Gastroenterology,2,2,1,1,0
PRV-019,2026-06-24,Pulmonology,7,5,5,0,0
PRV-020,2026-06-24,Pulmonology,2,2,2,0,0
PRV-021,2026-06-24,Pulmonology,9,9,8,0,1
PRV-022,2026-06-24,Pulmonology,5,4,4,0,0
PRV-001,2026-06-25,Cardiology,8,6,5,0,1
PRV-002,2026-06-25,Cardiology,1,1,1,0,0
PRV-003,2026-06-25,Cardiology,2,2,2,0,0
PRV-004,2026-06-25,Cardiology,2,2,1,1,0
PRV-005,2026-06-25,Endocrinology,6,5,5,0,0
PRV-006,2026-06-25,Endocrinology,4,4,4,0,0
PRV-007,2026-06-25,Endocrinology,3,3,3,0,0
PRV-008,2026-06-25,Orthopedics,5,4,4,0,0
PRV-009,2026-06-25,Orthopedics,3,2,1,1,0
PRV-010,2026-06-25,Orthopedics,2,2,2,0,0
PRV-011,2026-06-25,Orthopedics,1,1,1,0,0
PRV-012,2026-06-25,Neurology,2,2,2,0,0
PRV-013,2026-06-25,Neurology,1,1,1,0,0
PRV-014,2026-06-25,Neurology,2,2,2,0,0
PRV-015,2026-06-25,Gastroenterology,8,7,7,0,0
PRV-016,2026-06-25,Gastroenterology,7,6,5,1,0
PRV-017,2026-06-25,Gastroenterology,4,4,3,0,1
PRV-018,2026-06-25,Gastroenterology,4,4,3,0,1
PRV-019,2026-06-25,Pulmonology,8,6,4,2,0
PRV-020,2026-06-25,Pulmonology,6,5,4,1,0
PRV-021,2026-06-25,Pulmonology,3,3,2,1,0
PRV-022,2026-06-25,Pulmonology,4,3,2,1,0
PRV-001,2026-06-26,Cardiology,5,4,3,0,1
PRV-002,2026-06-26,Cardiology,4,3,3,0,0
PRV-003,2026-06-26,Cardiology,7,6,4,2,0
PRV-005,2026-06-26,Endocrinology,7,6,4,1,1
PRV-006,2026-06-26,Endocrinology,6,6,4,0,2
PRV-007,2026-06-26,Endocrinology,3,3,3,0,0
PRV-008,2026-06-26,Orthopedics,3,2,1,0,1
PRV-009,2026-06-26,Orthopedics,1,1,1,0,0
PRV-010,2026-06-26,Orthopedics,8,8,7,1,0
PRV-011,2026-06-26,Orthopedics,4,3,3,0,0
PRV-012,2026-06-26,Neurology,5,4,3,0,1
PRV-013,2026-06-26,Neurology,5,4,2,2,0
PRV-014,2026-06-26,Neurology,2,2,1,1,0
PRV-015,2026-06-26,Gastroenterology,1,1,1,0,0
PRV-016,2026-06-26,Gastroenterology,3,3,3,0,0
PRV-017,2026-06-26,Gastroenterology,2,2,2,0,0
PRV-018,2026-06-26,Gastroenterology,1,1,1,0,0
PRV-019,2026-06-26,Pulmonology,4,3,2,0,1
PRV-020,2026-06-26,Pulmonology,4,3,2,0,1
PRV-021,2026-06-26,Pulmonology,3,3,2,0,1
PRV-022,2026-06-26,Pulmonology,2,2,2,0,0
PRV-001,2026-06-27,Cardiology,5,4,0,0,0
PRV-002,2026-06-27,Cardiology,1,1,0,0,0
PRV-003,2026-06-27,Cardiology,2,2,0,0,0
PRV-004,2026-06-27,Cardiology,4,4,0,0,0
PRV-005,2026-06-27,Endocrinology,2,2,0,0,0
PRV-006,2026-06-27,Endocrinology,2,2,0,0,0
PRV-007,2026-06-27,Endocrinology,2,2,0,0,0
PRV-008,2026-06-27,Orthopedics,4,3,0,0,0
PRV-009,2026-06-27,Orthopedics,4,3,0,0,0
PRV-010,2026-06-27,Orthopedics,1,1,0,0,0
PRV-011,2026-06-27,Orthopedics,4,3,0,0,0
PRV-012,2026-06-27,Neurology,2,2,0,0,0
PRV-013,2026-06-27,Neurology,5,4,0,0,0
PRV-014,2026-06-27,Neurology,5,4,0,0,0
PRV-015,2026-06-27,Gastroenterology,8,7,0,0,0
PRV-016,2026-06-27,Gastroenterology,7,6,0,0,0
PRV-017,2026-06-27,Gastroenterology,2,2,0,0,0
PRV-018,2026-06-27,Gastroenterology,5,5,0,0,0
PRV-019,2026-06-27,Pulmonology,12,9,0,0,0
PRV-020,2026-06-27,Pulmonology,6,5,0,0,0
PRV-021,2026-06-27,Pulmonology,3,3,0,0,0
PRV-022,2026-06-27,Pulmonology,9,7,0,0,0
PRV-001,2026-06-28,Cardiology,3,2,0,0,0
PRV-002,2026-06-28,Cardiology,5,4,0,0,0
PRV-003,2026-06-28,Cardiology,7,6,0,0,0
PRV-004,2026-06-28,Cardiology,4,4,0,0,0
PRV-005,2026-06-28,Endocrinology,2,2,0,0,0
PRV-006,2026-06-28,Endocrinology,3,3,0,0,0
PRV-007,2026-06-28,Endocrinology,5,4,0,0,0
PRV-008,2026-06-28,Orthopedics,1,1,0,0,0
PRV-009,2026-06-28,Orthopedics,1,1,0,0,0
PRV-010,2026-06-28,Orthopedics,4,4,0,0,0
PRV-011,2026-06-28,Orthopedics,1,1,0,0,0
PRV-012,2026-06-28,Neurology,4,3,0,0,0
PRV-013,2026-06-28,Neurology,5,4,0,0,0
PRV-014,2026-06-28,Neurology,2,2,0,0,0
PRV-015,2026-06-28,Gastroenterology,2,2,0,0,0
PRV-016,2026-06-28,Gastroenterology,3,3,0,0,0
PRV-017,2026-06-28,Gastroenterology,3,3,0,0,0
PRV-018,2026-06-28,Gastroenterology,4,4,0,0,0
PRV-019,2026-06-28,Pulmonology,4,3,0,0,0
PRV-020,2026-06-28,Pulmonology,7,6,0,0,0
PRV-021,2026-06-28,Pulmonology,4,4,0,0,0
PRV-022,2026-06-28,Pulmonology,4,3,0,0,0
PRV-001,2026-06-29,Cardiology,4,3,0,0,0
PRV-002,2026-06-29,Cardiology,1,1,0,0,0
PRV-003,2026-06-29,Cardiology,7,6,0,0,0
PRV-004,2026-06-29,Cardiology,3,3,0,0,0
PRV-005,2026-06-29,Endocrinology,5,4,0,0,0
PRV-006,2026-06-29,Endocrinology,4,4,0,0,0
PRV-007,2026-06-29,Endocrinology,7,6,0,0,0
PRV-008,2026-06-29,Orthopedics,4,3,0,0,0
PRV-009,2026-06-29,Orthopedics,3,2,0,0,0
PRV-010,2026-06-29,Orthopedics,2,2,0,0,0
PRV-011,2026-06-29,Orthopedics,9,7,0,0,0
PRV-012,2026-06-29,Neurology,6,5,0,0,0
PRV-013,2026-06-29,Neurology,2,2,0,0,0
PRV-014,2026-06-29,Neurology,3,3,0,0,0
PRV-015,2026-06-29,Gastroenterology,5,5,0,0,0
PRV-016,2026-06-29,Gastroenterology,3,3,0,0,0
PRV-017,2026-06-29,Gastroenterology,8,7,0,0,0
PRV-018,2026-06-29,Gastroenterology,3,3,0,0,0
PRV-019,2026-06-29,Pulmonology,11,8,0,0,0
PRV-020,2026-06-29,Pulmonology,2,2,0,0,0
PRV-021,2026-06-29,Pulmonology,6,6,0,0,0
PRV-022,2026-06-29,Pulmonology,6,5,0,0,0
PRV-001,2026-06-30,Cardiology,1,1,0,0,0
PRV-003,2026-06-30,Cardiology,9,8,0,0,0
PRV-004,2026-06-30,Cardiology,3,3,0,0,0
PRV-005,2026-06-30,Endocrinology,3,3,0,0,0
PRV-006,2026-06-30,Endocrinology,1,1,0,0,0
PRV-008,2026-06-30,Orthopedics,8,6,0,0,0
PRV-009,2026-06-30,Orthopedics,4,3,0,0,0
PRV-010,2026-06-30,Orthopedics,3,3,0,0,0
PRV-011,2026-06-30,Orthopedics,12,9,0,0,0
PRV-012,2026-06-30,Neurology,2,2,0,0,0
PRV-013,2026-06-30,Neurology,4,3,0,0,0
PRV-014,2026-06-30,Neurology,1,1,0,0,0
PRV-015,2026-06-30,Gastroenterology,2,2,0,0,0
PRV-016,2026-06-30,Gastroenterology,3,3,0,0,0
PRV-017,2026-06-30,Gastroenterology,8,7,0,0,0
PRV-018,2026-06-30,Gastroenterology,2,2,0,0,0
PRV-019,2026-06-30,Pulmonology,6,4,0,0,0
PRV-020,2026-06-30,Pulmonology,1,1,0,0,0
PRV-021,2026-06-30,Pulmonology,4,4,0,0,0
PRV-022,2026-06-30,Pulmonology,4,3,0,0,0
PRV-001,2026-07-01,Cardiology,7,5,0,0,0
PRV-002,2026-07-01,Cardiology,1,1,0,0,0
PRV-003,2026-07-01,Cardiology,3,3,0,0,0
PRV-004,2026-07-01,Cardiology,8,8,0,0,0
PRV-005,2026-07-01,Endocrinology,3,3,0,0,0
PRV-006,2026-07-01,Endocrinology,4,4,0,0,0
PRV-007,2026-07-01,Endocrinology,9,8,0,0,0
PRV-008,2026-07-01,Orthopedics,4,3,0,0,0
PRV-009,2026-07-01,Orthopedics,4,3,0,0,0
PRV-010,2026-07-01,Orthopedics,4,4,0,0,0
PRV-011,2026-07-01,Orthopedics,6,5,0,0,0
PRV-012,2026-07-01,Neurology,2,2,0,0,0
PRV-013,2026-07-01,Neurology,2,2,0,0,0
PRV-016,2026-07-01,Gastroenterology,1,1,0,0,0
PRV-017,2026-07-01,Gastroenterology,2,2,0,0,0
PRV-018,2026-07-01,Gastroenterology,2,2,0,0,0
PRV-019,2026-07-01,Pulmonology,3,2,0,0,0
PRV-020,2026-07-01,Pulmonology,9,7,0,0,0
PRV-021,2026-07-01,Pulmonology,5,5,0,0,0
PRV-022,2026-07-01,Pulmonology,2,2,0,0,0
PRV-002,2026-07-02,Cardiology,4,3,0,0,0
PRV-003,2026-07-02,Cardiology,3,3,0,0,0
PRV-004,2026-07-02,Cardiology,5,5,0,0,0
PRV-005,2026-07-02,Endocrinology,6,5,0,0,0
PRV-006,2026-07-02,Endocrinology,3,3,0,0,0
PRV-007,2026-07-02,Endocrinology,6,5,0,0,0
PRV-008,2026-07-02,Orthopedics,5,4,0,0,0
PRV-009,2026-07-02,Orthopedics,8,6,0,0,0
PRV-010,2026-07-02,Orthopedics,1,1,0,0,0
PRV-011,2026-07-02,Orthopedics,9,7,0,0,0
PRV-012,2026-07-02,Neurology,2,2,0,0,0
PRV-013,2026-07-02,Neurology,6,5,0,0,0
PRV-014,2026-07-02,Neurology,3,3,0,0,0
PRV-015,2026-07-02,Gastroenterology,8,7,0,0,0
PRV-016,2026-07-02,Gastroenterology,2,2,0,0,0
PRV-017,2026-07-02,Gastroenterology,4,4,0,0,0
PRV-019,2026-07-02,Pulmonology,4,3,0,0,0
PRV-020,2026-07-02,Pulmonology,1,1,0,0,0
PRV-021,2026-07-02,Pulmonology,3,3,0,0,0
PRV-022,2026-07-02,Pulmonology,5,4,0,0,0
PRV-001,2026-07-03,Cardiology,3,2,0,0,0
PRV-002,2026-07-03,Cardiology,4,3,0,0,0
PRV-003,2026-07-03,Cardiology,2,2,0,0,0
PRV-004,2026-07-03,Cardiology,4,4,0,0,0
PRV-005,2026-07-03,Endocrinology,5,4,0,0,0
PRV-006,2026-07-03,Endocrinology,5,5,0,0,0
PRV-007,2026-07-03,Endocrinology,5,4,0,0,0
PRV-008,2026-07-03,Orthopedics,5,4,0,0,0
PRV-010,2026-07-03,Orthopedics,1,1,0,0,0
PRV-011,2026-07-03,Orthopedics,4,3,0,0,0
PRV-012,2026-07-03,Neurology,4,3,0,0,0
PRV-013,2026-07-03,Neurology,2,2,0,0,0
PRV-014,2026-07-03,Neurology,5,4,0,0,0
PRV-015,2026-07-03,Gastroenterology,4,4,0,0,0
PRV-016,2026-07-03,Gastroenterology,1,1,0,0,0
PRV-017,2026-07-03,Gastroenterology,3,3,0,0,0
PRV-018,2026-07-03,Gastroenterology,2,2,0,0,0
PRV-019,2026-07-03,Pulmonology,8,6,0,0,0
PRV-020,2026-07-03,Pulmonology,10,8,0,0,0
PRV-021,2026-07-03,Pulmonology,4,4,0,0,0
PRV-022,2026-07-03,Pulmonology,5,4,0,0,0
PRV-001,2026-07-04,Cardiology,1,1,0,0,0
PRV-002,2026-07-04,Cardiology,4,3,0,0,0
PRV-003,2026-07-04,Cardiology,4,4,0,0,0
PRV-004,2026-07-04,Cardiology,2,2,0,0,0
PRV-005,2026-07-04,Endocrinology,9,8,0,0,0
PRV-006,2026-07-04,Endocrinology,8,8,0,0,0
PRV-007,2026-07-04,Endocrinology,8,7,0,0,0
PRV-009,2026-07-04,Orthopedics,3,2,0,0,0
PRV-010,2026-07-04,Orthopedics,5,5,0,0,0
PRV-011,2026-07-04,Orthopedics,4,3,0,0,0
PRV-012,2026-07-04,Neurology,2,2,0,0,0
PRV-013,2026-07-04,Neurology,4,3,0,0,0
PRV-014,2026-07-04,Neurology,6,5,0,0,0
PRV-015,2026-07-04,Gastroenterology,2,2,0,0,0
PRV-016,2026-07-04,Gastroenterology,1,1,0,0,0
PRV-017,2026-07-04,Gastroenterology,3,3,0,0,0
PRV-018,2026-07-04,Gastroenterology,3,3,0,0,0
PRV-019,2026-07-04,Pulmonology,10,7,0,0,0
PRV-020,2026-07-04,Pulmonology,12,10,0,0,0
PRV-021,2026-07-04,Pulmonology,1,1,0,0,0
PRV-022,2026-07-04,Pulmonology,6,5,0,0,0
PRV-001,2026-07-05,Cardiology,4,3,0,0,0
PRV-003,2026-07-05,Cardiology,7,6,0,0,0
PRV-004,2026-07-05,Cardiology,7,7,0,0,0
PRV-005,2026-07-05,Endocrinology,6,5,0,0,0
PRV-006,2026-07-05,Endocrinology,1,1,0,0,0
PRV-007,2026-07-05,Endocrinology,6,5,0,0,0
PRV-008,2026-07-05,Orthopedics,5,4,0,0,0
PRV-009,2026-07-05,Orthopedics,1,1,0,0,0
PRV-011,2026-07-05,Orthopedics,9,7,0,0,0
PRV-012,2026-07-05,Neurology,1,1,0,0,0
PRV-013,2026-07-05,Neurology,2,2,0,0,0
PRV-014,2026-07-05,Neurology,1,1,0,0,0
PRV-015,2026-07-05,Gastroenterology,3,3,0,0,0
PRV-016,2026-07-05,Gastroenterology,2,2,0,0,0
PRV-017,2026-07-05,Gastroenterology,3,3,0,0,0
PRV-018,2026-07-05,Gastroenterology,5,5,0,0,0
PRV-019,2026-07-05,Pulmonology,7,5,0,0,0
PRV-020,2026-07-05,Pulmonology,4,3,0,0,0
PRV-021,2026-07-05,Pulmonology,2,2,0,0,0
PRV-022,2026-07-05,Pulmonology,1,1,0,0,0
PRV-001,2026-07-06,Cardiology,3,2,0,0,0
PRV-002,2026-07-06,Cardiology,4,3,0,0,0
PRV-003,2026-07-06,Cardiology,5,5,0,0,0
PRV-004,2026-07-06,Cardiology,1,1,0,0,0
PRV-005,2026-07-06,Endocrinology,7,6,0,0,0
PRV-006,2026-07-06,Endocrinology,1,1,0,0,0
PRV-007,2026-07-06,Endocrinology,8,7,0,0,0
PRV-008,2026-07-06,Orthopedics,3,2,0,0,0
PRV-009,2026-07-06,Orthopedics,1,1,0,0,0
PRV-010,2026-07-06,Orthopedics,5,5,0,0,0
PRV-011,2026-07-06,Orthopedics,5,4,0,0,0
PRV-012,2026-07-06,Neurology,6,5,0,0,0
PRV-013,2026-07-06,Neurology,4,3,0,0,0
PRV-014,2026-07-06,Neurology,1,1,0,0,0
PRV-016,2026-07-06,Gastroenterology,1,1,0,0,0
PRV-017,2026-07-06,Gastroenterology,2,2,0,0,0
PRV-018,2026-07-06,Gastroenterology,1,1,0,0,0
PRV-019,2026-07-06,Pulmonology,4,3,0,0,0
PRV-020,2026-07-06,Pulmonology,5,4,0,0,0
PRV-021,2026-07-06,Pulmonology,5,5,0,0,0
PRV-022,2026-07-06,Pulmonology,2,2,0,0,0
PRV-002,2026-07-07,Cardiology,4,3,0,0,0
PRV-003,2026-07-07,Cardiology,7,6,0,0,0
PRV-004,2026-07-07,Cardiology,2,2,0,0,0
PRV-006,2026-07-07,Endocrinology,4,4,0,0,0
PRV-007,2026-07-07,Endocrinology,1,1,0,0,0
PRV-008,2026-07-07,Orthopedics,4,3,0,0,0
PRV-009,2026-07-07,Orthopedics,3,2,0,0,0
PRV-010,2026-07-07,Orthopedics,3,3,0,0,0
PRV-011,2026-07-07,Orthopedics,1,1,0,0,0
PRV-012,2026-07-07,Neurology,4,3,0,0,0
PRV-013,2026-07-07,Neurology,6,5,0,0,0
PRV-014,2026-07-07,Neurology,2,2,0,0,0
PRV-015,2026-07-07,Gastroenterology,5,5,0,0,0
PRV-016,2026-07-07,Gastroenterology,6,5,0,0,0
PRV-017,2026-07-07,Gastroenterology,1,1,0,0,0
PRV-018,2026-07-07,Gastroenterology,5,5,0,0,0
PRV-019,2026-07-07,Pulmonology,3,2,0,0,0
PRV-020,2026-07-07,Pulmonology,5,4,0,0,0
PRV-021,2026-07-07,Pulmonology,4,4,0,0,0
PRV-022,2026-07-07,Pulmonology,5,4,0,0,0
PRV-002,2026-07-08,Cardiology,4,3,0,0,0
PRV-003,2026-07-08,Cardiology,5,5,0,0,0
PRV-004,2026-07-08,Cardiology,4,4,0,0,0
PRV-005,2026-07-08,Endocrinology,6,5,0,0,0
PRV-006,2026-07-08,Endocrinology,6,6,0,0,0
PRV-007,2026-07-08,Endocrinology,3,3,0,0,0
PRV-008,2026-07-08,Orthopedics,1,1,0,0,0
PRV-009,2026-07-08,Orthopedics,4,3,0,0,0
PRV-010,2026-07-08,Orthopedics,6,6,0,0,0
PRV-011,2026-07-08,Orthopedics,6,5,0,0,0
PRV-012,2026-07-08,Neurology,2,2,0,0,0
PRV-013,2026-07-08,Neurology,6,5,0,0,0
PRV-014,2026-07-08,Neurology,2,2,0,0,0
PRV-015,2026-07-08,Gastroenterology,8,7,0,0,0
PRV-016,2026-07-08,Gastroenterology,2,2,0,0,0
PRV-017,2026-07-08,Gastroenterology,3,3,0,0,0
PRV-018,2026-07-08,Gastroenterology,8,8,0,0,0
PRV-019,2026-07-08,Pulmonology,3,2,0,0,0
PRV-020,2026-07-08,Pulmonology,5,4,0,0,0
PRV-021,2026-07-08,Pulmonology,2,2,0,0,0
PRV-022,2026-07-08,Pulmonology,1,1,0,0,0
PRV-001,2026-07-09,Cardiology,4,3,0,0,0
PRV-002,2026-07-09,Cardiology,2,2,0,0,0
PRV-003,2026-07-09,Cardiology,4,4,0,0,0
PRV-004,2026-07-09,Cardiology,4,4,0,0,0
PRV-005,2026-07-09,Endocrinology,3,3,0,0,0
PRV-006,2026-07-09,Endocrinology,3,3,0,0,0
PRV-007,2026-07-09,Endocrinology,5,4,0,0,0
PRV-008,2026-07-09,Orthopedics,1,1,0,0,0
PRV-009,2026-07-09,Orthopedics,1,1,0,0,0
PRV-010,2026-07-09,Orthopedics,2,2,0,0,0
PRV-011,2026-07-09,Orthopedics,5,4,0,0,0
PRV-012,2026-07-09,Neurology,5,4,0,0,0
PRV-013,2026-07-09,Neurology,5,4,0,0,0
PRV-014,2026-07-09,Neurology,5,4,0,0,0
PRV-015,2026-07-09,Gastroenterology,9,8,0,0,0
PRV-016,2026-07-09,Gastroenterology,4,4,0,0,0
PRV-017,2026-07-09,Gastroenterology,3,3,0,0,0
PRV-018,2026-07-09,Gastroenterology,2,2,0,0,0
PRV-019,2026-07-09,Pulmonology,7,5,0,0,0
PRV-020,2026-07-09,Pulmonology,5,4,0,0,0
PRV-021,2026-07-09,Pulmonology,3,3,0,0,0
PRV-022,2026-07-09,Pulmonology,6,5,0,0,0
PRV-001,2026-07-10,Cardiology,1,1,0,0,0
PRV-002,2026-07-10,Cardiology,2,2,0,0,0
PRV-003,2026-07-10,Cardiology,3,3,0,0,0
PRV-004,2026-07-10,Cardiology,2,2,0,0,0
PRV-006,2026-07-10,Endocrinology,7,7,0,0,0
PRV-007,2026-07-10,Endocrinology,8,7,0,0,0
PRV-008,2026-07-10,Orthopedics,5,4,0,0,0
PRV-009,2026-07-10,Orthopedics,3,2,0,0,0
PRV-010,2026-07-10,Orthopedics,3,3,0,0,0
PRV-011,2026-07-10,Orthopedics,3,2,0,0,0
PRV-013,2026-07-10,Neurology,2,2,0,0,0
PRV-014,2026-07-10,Neurology,5,4,0,0,0
PRV-015,2026-07-10,Gastroenterology,3,3,0,0,0
PRV-016,2026-07-10,Gastroenterology,4,4,0,0,0
PRV-017,2026-07-10,Gastroenterology,3,3,0,0,0
PRV-018,2026-07-10,Gastroenterology,3,3,0,0,0
PRV-019,2026-07-10,Pulmonology,4,3,0,0,0
PRV-020,2026-07-10,Pulmonology,5,4,0,0,0
PRV-021,2026-07-10,Pulmonology,5,5,0,0,0
PRV-022,2026-07-10,Pulmonology,1,1,0,0,0
PRV-001,2026-07-11,Cardiology,3,2,0,0,0
PRV-003,2026-07-11,Cardiology,4,4,0,0,0
PRV-004,2026-07-11,Cardiology,1,1,0,0,0
PRV-005,2026-07-11,Endocrinology,1,1,0,0,0
PRV-006,2026-07-11,Endocrinology,4,4,0,0,0
PRV-007,2026-07-11,Endocrinology,7,6,0,0,0
PRV-008,2026-07-11,Orthopedics,1,1,0,0,0
PRV-010,2026-07-11,Orthopedics,3,3,0,0,0
PRV-011,2026-07-11,Orthopedics,4,3,0,0,0
PRV-012,2026-07-11,Neurology,1,1,0,0,0
PRV-013,2026-07-11,Neurology,4,3,0,0,0
PRV-014,2026-07-11,Neurology,5,4,0,0,0
PRV-015,2026-07-11,Gastroenterology,4,4,0,0,0
PRV-016,2026-07-11,Gastroenterology,2,2,0,0,0
PRV-017,2026-07-11,Gastroenterology,3,3,0,0,0
PRV-018,2026-07-11,Gastroenterology,2,2,0,0,0
PRV-019,2026-07-11,Pulmonology,7,5,0,0,0
PRV-020,2026-07-11,Pulmonology,6,5,0,0,0
PRV-021,2026-07-11,Pulmonology,2,2,0,0,0
PRV-022,2026-07-11,Pulmonology,1,1,0,0,0
PRV-001,2026-07-12,Cardiology,3,2,0,0,0
PRV-002,2026-07-12,Cardiology,1,1,0,0,0
PRV-003,2026-07-12,Cardiology,1,1,0,0,0
PRV-004,2026-07-12,Cardiology,1,1,0,0,0
PRV-005,2026-07-12,Endocrinology,5,4,0,0,0
PRV-006,2026-07-12,Endocrinology,2,2,0,0,0
PRV-007,2026-07-12,Endocrinology,6,5,0,0,0
PRV-008,2026-07-12,Orthopedics,6,5,0,0,0
PRV-009,2026-07-12,Orthopedics,5,4,0,0,0
PRV-010,2026-07-12,Orthopedics,4,4,0,0,0
PRV-011,2026-07-12,Orthopedics,6,5,0,0,0
PRV-012,2026-07-12,Neurology,5,4,0,0,0
PRV-013,2026-07-12,Neurology,2,2,0,0,0
PRV-014,2026-07-12,Neurology,1,1,0,0,0
PRV-015,2026-07-12,Gastroenterology,4,4,0,0,0
PRV-016,2026-07-12,Gastroenterology,4,4,0,0,0
PRV-017,2026-07-12,Gastroenterology,4,4,0,0,0
PRV-018,2026-07-12,Gastroenterology,1,1,0,0,0
PRV-019,2026-07-12,Pulmonology,6,4,0,0,0
PRV-020,2026-07-12,Pulmonology,2,2,0,0,0
PRV-021,2026-07-12,Pulmonology,2,2,0,0,0
PRV-022,2026-07-12,Pulmonology,2,2,0,0,0
PRV-002,2026-07-13,Cardiology,1,1,0,0,0
PRV-003,2026-07-13,Cardiology,5,5,0,0,0
PRV-004,2026-07-13,Cardiology,2,2,0,0,0
PRV-005,2026-07-13,Endocrinology,9,8,0,0,0
PRV-006,2026-07-13,Endocrinology,6,6,0,0,0
PRV-007,2026-07-13,Endocrinology,5,4,0,0,0
PRV-008,2026-07-13,Orthopedics,4,3,0,0,0
PRV-009,2026-07-13,Orthopedics,3,2,0,0,0
PRV-012,2026-07-13,Neurology,1,1,0,0,0
PRV-013,2026-07-13,Neurology,4,3,0,0,0
PRV-014,2026-07-13,Neurology,3,3,0,0,0
PRV-015,2026-07-13,Gastroenterology,1,1,0,0,0
PRV-017,2026-07-13,Gastroenterology,3,3,0,0,0
PRV-019,2026-07-13,Pulmonology,7,5,0,0,0
PRV-020,2026-07-13,Pulmonology,6,5,0,0,0
PRV-021,2026-07-13,Pulmonology,2,2,0,0,0
PRV-022,2026-07-13,Pulmonology,5,4,0,0,0
PRV-001,2026-07-14,Cardiology,3,2,0,0,0
PRV-002,2026-07-14,Cardiology,2,2,0,0,0
PRV-003,2026-07-14,Cardiology,1,1,0,0,0
PRV-004,2026-07-14,Cardiology,3,3,0,0,0
PRV-005,2026-07-14,Endocrinology,7,6,0,0,0
PRV-006,2026-07-14,Endocrinology,8,8,0,0,0
PRV-007,2026-07-14,Endocrinology,6,5,0,0,0
PRV-008,2026-07-14,Orthopedics,4,3,0,0,0
PRV-009,2026-07-14,Orthopedics,3,2,0,0,0
PRV-010,2026-07-14,Orthopedics,5,5,0,0,0
PRV-011,2026-07-14,Orthopedics,1,1,0,0,0
PRV-012,2026-07-14,Neurology,2,2,0,0,0
PRV-013,2026-07-14,Neurology,1,1,0,0,0
PRV-014,2026-07-14,Neurology,3,3,0,0,0
PRV-015,2026-07-14,Gastroenterology,3,3,0,0,0
PRV-016,2026-07-14,Gastroenterology,1,1,0,0,0
PRV-017,2026-07-14,Gastroenterology,1,1,0,0,0
PRV-018,2026-07-14,Gastroenterology,1,1,0,0,0
PRV-019,2026-07-14,Pulmonology,4,3,0,0,0
PRV-020,2026-07-14,Pulmonology,2,2,0,0,0
PRV-021,2026-07-14,Pulmonology,4,4,0,0,0
PRV-022,2026-07-14,Pulmonology,4,3,0,0,0
PRV-001,2026-07-15,Cardiology,4,3,0,0,0
PRV-002,2026-07-15,Cardiology,4,3,0,0,0
PRV-003,2026-07-15,Cardiology,2,2,0,0,0
PRV-004,2026-07-15,Cardiology,4,4,0,0,0
PRV-005,2026-07-15,Endocrinology,3,3,0,0,0
PRV-006,2026-07-15,Endocrinology,8,8,0,0,0
PRV-007,2026-07-15,Endocrinology,3,3,0,0,0
PRV-008,2026-07-15,Orthopedics,3,2,0,0,0
PRV-010,2026-07-15,Orthopedics,5,5,0,0,0
PRV-011,2026-07-15,Orthopedics,3,2,0,0,0
PRV-012,2026-07-15,Neurology,2,2,0,0,0
PRV-013,2026-07-15,Neurology,1,1,0,0,0
PRV-014,2026-07-15,Neurology,3,3,0,0,0
PRV-015,2026-07-15,Gastroenterology,2,2,0,0,0
PRV-016,2026-07-15,Gastroenterology,3,3,0,0,0
PRV-017,2026-07-15,Gastroenterology,4,4,0,0,0
PRV-018,2026-07-15,Gastroenterology,2,2,0,0,0
PRV-019,2026-07-15,Pulmonology,10,7,0,0,0
PRV-020,2026-07-15,Pulmonology,5,4,0,0,0
PRV-021,2026-07-15,Pulmonology,4,4,0,0,0
PRV-022,2026-07-15,Pulmonology,4,3,0,0,0
PRV-001,2026-07-16,Cardiology,1,1,0,0,0
PRV-002,2026-07-16,Cardiology,1,1,0,0,0
PRV-003,2026-07-16,Cardiology,1,1,0,0,0
PRV-004,2026-07-16,Cardiology,1,1,0,0,0
PRV-005,2026-07-16,Endocrinology,2,2,0,0,0
PRV-006,2026-07-16,Endocrinology,2,2,0,0,0
PRV-007,2026-07-16,Endocrinology,5,4,0,0,0
PRV-010,2026-07-16,Orthopedics,3,3,0,0,0
PRV-011,2026-07-16,Orthopedics,3,2,0,0,0
PRV-012,2026-07-16,Neurology,4,3,0,0,0
PRV-013,2026-07-16,Neurology,2,2,0,0,0
PRV-014,2026-07-16,Neurology,5,4,0,0,0
PRV-015,2026-07-16,Gastroenterology,1,1,0,0,0
PRV-016,2026-07-16,Gastroenterology,2,2,0,0,0
PRV-017,2026-07-16,Gastroenterology,4,4,0,0,0
PRV-018,2026-07-16,Gastroenterology,7,7,0,0,0
PRV-020,2026-07-16,Pulmonology,1,1,0,0,0
PRV-021,2026-07-16,Pulmonology,3,3,0,0,0
PRV-022,2026-07-16,Pulmonology,2,2,0,0,0
PRV-001,2026-07-17,Cardiology,3,2,0,0,0
PRV-002,2026-07-17,Cardiology,5,4,0,0,0
PRV-003,2026-07-17,Cardiology,3,3,0,0,0
PRV-004,2026-07-17,Cardiology,4,4,0,0,0
PRV-005,2026-07-17,Endocrinology,1,1,0,0,0
PRV-006,2026-07-17,Endocrinology,5,5,0,0,0
PRV-007,2026-07-17,Endocrinology,1,1,0,0,0
PRV-008,2026-07-17,Orthopedics,1,1,0,0,0
PRV-010,2026-07-17,Orthopedics,2,2,0,0,0
PRV-011,2026-07-17,Orthopedics,4,3,0,0,0
PRV-012,2026-07-17,Neurology,2,2,0,0,0
PRV-013,2026-07-17,Neurology,2,2,0,0,0
PRV-014,2026-07-17,Neurology,3,3,0,0,0
PRV-015,2026-07-17,Gastroenterology,1,1,0,0,0
PRV-017,2026-07-17,Gastroenterology,4,4,0,0,0
PRV-018,2026-07-17,Gastroenterology,5,5,0,0,0
PRV-019,2026-07-17,Pulmonology,3,2,0,0,0
PRV-020,2026-07-17,Pulmonology,1,1,0,0,0
PRV-021,2026-07-17,Pulmonology,1,1,0,0,0
PRV-022,2026-07-17,Pulmonology,2,2,0,0,0
PRV-001,2026-07-18,Cardiology,4,3,0,0,0
PRV-002,2026-07-18,Cardiology,2,2,0,0,0
PRV-003,2026-07-18,Cardiology,3,3,0,0,0
PRV-005,2026-07-18,Endocrinology,2,2,0,0,0
PRV-006,2026-07-18,Endocrinology,6,6,0,0,0
PRV-007,2026-07-18,Endocrinology,3,3,0,0,0
PRV-008,2026-07-18,Orthopedics,4,3,0,0,0
PRV-009,2026-07-18,Orthopedics,3,2,0,0,0
PRV-010,2026-07-18,Orthopedics,1,1,0,0,0
PRV-011,2026-07-18,Orthopedics,1,1,0,0,0
PRV-012,2026-07-18,Neurology,4,3,0,0,0
PRV-013,2026-07-18,Neurology,1,1,0,0,0
PRV-014,2026-07-18,Neurology,6,5,0,0,0
PRV-015,2026-07-18,Gastroenterology,7,6,0,0,0
PRV-016,2026-07-18,Gastroenterology,2,2,0,0,0
PRV-018,2026-07-18,Gastroenterology,2,2,0,0,0
PRV-019,2026-07-18,Pulmonology,6,4,0,0,0
PRV-020,2026-07-18,Pulmonology,7,6,0,0,0
PRV-021,2026-07-18,Pulmonology,1,1,0,0,0
PRV-022,2026-07-18,Pulmonology,2,2,0,0,0
PRV-001,2026-07-19,Cardiology,1,1,0,0,0
PRV-002,2026-07-19,Cardiology,2,2,0,0,0
PRV-003,2026-07-19,Cardiology,3,3,0,0,0
PRV-004,2026-07-19,Cardiology,2,2,0,0,0
PRV-005,2026-07-19,Endocrinology,5,4,0,0,0
PRV-006,2026-07-19,Endocrinology,5,5,0,0,0
PRV-007,2026-07-19,Endocrinology,5,4,0,0,0
PRV-008,2026-07-19,Orthopedics,4,3,0,0,0
PRV-009,2026-07-19,Orthopedics,1,1,0,0,0
PRV-010,2026-07-19,Orthopedics,2,2,0,0,0
PRV-011,2026-07-19,Orthopedics,6,5,0,0,0
PRV-012,2026-07-19,Neurology,5,4,0,0,0
PRV-013,2026-07-19,Neurology,2,2,0,0,0
PRV-014,2026-07-19,Neurology,2,2,0,0,0
PRV-015,2026-07-19,Gastroenterology,1,1,0,0,0
PRV-016,2026-07-19,Gastroenterology,6,5,0,0,0
PRV-017,2026-07-19,Gastroenterology,3,3,0,0,0
PRV-018,2026-07-19,Gastroenterology,2,2,0,0,0
PRV-019,2026-07-19,Pulmonology,3,2,0,0,0
PRV-020,2026-07-19,Pulmonology,5,4,0,0,0
PRV-021,2026-07-19,Pulmonology,3,3,0,0,0
PRV-022,2026-07-19,Pulmonology,1,1,0,0,0
PRV-001,2026-07-20,Cardiology,1,1,0,0,0
PRV-002,2026-07-20,Cardiology,2,2,0,0,0
PRV-003,2026-07-20,Cardiology,1,1,0,0,0
PRV-004,2026-07-20,Cardiology,6,6,0,0,0
PRV-005,2026-07-20,Endocrinology,2,2,0,0,0
PRV-006,2026-07-20,Endocrinology,6,6,0,0,0
PRV-007,2026-07-20,Endocrinology,6,5,0,0,0
PRV-009,2026-07-20,Orthopedics,1,1,0,0,0
PRV-012,2026-07-20,Neurology,1,1,0,0,0
PRV-013,2026-07-20,Neurology,4,3,0,0,0
PRV-014,2026-07-20,Neurology,6,5,0,0,0
PRV-015,2026-07-20,Gastroenterology,3,3,0,0,0
PRV-017,2026-07-20,Gastroenterology,3,3,0,0,0
PRV-018,2026-07-20,Gastroenterology,3,3,0,0,0
PRV-019,2026-07-20,Pulmonology,4,3,0,0,0
PRV-020,2026-07-20,Pulmonology,5,4,0,0,0
PRV-022,2026-07-20,Pulmonology,2,2,0,0,0
PRV-002,2026-07-21,Cardiology,1,1,0,0,0
PRV-003,2026-07-21,Cardiology,1,1,0,0,0
PRV-004,2026-07-21,Cardiology,2,2,0,0,0
PRV-005,2026-07-21,Endocrinology,2,2,0,0,0
PRV-006,2026-07-21,Endocrinology,6,6,0,0,0
PRV-007,2026-07-21,Endocrinology,3,3,0,0,0
PRV-009,2026-07-21,Orthopedics,3,2,0,0,0
PRV-012,2026-07-21,Neurology,5,4,0,0,0
PRV-013,2026-07-21,Neurology,1,1,0,0,0
PRV-014,2026-07-21,Neurology,3,3,0,0,0
PRV-015,2026-07-21,Gastroenterology,1,1,0,0,0
PRV-016,2026-07-21,Gastroenterology,4,4,0,0,0
PRV-019,2026-07-21,Pulmonology,6,4,0,0,0
PRV-020,2026-07-21,Pulmonology,1,1,0,0,0
PRV-021,2026-07-21,Pulmonology,1,1,0,0,0
PRV-022,2026-07-21,Pulmonology,4,3,0,0,0
PRV-002,2026-07-22,Cardiology,2,2,0,0,0
PRV-004,2026-07-22,Cardiology,1,1,0,0,0
PRV-005,2026-07-22,Endocrinology,1,1,0,0,0
PRV-006,2026-07-22,Endocrinology,6,6,0,0,0
PRV-010,2026-07-22,Orthopedics,1,1,0,0,0
PRV-011,2026-07-22,Orthopedics,1,1,0,0,0
PRV-012,2026-07-22,Neurology,5,4,0,0,0
PRV-013,2026-07-22,Neurology,2,2,0,0,0
PRV-014,2026-07-22,Neurology,2,2,0,0,0
PRV-015,2026-07-22,Gastroenterology,4,4,0,0,0
PRV-016,2026-07-22,Gastroenterology,1,1,0,0,0
PRV-017,2026-07-22,Gastroenterology,1,1,0,0,0
PRV-019,2026-07-22,Pulmonology,4,3,0,0,0
PRV-020,2026-07-22,Pulmonology,4,3,0,0,0
PRV-021,2026-07-22,Pulmonology,4,4,0,0,0
PRV-022,2026-07-22,Pulmonology,2,2,0,0,0
PRV-003,2026-07-23,Cardiology,7,6,0,0,0
PRV-004,2026-07-23,Cardiology,1,1,0,0,0
PRV-005,2026-07-23,Endocrinology,3,3,0,0,0
PRV-006,2026-07-23,Endocrinology,4,4,0,0,0
PRV-007,2026-07-23,Endocrinology,3,3,0,0,0
PRV-008,2026-07-23,Orthopedics,3,2,0,0,0
PRV-010,2026-07-23,Orthopedics,1,1,0,0,0
PRV-012,2026-07-23,Neurology,4,3,0,0,0
PRV-013,2026-07-23,Neurology,5,4,0,0,0
PRV-014,2026-07-23,Neurology,7,6,0,0,0
PRV-016,2026-07-23,Gastroenterology,1,1,0,0,0
PRV-017,2026-07-23,Gastroenterology,4,4,0,0,0
PRV-018,2026-07-23,Gastroenterology,1,1,0,0,0
PRV-019,2026-07-23,Pulmonology,3,2,0,0,0
PRV-020,2026-07-23,Pulmonology,4,3,0,0,0
PRV-021,2026-07-23,Pulmonology,3,3,0,0,0
PRV-022,2026-07-23,Pulmonology,2,2,0,0,0
PRV-001,2026-07-24,Cardiology,1,1,0,0,0
PRV-003,2026-07-24,Cardiology,2,2,0,0,0
PRV-005,2026-07-24,Endocrinology,6,5,0,0,0
PRV-006,2026-07-24,Endocrinology,1,1,0,0,0
PRV-007,2026-07-24,Endocrinology,2,2,0,0,0
PRV-009,2026-07-24,Orthopedics,1,1,0,0,0
PRV-010,2026-07-24,Orthopedics,1,1,0,0,0
PRV-011,2026-07-24,Orthopedics,1,1,0,0,0
PRV-012,2026-07-24,Neurology,1,1,0,0,0
PRV-013,2026-07-24,Neurology,2,2,0,0,0
PRV-014,2026-07-24,Neurology,3,3,0,0,0
PRV-015,2026-07-24,Gastroenterology,1,1,0,0,0
PRV-016,2026-07-24,Gastroenterology,1,1,0,0,0
PRV-017,2026-07-24,Gastroenterology,1,1,0,0,0
PRV-018,2026-07-24,Gastroenterology,2,2,0,0,0
PRV-019,2026-07-24,Pulmonology,1,1,0,0,0
PRV-020,2026-07-24,Pulmonology,2,2,0,0,0
PRV-021,2026-07-24,Pulmonology,2,2,0,0,0
PRV-022,2026-07-24,Pulmonology,1,1,0,0,0
PRV-001,2026-07-25,Cardiology,1,1,0,0,0
PRV-004,2026-07-25,Cardiology,1,1,0,0,0
PRV-005,2026-07-25,Endocrinology,3,3,0,0,0
PRV-006,2026-07-25,Endocrinology,5,5,0,0,0
PRV-007,2026-07-25,Endocrinology,2,2,0,0,0
PRV-009,2026-07-25,Orthopedics,1,1,0,0,0
PRV-010,2026-07-25,Orthopedics,4,4,0,0,0
PRV-011,2026-07-25,Orthopedics,1,1,0,0,0
PRV-012,2026-07-25,Neurology,2,2,0,0,0
PRV-013,2026-07-25,Neurology,6,5,0,0,0
PRV-014,2026-07-25,Neurology,3,3,0,0,0
PRV-016,2026-07-25,Gastroenterology,1,1,0,0,0
PRV-017,2026-07-25,Gastroenterology,1,1,0,0,0
PRV-018,2026-07-25,Gastroenterology,3,3,0,0,0
PRV-020,2026-07-25,Pulmonology,2,2,0,0,0
PRV-002,2026-07-26,Cardiology,1,1,0,0,0
PRV-003,2026-07-26,Cardiology,1,1,0,0,0
PRV-005,2026-07-26,Endocrinology,1,1,0,0,0
PRV-006,2026-07-26,Endocrinology,3,3,0,0,0
PRV-007,2026-07-26,Endocrinology,1,1,0,0,0
PRV-008,2026-07-26,Orthopedics,1,1,0,0,0
PRV-009,2026-07-26,Orthopedics,3,2,0,0,0
PRV-012,2026-07-26,Neurology,1,1,0,0,0
PRV-013,2026-07-26,Neurology,1,1,0,0,0
PRV-017,2026-07-26,Gastroenterology,2,2,0,0,0
PRV-018,2026-07-26,Gastroenterology,3,3,0,0,0
PRV-019,2026-07-26,Pulmonology,1,1,0,0,0
PRV-020,2026-07-26,Pulmonology,2,2,0,0,0
PRV-021,2026-07-26,Pulmonology,2,2,0,0,0
PRV-022,2026-07-26,Pulmonology,5,4,0,0,0
PRV-001,2026-07-27,Cardiology,4,3,0,0,0
PRV-002,2026-07-27,Cardiology,2,2,0,0,0
PRV-003,2026-07-27,Cardiology,2,2,0,0,0
PRV-004,2026-07-27,Cardiology,2,2,0,0,0
PRV-005,2026-07-27,Endocrinology,8,7,0,0,0
PRV-006,2026-07-27,Endocrinology,4,4,0,0,0
PRV-007,2026-07-27,Endocrinology,1,1,0,0,0
PRV-008,2026-07-27,Orthopedics,1,1,0,0,0
PRV-010,2026-07-27,Orthopedics,1,1,0,0,0
PRV-012,2026-07-27,Neurology,5,4,0,0,0
PRV-013,2026-07-27,Neurology,1,1,0,0,0
PRV-014,2026-07-27,Neurology,3,3,0,0,0
PRV-015,2026-07-27,Gastroenterology,4,4,0,0,0
PRV-019,2026-07-27,Pulmonology,4,3,0,0,0
PRV-020,2026-07-27,Pulmonology,1,1,0,0,0
PRV-021,2026-07-27,Pulmonology,1,1,0,0,0
PRV-022,2026-07-27,Pulmonology,2,2,0,0,0
PRV-001,2026-07-28,Cardiology,3,2,0,0,0
PRV-003,2026-07-28,Cardiology,2,2,0,0,0
PRV-004,2026-07-28,Cardiology,1,1,0,0,0
PRV-005,2026-07-28,Endocrinology,2,2,0,0,0
PRV-006,2026-07-28,Endocrinology,1,1,0,0,0
PRV-007,2026-07-28,Endocrinology,1,1,0,0,0
PRV-009,2026-07-28,Orthopedics,1,1,0,0,0
PRV-012,2026-07-28,Neurology,4,3,0,0,0
PRV-013,2026-07-28,Neurology,1,1,0,0,0
PRV-014,2026-07-28,Neurology,5,4,0,0,0
PRV-015,2026-07-28,Gastroenterology,1,1,0,0,0
PRV-016,2026-07-28,Gastroenterology,2,2,0,0,0
PRV-019,2026-07-28,Pulmonology,3,2,0,0,0
PRV-020,2026-07-28,Pulmonology,4,3,0,0,0
PRV-021,2026-07-28,Pulmonology,1,1,0,0,0
PRV-022,2026-07-28,Pulmonology,2,2,0,0,0
PRV-001,2026-07-29,Cardiology,1,1,0,0,0
PRV-002,2026-07-29,Cardiology,2,2,0,0,0
PRV-004,2026-07-29,Cardiology,2,2,0,0,0
PRV-005,2026-07-29,Endocrinology,3,3,0,0,0
PRV-006,2026-07-29,Endocrinology,1,1,0,0,0
PRV-010,2026-07-29,Orthopedics,3,3,0,0,0
PRV-011,2026-07-29,Orthopedics,5,4,0,0,0
PRV-012,2026-07-29,Neurology,5,4,0,0,0
PRV-013,2026-07-29,Neurology,2,2,0,0,0
PRV-015,2026-07-29,Gastroenterology,1,1,0,0,0
PRV-016,2026-07-29,Gastroenterology,1,1,0,0,0
PRV-017,2026-07-29,Gastroenterology,2,2,0,0,0
PRV-018,2026-07-29,Gastroenterology,2,2,0,0,0
PRV-019,2026-07-29,Pulmonology,4,3,0,0,0
PRV-020,2026-07-29,Pulmonology,1,1,0,0,0
PRV-021,2026-07-29,Pulmonology,3,3,0,0,0
PRV-022,2026-07-29,Pulmonology,4,3,0,0,0
PRV-001,2026-07-30,Cardiology,1,1,0,0,0
PRV-003,2026-07-30,Cardiology,1,1,0,0,0
PRV-005,2026-07-30,Endocrinology,5,4,0,0,0
PRV-006,2026-07-30,Endocrinology,4,4,0,0,0
PRV-008,2026-07-30,Orthopedics,1,1,0,0,0
PRV-010,2026-07-30,Orthopedics,1,1,0,0,0
PRV-012,2026-07-30,Neurology,1,1,0,0,0
PRV-013,2026-07-30,Neurology,2,2,0,0,0
PRV-014,2026-07-30,Neurology,1,1,0,0,0
PRV-015,2026-07-30,Gastroenterology,2,2,0,0,0
PRV-017,2026-07-30,Gastroenterology,3,3,0,0,0
PRV-018,2026-07-30,Gastroenterology,2,2,0,0,0
PRV-022,2026-07-30,Pulmonology,1,1,0,0,0
PRV-002,2026-07-31,Cardiology,2,2,0,0,0
PRV-003,2026-07-31,Cardiology,3,3,0,0,0
PRV-005,2026-07-31,Endocrinology,2,2,0,0,0
PRV-006,2026-07-31,Endocrinology,8,8,0,0,0
PRV-007,2026-07-31,Endocrinology,5,4,0,0,0
PRV-012,2026-07-31,Neurology,1,1,0,0,0
PRV-013,2026-07-31,Neurology,5,4,0,0,0
PRV-014,2026-07-31,Neurology,1,1,0,0,0
PRV-015,2026-07-31,Gastroenterology,3,3,0,0,0
PRV-016,2026-07-31,Gastroenterology,1,1,0,0,0
PRV-017,2026-07-31,Gastroenterology,4,4,0,0,0
PRV-019,2026-07-31,Pulmonology,4,3,0,0,0
PRV-020,2026-07-31,Pulmonology,1,1,0,0,0
PRV-021,2026-07-31,Pulmonology,2,2,0,0,0
PRV-002,2026-08-01,Cardiology,1,1,0,0,0
PRV-003,2026-08-01,Cardiology,1,1,0,0,0
PRV-005,2026-08-01,Endocrinology,1,1,0,0,0
PRV-006,2026-08-01,Endocrinology,1,1,0,0,0
PRV-007,2026-08-01,Endocrinology,5,4,0,0,0
PRV-012,2026-08-01,Neurology,1,1,0,0,0
PRV-014,2026-08-01,Neurology,3,3,0,0,0
PRV-015,2026-08-01,Gastroenterology,2,2,0,0,0
PRV-016,2026-08-01,Gastroenterology,1,1,0,0,0
PRV-018,2026-08-01,Gastroenterology,1,1,0,0,0
PRV-019,2026-08-01,Pulmonology,1,1,0,0,0
PRV-021,2026-08-01,Pulmonology,1,1,0,0,0
PRV-022,2026-08-01,Pulmonology,4,3,0,0,0
PRV-001,2026-08-02,Cardiology,1,1,0,0,0
PRV-004,2026-08-02,Cardiology,2,2,0,0,0
PRV-005,2026-08-02,Endocrinology,2,2,0,0,0
PRV-006,2026-08-02,Endocrinology,3,3,0,0,0
PRV-007,2026-08-02,Endocrinology,3,3,0,0,0
PRV-010,2026-08-02,Orthopedics,1,1,0,0,0
PRV-012,2026-08-02,Neurology,1,1,0,0,0
PRV-013,2026-08-02,Neurology,4,3,0,0,0
PRV-014,2026-08-02,Neurology,5,4,0,0,0
PRV-016,2026-08-02,Gastroenterology,1,1,0,0,0
PRV-018,2026-08-02,Gastroenterology,2,2,0,0,0
PRV-020,2026-08-02,Pulmonology,2,2,0,0,0
PRV-021,2026-08-02,Pulmonology,1,1,0,0,0
PRV-001,2026-08-03,Cardiology,3,2,0,0,0
PRV-004,2026-08-03,Cardiology,2,2,0,0,0
PRV-005,2026-08-03,Endocrinology,1,1,0,0,0
PRV-006,2026-08-03,Endocrinology,5,5,0,0,0
PRV-007,2026-08-03,Endocrinology,2,2,0,0,0
PRV-008,2026-08-03,Orthopedics,1,1,0,0,0
PRV-010,2026-08-03,Orthopedics,1,1,0,0,0
PRV-012,2026-08-03,Neurology,1,1,0,0,0
PRV-014,2026-08-03,Neurology,1,1,0,0,0
PRV-015,2026-08-03,Gastroenterology,3,3,0,0,0
PRV-017,2026-08-03,Gastroenterology,1,1,0,0,0
PRV-001,2026-08-04,Cardiology,1,1,0,0,0
PRV-002,2026-08-04,Cardiology,2,2,0,0,0
PRV-004,2026-08-04,Cardiology,1,1,0,0,0
PRV-005,2026-08-04,Endocrinology,3,3,0,0,0
PRV-006,2026-08-04,Endocrinology,1,1,0,0,0
PRV-007,2026-08-04,Endocrinology,2,2,0,0,0
PRV-008,2026-08-04,Orthopedics,1,1,0,0,0
PRV-012,2026-08-04,Neurology,2,2,0,0,0
PRV-013,2026-08-04,Neurology,1,1,0,0,0
PRV-014,2026-08-04,Neurology,1,1,0,0,0
PRV-015,2026-08-04,Gastroenterology,1,1,0,0,0
PRV-016,2026-08-04,Gastroenterology,1,1,0,0,0
PRV-018,2026-08-04,Gastroenterology,1,1,0,0,0
PRV-019,2026-08-04,Pulmonology,1,1,0,0,0
PRV-020,2026-08-04,Pulmonology,1,1,0,0,0
PRV-021,2026-08-04,Pulmonology,1,1,0,0,0
PRV-006,2026-08-05,Endocrinology,1,1,0,0,0
PRV-007,2026-08-05,Endocrinology,1,1,0,0,0
PRV-010,2026-08-05,Orthopedics,1,1,0,0,0
PRV-011,2026-08-05,Orthopedics,1,1,0,0,0
PRV-012,2026-08-05,Neurology,1,1,0,0,0
PRV-013,2026-08-05,Neurology,1,1,0,0,0
PRV-014,2026-08-05,Neurology,1,1,0,0,0
PRV-015,2026-08-05,Gastroenterology,1,1,0,0,0
PRV-018,2026-08-05,Gastroenterology,1,1,0,0,0
PRV-020,2026-08-05,Pulmonology,1,1,0,0,0
PRV-021,2026-08-05,Pulmonology,1,1,0,0,0
PRV-022,2026-08-05,Pulmonology,1,1,0,0,0
PRV-004,2026-08-06,Cardiology,1,1,0,0,0
PRV-005,2026-08-06,Endocrinology,1,1,0,0,0
PRV-007,2026-08-06,Endocrinology,2,2,0,0,0
PRV-009,2026-08-06,Orthopedics,1,1,0,0,0
PRV-012,2026-08-06,Neurology,4,3,0,0,0
PRV-013,2026-08-06,Neurology,2,2,0,0,0
PRV-015,2026-08-06,Gastroenterology,1,1,0,0,0
PRV-018,2026-08-06,Gastroenterology,1,1,0,0,0
PRV-019,2026-08-06,Pulmonology,3,2,0,0,0
PRV-021,2026-08-06,Pulmonology,2,2,0,0,0
PRV-022,2026-08-06,Pulmonology,4,3,0,0,0
PRV-002,2026-08-07,Cardiology,1,1,0,0,0
PRV-006,2026-08-07,Endocrinology,1,1,0,0,0
PRV-007,2026-08-07,Endocrinology,2,2,0,0,0
PRV-012,2026-08-07,Neurology,1,1,0,0,0
PRV-013,2026-08-07,Neurology,2,2,0,0,0
PRV-014,2026-08-07,Neurology,1,1,0,0,0
PRV-021,2026-08-07,Pulmonology,4,4,0,0,0
PRV-022,2026-08-07,Pulmonology,2,2,0,0,0
PRV-002,2026-08-08,Cardiology,1,1,0,0,0
PRV-003,2026-08-08,Cardiology,1,1,0,0,0
PRV-004,2026-08-08,Cardiology,2,2,0,0,0
PRV-005,2026-08-08,Endocrinology,5,4,0,0,0
PRV-006,2026-08-08,Endocrinology,2,2,0,0,0
PRV-007,2026-08-08,Endocrinology,1,1,0,0,0
PRV-012,2026-08-08,Neurology,1,1,0,0,0
PRV-013,2026-08-08,Neurology,2,2,0,0,0
PRV-014,2026-08-08,Neurology,3,3,0,0,0
PRV-016,2026-08-08,Gastroenterology,1,1,0,0,0
PRV-017,2026-08-08,Gastroenterology,2,2,0,0,0
PRV-018,2026-08-08,Gastroenterology,1,1,0,0,0
PRV-019,2026-08-08,Pulmonology,1,1,0,0,0
PRV-022,2026-08-08,Pulmonology,2,2,0,0,0
PRV-005,2026-08-09,Endocrinology,1,1,0,0,0
PRV-006,2026-08-09,Endocrinology,2,2,0,0,0
PRV-007,2026-08-09,Endocrinology,2,2,0,0,0
PRV-009,2026-08-09,Orthopedics,1,1,0,0,0
PRV-013,2026-08-09,Neurology,1,1,0,0,0
PRV-014,2026-08-09,Neurology,1,1,0,0,0
PRV-016,2026-08-09,Gastroenterology,1,1,0,0,0
PRV-019,2026-08-09,Pulmonology,1,1,0,0,0
PRV-022,2026-08-09,Pulmonology,1,1,0,0,0
PRV-001,2026-08-10,Cardiology,1,1,0,0,0
PRV-004,2026-08-10,Cardiology,1,1,0,0,0
PRV-005,2026-08-10,Endocrinology,3,3,0,0,0
PRV-006,2026-08-10,Endocrinology,1,1,0,0,0
PRV-007,2026-08-10,Endocrinology,1,1,0,0,0
PRV-012,2026-08-10,Neurology,1,1,0,0,0
PRV-014,2026-08-10,Neurology,1,1,0,0,0
PRV-015,2026-08-10,Gastroenterology,1,1,0,0,0
PRV-016,2026-08-10,Gastroenterology,1,1,0,0,0
PRV-018,2026-08-10,Gastroenterology,2,2,0,0,0
PRV-020,2026-08-10,Pulmonology,1,1,0,0,0
PRV-021,2026-08-10,Pulmonology,2,2,0,0,0
PRV-005,2026-08-11,Endocrinology,2,2,0,0,0
PRV-006,2026-08-11,Endocrinology,1,1,0,0,0
PRV-012,2026-08-11,Neurology,1,1,0,0,0
PRV-013,2026-08-11,Neurology,4,3,0,0,0
PRV-014,2026-08-11,Neurology,3,3,0,0,0
PRV-017,2026-08-11,Gastroenterology,1,1,0,0,0
PRV-020,2026-08-11,Pulmonology,2,2,0,0,0
PRV-022,2026-08-11,Pulmonology,1,1,0,0,0
PRV-002,2026-08-12,Cardiology,1,1,0,0,0
PRV-005,2026-08-12,Endocrinology,1,1,0,0,0
PRV-007,2026-08-12,Endocrinology,1,1,0,0,0
PRV-013,2026-08-12,Neurology,1,1,0,0,0
PRV-014,2026-08-12,Neurology,1,1,0,0,0
PRV-019,2026-08-12,Pulmonology,1,1,0,0,0
PRV-001,2026-08-13,Cardiology,1,1,0,0,0
PRV-004,2026-08-13,Cardiology,1,1,0,0,0
PRV-006,2026-08-13,Endocrinology,1,1,0,0,0
PRV-013,2026-08-13,Neurology,1,1,0,0,0
PRV-014,2026-08-13,Neurology,2,2,0,0,0
PRV-016,2026-08-13,Gastroenterology,1,1,0,0,0
PRV-017,2026-08-13,Gastroenterology,1,1,0,0,0
PRV-018,2026-08-13,Gastroenterology,1,1,0,0,0
PRV-019,2026-08-13,Pulmonology,1,1,0,0,0
PRV-021,2026-08-13,Pulmonology,1,1,0,0,0
PRV-022,2026-08-13,Pulmonology,1,1,0,0,0
PRV-001,2026-08-14,Cardiology,1,1,0,0,0
PRV-002,2026-08-14,Cardiology,1,1,0,0,0
PRV-003,2026-08-14,Cardiology,1,1,0,0,0
PRV-004,2026-08-14,Cardiology,1,1,0,0,0
PRV-006,2026-08-14,Endocrinology,3,3,0,0,0
PRV-007,2026-08-14,Endocrinology,2,2,0,0,0
PRV-013,2026-08-14,Neurology,1,1,0,0,0
PRV-014,2026-08-14,Neurology,2,2,0,0,0
PRV-017,2026-08-14,Gastroenterology,1,1,0,0,0
PRV-018,2026-08-14,Gastroenterology,2,2,0,0,0
PRV-019,2026-08-14,Pulmonology,1,1,0,0,0
PRV-020,2026-08-14,Pulmonology,1,1,0,0,0
PRV-006,2026-08-15,Endocrinology,1,1,0,0,0
PRV-007,2026-08-15,Endocrinology,1,1,0,0,0
PRV-014,2026-08-15,Neurology,2,2,0,0,0
PRV-015,2026-08-15,Gastroenterology,2,2,0,0,0
PRV-018,2026-08-15,Gastroenterology,1,1,0,0,0
PRV-021,2026-08-15,Pulmonology,1,1,0,0,0
PRV-006,2026-08-16,Endocrinology,2,2,0,0,0
PRV-007,2026-08-16,Endocrinology,6,5,0,0,0
PRV-012,2026-08-16,Neurology,1,1,0,0,0
PRV-016,2026-08-16,Gastroenterology,1,1,0,0,0
PRV-022,2026-08-16,Pulmonology,1,1,0,0,0
PRV-002,2026-08-17,Cardiology,1,1,0,0,0
PRV-005,2026-08-17,Endocrinology,2,2,0,0,0
PRV-006,2026-08-17,Endocrinology,2,2,0,0,0
PRV-007,2026-08-17,Endocrinology,5,4,0,0,0
PRV-012,2026-08-17,Neurology,1,1,0,0,0
PRV-018,2026-08-17,Gastroenterology,2,2,0,0,0
PRV-019,2026-08-17,Pulmonology,1,1,0,0,0
PRV-020,2026-08-17,Pulmonology,2,2,0,0,0
PRV-021,2026-08-17,Pulmonology,1,1,0,0,0
PRV-001,2026-08-18,Cardiology,1,1,0,0,0
PRV-005,2026-08-18,Endocrinology,1,1,0,0,0
PRV-012,2026-08-18,Neurology,1,1,0,0,0
PRV-013,2026-08-18,Neurology,1,1,0,0,0
PRV-017,2026-08-18,Gastroenterology,2,2,0,0,0
PRV-018,2026-08-18,Gastroenterology,2,2,0,0,0
PRV-019,2026-08-18,Pulmonology,1,1,0,0,0
PRV-003,2026-08-19,Cardiology,1,1,0,0,0
PRV-006,2026-08-19,Endocrinology,2,2,0,0,0
PRV-013,2026-08-19,Neurology,1,1,0,0,0
PRV-014,2026-08-19,Neurology,2,2,0,0,0
PRV-015,2026-08-19,Gastroenterology,1,1,0,0,0
PRV-017,2026-08-19,Gastroenterology,2,2,0,0,0
PRV-019,2026-08-19,Pulmonology,1,1,0,0,0
PRV-003,2026-08-20,Cardiology,2,2,0,0,0
PRV-010,2026-08-20,Orthopedics,1,1,0,0,0
PRV-012,2026-08-20,Neurology,1,1,0,0,0
PRV-014,2026-08-20,Neurology,2,2,0,0,0
PRV-015,2026-08-20,Gastroenterology,1,1,0,0,0
PRV-016,2026-08-20,Gastroenterology,1,1,0,0,0
PRV-018,2026-08-20,Gastroenterology,1,1,0,0,0
PRV-020,2026-08-20,Pulmonology,1,1,0,0,0
PRV-003,2026-08-21,Cardiology,1,1,0,0,0
PRV-006,2026-08-21,Endocrinology,1,1,0,0,0
PRV-007,2026-08-21,Endocrinology,1,1,0,0,0
PRV-005,2026-08-22,Endocrinology,1,1,0,0,0
PRV-006,2026-08-22,Endocrinology,1,1,0,0,0
PRV-012,2026-08-22,Neurology,1,1,0,0,0
PRV-013,2026-08-22,Neurology,1,1,0,0,0
PRV-014,2026-08-22,Neurology,1,1,0,0,0
PRV-018,2026-08-22,Gastroenterology,1,1,0,0,0
PRV-005,2026-08-23,Endocrinology,1,1,0,0,0
PRV-006,2026-08-23,Endocrinology,1,1,0,0,0
PRV-007,2026-08-23,Endocrinology,1,1,0,0,0
PRV-014,2026-08-23,Neurology,1,1,0,0,0
PRV-016,2026-08-23,Gastroenterology,2,2,0,0,0
PRV-022,2026-08-23,Pulmonology,1,1,0,0,0
PRV-012,2026-08-24,Neurology,1,1,0,0,0
PRV-013,2026-08-24,Neurology,5,4,0,0,0
PRV-014,2026-08-24,Neurology,1,1,0,0,0
PRV-015,2026-08-24,Gastroenterology,1,1,0,0,0
PRV-017,2026-08-24,Gastroenterology,1,1,0,0,0
PRV-019,2026-08-24,Pulmonology,1,1,0,0,0
PRV-020,2026-08-24,Pulmonology,1,1,0,0,0
PRV-021,2026-08-24,Pulmonology,1,1,0,0,0
PRV-022,2026-08-24,Pulmonology,1,1,0,0,0
PRV-004,2026-08-25,Cardiology,1,1,0,0,0
PRV-013,2026-08-25,Neurology,2,2,0,0,0
PRV-014,2026-08-25,Neurology,1,1,0,0,0
PRV-016,2026-08-25,Gastroenterology,1,1,0,0,0
PRV-020,2026-08-25,Pulmonology,1,1,0,0,0
PRV-021,2026-08-25,Pulmonology,1,1,0,0,0
PRV-003,2026-08-26,Cardiology,1,1,0,0,0
PRV-006,2026-08-26,Endocrinology,1,1,0,0,0
PRV-013,2026-08-26,Neurology,1,1,0,0,0
PRV-016,2026-08-26,Gastroenterology,2,2,0,0,0
PRV-017,2026-08-26,Gastroenterology,1,1,0,0,0
PRV-005,2026-08-27,Endocrinology,1,1,0,0,0
PRV-007,2026-08-27,Endocrinology,2,2,0,0,0
PRV-013,2026-08-27,Neurology,1,1,0,0,0
PRV-014,2026-08-27,Neurology,1,1,0,0,0
PRV-017,2026-08-27,Gastroenterology,1,1,0,0,0
PRV-006,2026-08-28,Endocrinology,1,1,0,0,0
PRV-014,2026-08-28,Neurology,2,2,0,0,0
PRV-017,2026-08-28,Gastroenterology,1,1,0,0,0
PRV-022,2026-08-28,Pulmonology,1,1,0,0,0
PRV-006,2026-08-29,Endocrinology,2,2,0,0,0
PRV-007,2026-08-29,Endocrinology,1,1,0,0,0
PRV-012,2026-08-29,Neurology,1,1,0,0,0
PRV-014,2026-08-29,Neurology,1,1,0,0,0
PRV-018,2026-08-29,Gastroenterology,1,1,0,0,0
PRV-020,2026-08-29,Pulmonology,1,1,0,0,0
PRV-004,2026-08-30,Cardiology,1,1,0,0,0
PRV-006,2026-08-30,Endocrinology,1,1,0,0,0
PRV-007,2026-08-30,Endocrinology,1,1,0,0,0
PRV-013,2026-08-30,Neurology,2,2,0,0,0
PRV-018,2026-08-30,Gastroenterology,1,1,0,0,0
PRV-004,2026-08-31,Cardiology,1,1,0,0,0
PRV-005,2026-08-31,Endocrinology,1,1,0,0,0
PRV-006,2026-08-31,Endocrinology,1,1,0,0,0
PRV-007,2026-08-31,Endocrinology,2,2,0,0,0
PRV-012,2026-08-31,Neurology,1,1,0,0,0
PRV-013,2026-08-31,Neurology,1,1,0,0,0
PRV-012,2026-09-01,Neurology,2,2,0,0,0
PRV-015,2026-09-01,Gastroenterology,1,1,0,0,0
PRV-021,2026-09-02,Pulmonology,1,1,0,0,0
PRV-005,2026-09-03,Endocrinology,1,1,0,0,0
PRV-007,2026-09-03,Endocrinology,1,1,0,0,0
PRV-010,2026-09-03,Orthopedics,1,1,0,0,0
PRV-013,2026-09-03,Neurology,1,1,0,0,0
PRV-016,2026-09-03,Gastroenterology,1,1,0,0,0
PRV-021,2026-09-03,Pulmonology,1,1,0,0,0
PRV-006,2026-09-04,Endocrinology,2,2,0,0,0
PRV-010,2026-09-04,Orthopedics,1,1,0,0,0
PRV-022,2026-09-04,Pulmonology,1,1,0,0,0
PRV-005,2026-09-05,Endocrinology,1,1,0,0,0
PRV-006,2026-09-05,Endocrinology,1,1,0,0,0
PRV-012,2026-09-05,Neurology,1,1,0,0,0
PRV-013,2026-09-05,Neurology,1,1,0,0,0
PRV-022,2026-09-05,Pulmonology,1,1,0,0,0
PRV-003,2026-09-06,Cardiology,1,1,0,0,0
PRV-006,2026-09-06,Endocrinology,1,1,0,0,0
PRV-016,2026-09-06,Gastroenterology,1,1,0,0,0
PRV-019,2026-09-06,Pulmonology,1,1,0,0,0
PRV-020,2026-09-06,Pulmonology,1,1,0,0,0
PRV-006,2026-09-07,Endocrinology,1,1,0,0,0
PRV-014,2026-09-07,Neurology,1,1,0,0,0
PRV-009,2026-09-08,Orthopedics,1,1,0,0,0
PRV-012,2026-09-08,Neurology,1,1,0,0,0
PRV-022,2026-09-08,Pulmonology,1,1,0,0,0
PRV-005,2026-09-09,Endocrinology,2,2,0,0,0
PRV-006,2026-09-09,Endocrinology,2,2,0,0,0
PRV-019,2026-09-09,Pulmonology,1,1,0,0,0
PRV-005,2026-09-10,Endocrinology,1,1,0,0,0
PRV-007,2026-09-10,Endocrinology,1,1,0,0,0
PRV-004,2026-09-11,Cardiology,1,1,0,0,0
PRV-008,2026-09-11,Orthopedics,1,1,0,0,0
PRV-013,2026-09-11,Neurology,1,1,0,0,0
PRV-016,2026-09-11,Gastroenterology,1,1,0,0,0
PRV-005,2026-09-12,Endocrinology,1,1,0,0,0
PRV-007,2026-09-12,Endocrinology,1,1,0,0,0
PRV-005,2026-09-13,Endocrinology,2,2,0,0,0
PRV-013,2026-09-13,Neurology,1,1,0,0,0
PRV-015,2026-09-13,Gastroenterology,1,1,0,0,0
PRV-016,2026-09-13,Gastroenterology,1,1,0,0,0
PRV-006,2026-09-14,Endocrinology,1,1,0,0,0
PRV-019,2026-09-15,Pulmonology,1,1,0,0,0
PRV-005,2026-09-16,Endocrinology,1,1,0,0,0
PRV-014,2026-09-16,Neurology,1,1,0,0,0
PRV-005,2026-09-17,Endocrinology,1,1,0,0,0
PRV-006,2026-09-17,Endocrinology,1,1,0,0,0
PRV-013,2026-09-17,Neurology,1,1,0,0,0
PRV-013,2026-09-18,Neurology,1,1,0,0,0
PRV-015,2026-09-18,Gastroenterology,1,1,0,0,0
PRV-016,2026-09-18,Gastroenterology,1,1,0,0,0
PRV-006,2026-09-19,Endocrinology,1,1,0,0,0
PRV-013,2026-09-19,Neurology,1,1,0,0,0
PRV-014,2026-09-19,Neurology,1,1,0,0,0
PRV-014,2026-09-20,Neurology,1,1,0,0,0
PRV-017,2026-09-20,Gastroenterology,1,1,0,0,0
PRV-006,2026-09-22,Endocrinology,1,1,0,0,0
PRV-020,2026-09-23,Pulmonology,1,1,0,0,0
PRV-007,2026-09-24,Endocrinology,2,2,0,0,0
PRV-004,2026-09-25,Cardiology,1,1,0,0,0
PRV-007,2026-09-25,Endocrinology,1,1,0,0,0
PRV-016,2026-09-25,Gastroenterology,1,1,0,0,0
PRV-012,2026-09-26,Neurology,1,1,0,0,0
PRV-013,2026-09-26,Neurology,2,2,0,0,0
PRV-016,2026-09-26,Gastroenterology,1,1,0,0,0
PRV-015,2026-09-27,Gastroenterology,1,1,0,0,0
PRV-007,2026-09-28,Endocrinology,1,1,0,0,0
PRV-013,2026-09-28,Neurology,2,2,0,0,0
PRV-021,2026-09-28,Pulmonology,1,1,0,0,0
PRV-015,2026-09-30,Gastroenterology,1,1,0,0,0
PRV-013,2026-10-01,Neurology,1,1,0,0,0
PRV-017,2026-10-01,Gastroenterology,1,1,0,0,0
PRV-006,2026-10-02,Endocrinology,1,1,0,0,0
PRV-006,2026-10-04,Endocrinology,2,2,0,0,0
PRV-014,2026-10-07,Neurology,1,1,0,0,0
PRV-005,2026-10-08,Endocrinology,1,1,0,0,0
PRV-007,2026-10-10,Endocrinology,1,1,0,0,0
PRV-015,2026-10-13,Gastroenterology,1,1,0,0,0
PRV-012,2026-10-14,Neurology,1,1,0,0,0
PRV-003,2026-10-17,Cardiology,1,1,0,0,0
PRV-005,2026-10-22,Endocrinology,1,1,0,0,0
PRV-006,2026-10-29,Endocrinology,1,1,0,0,0
PRV-005,2026-11-05,Endocrinology,1,1,0,0,0
PRV-014,2026-11-05,Neurology,1,1,0,0,0
PRV-005,2026-11-15,Endocrinology,1,1,0,0,0
PRV-015,2026-11-15,Gastroenterology,1,1,0,0,0
PRV-006,2026-11-16,Endocrinology,1,1,0,0,0
PRV-014,2026-11-24,Neurology,1,1,0,0,0
PRV-006,2026-11-25,Endocrinology,1,1,0,0,0
PRV-012,2026-11-27,Neurology,1,1,0,0,0
PRV-015,2026-12-15,Gastroenterology,1,1,0,0,0
PRV-006,2026-12-17,Endocrinology,1,1,0,0,0
PRV-007,2027-01-17,Endocrinology,1,1,0,0,0
